{
    "OUT_OF_STATE": [
        "33003FREE01",
        "33003WAKE01",
        "33003EFFI01",
        "330150RYE01",
        "33015SALE01",
        "33015PLAI01",
        "33015NEWT01",
        "33017MILT01",
        "33017ROCH05",
        "33003CONW01",
        "33003CHAT01",
        "33011NASH05",
        "33017DOVE02",
        "33011NASH09",
        "33011NIPS01",
        "33007STEW01",
        "33011HUDS01",
        "33007COLE01",
        "33007PITB01",
        "33019CLAR03",
        "33009LEBA01",
        "33009BATH01",
        "33009HANO01",
        "33009HAVE01",
        "33017DOVE03",
        "33005WINC01",
        "33005CHES01",
        "33019CHAR01",
        "33019CORN01",
        "33009LYME01",
        "33005FITZ01",
        "33019PLFD01",
        "33011MASO01",
        "33015ATKI01",
        "33015SEAB01",
        "33009LITT01",
        "33005RIND01",
        "33005HINS01",
        "33007NORU01",
        "33007ERRO01",
        "33007STRT01",
        "33011HOLL01",
        "33011PELH01",
        "33017ROCH01",
        "33017SOME01",
        "33019CLAR02",
        "33005WALP01",
        "33007COLU01",
        "33007LANC01",
        "33015PORT05",
        "33015PORT01",
        "33015SOHA01",
        "33003EATO01",
        "33017SOME05",
        "33011NASH07",
        "33007CLAR01",
        "33007SECO01",
        "33007SHEL01",
        "33017ROLL01",
        "33005RICH01",
        "33005WEST01",
        "33009MONR01",
        "33015NWIN01",
        "33011NASH08",
        "33009ORFO01",
        "33007SUCC01",
        "33007DALT01",
        "33011BRKL01",
        "33009PIER01",
        "33007ATGT01",
        "33015NCAS01",
        "33007CAMB01",
        "33007BPUR01",
        "33007WENL01",
        "33015ZZZZZZ"
    ],
    "33003FREE01": [
        "33003OSSI01",
        "33003EFFI01",
        "33003EATO01",
        "33003MADI01",
        "OUT_OF_STATE"
    ],
    "33003WAKE01": [
        "33017MIDD01",
        "33017MILT01",
        "33003BROO01",
        "33003OSSI01",
        "33003EFFI01",
        "33003WOLF01",
        "OUT_OF_STATE"
    ],
    "33003EFFI01": [
        "33003FREE01",
        "33003WAKE01",
        "33003OSSI01",
        "OUT_OF_STATE"
    ],
    "33003BART01": [
        "33003HALE01",
        "33003JACK01",
        "33003ALBA01",
        "33009LIVE01",
        "33003CHAT01",
        "33007HADL01",
        "33003HART01",
        "33003CONW01",
        "33007SARG01"
    ],
    "33003TAMW01": [
        "33003SAND01",
        "33003ALBA01",
        "33003OSSI01",
        "33003MOUL01",
        "33003MADI01"
    ],
    "33003MOUL01": [
        "33003TUFT01",
        "33001MERE01",
        "33003SAND01",
        "33001CENT01",
        "33003TAMW01",
        "33009HOLD01",
        "33001ALTO01",
        "33001GILF01",
        "33003OSSI01"
    ],
    "33001ALTO01": [
        "33003TUFT01",
        "33003MOUL01",
        "33001GILM01",
        "33017NDUR01",
        "33001BARN01",
        "33003WOLF01",
        "33001GILF01"
    ],
    "33001BELM01": [
        "33001LACO03",
        "33001TILT01",
        "33001GILF01",
        "33001GILM01",
        "33013NFLD01",
        "33001SANB01",
        "33001LACO04"
    ],
    "33001NEWH01": [
        "33009BRIS01",
        "33001MERE01",
        "33009ASHL01",
        "33001CENT01",
        "33013HILL01",
        "33009BRID01",
        "33001SANB01"
    ],
    "33001LACO01": [
        "33001LACO03",
        "33001LACO06",
        "33001MERE01",
        "33001LACO02",
        "33001GILF01"
    ],
    "33001GILM01": [
        "33013CANT01",
        "33001BELM01",
        "33013LOUD01",
        "33001BARN01",
        "33001ALTO01",
        "33001GILF01"
    ],
    "33015FREM01": [
        "33015BREN01",
        "33015EPPI01",
        "33015RAYM01",
        "33015SNDN01",
        "33015DANV01",
        "33015CHSR01",
        "33015KING01"
    ],
    "33015WNDM01": [
        "33011PELH01",
        "33015SALE01",
        "33015DERR02",
        "33011HUDS01",
        "33015LOND01",
        "33015DERR01"
    ],
    "33015DERR02": [
        "33015SALE01",
        "33015WNDM01",
        "33015SNDN01",
        "33015HMST01",
        "33015CHSR01",
        "33015DERR04",
        "33015DERR03",
        "33015DERR01",
        "33015ATKI01"
    ],
    "33015PORT02": [
        "33015PORT03",
        "33015PORT05",
        "33015PORT04",
        "33015PORT01"
    ],
    "330150RYE01": [
        "33015NOHA01",
        "33015PORT03",
        "33015GRND01",
        "33015ZZZZZZ",
        "33015PORT05",
        "33015PORT04",
        "33015NCAS01",
        "OUT_OF_STATE"
    ],
    "33015SNDN01": [
        "33015DERR02",
        "33015DANV01",
        "33015FREM01",
        "33015HMST01",
        "33015CHSR01"
    ],
    "33015HMTN01": [
        "33015HAFA01",
        "33015NOHA01",
        "33015SEAB01",
        "33015ZZZZZZ",
        "33015EXET01"
    ],
    "33015PORT04": [
        "33015PORT03",
        "330150RYE01",
        "33015PORT05",
        "33015PORT02"
    ],
    "33015PORT03": [
        "33015PORT01",
        "330150RYE01",
        "33015PORT04",
        "33015PORT02",
        "33015GRND01",
        "33015NWIN01"
    ],
    "33015SALE01": [
        "33015DERR02",
        "33011PELH01",
        "33015WNDM01",
        "33015ATKI01",
        "OUT_OF_STATE"
    ],
    "33015NMAR01": [
        "33015NEWF01",
        "33015STRM01",
        "33015EPPI01",
        "33017DURH01",
        "33015GRND01",
        "330170LEE01",
        "33015NWIN01"
    ],
    "33015DANV01": [
        "33015FREM01",
        "33015HMST01",
        "33015SNDN01",
        "33015KING01"
    ],
    "33015PLAI01": [
        "33015NEWT01",
        "33015ATKI01",
        "33015HMST01",
        "33015KING01",
        "OUT_OF_STATE"
    ],
    "33015EPPI01": [
        "33015BREN01",
        "33015NEWF01",
        "330170LEE01",
        "33015FREM01",
        "33015NMAR01",
        "33015RAYM01",
        "33015EXET01",
        "33015NOTT01"
    ],
    "33015NOTT01": [
        "33015DFLD01",
        "33015EPPI01",
        "33015NTHW01",
        "33015RAYM01",
        "330170LEE01",
        "33017BARR01"
    ],
    "33015EXET01": [
        "33015HAFA01",
        "33015BREN01",
        "33015NEWF01",
        "33015STRM01",
        "33015EPPI01",
        "33015EKIN01",
        "33015KENS01",
        "33015HMTN01",
        "33015KING01"
    ],
    "33015NEWT01": [
        "33015PLAI01",
        "33015SOHA01",
        "33015EKIN01",
        "33015KING01",
        "OUT_OF_STATE"
    ],
    "33015DFLD01": [
        "33013ALLE01",
        "33015CAND01",
        "33013EPSO01",
        "33015NTHW01",
        "33015RAYM01",
        "33015NOTT01"
    ],
    "33015LOND01": [
        "33015WNDM01",
        "33011MANC08",
        "33011LITC01",
        "33015DERR04",
        "33011MANC06",
        "33015AUBU01",
        "33015DERR03",
        "33011HUDS01",
        "33015DERR01"
    ],
    "33015KING01": [
        "33015BREN01",
        "33015EKIN01",
        "33015DANV01",
        "33015FREM01",
        "33015HMST01",
        "33015NEWT01",
        "33015PLAI01",
        "33015EXET01"
    ],
    "33013PEMB01": [
        "33013CONC10",
        "33013ALLE01",
        "330130BOW01",
        "33013EPSO01",
        "33013CHIC01",
        "33013LOUD01",
        "33013CONC08"
    ],
    "33013WEBS01": [
        "33013WARN01",
        "33013BOSC01",
        "33013CONC01",
        "33013HOPK01",
        "33013SALI01"
    ],
    "33013WARN01": [
        "33013WILM01",
        "33013SUTT01",
        "33013ANDO01",
        "33013BRAD01",
        "33013HENN01",
        "33013WEBS01",
        "33013SALI01",
        "33013HOPK01"
    ],
    "33013BRAD01": [
        "33013SUTT01",
        "33013NBRY01",
        "33013WARN01",
        "33011HILS01",
        "33013HENN01",
        "33019WASH01"
    ],
    "33013ALLE01": [
        "33015DFLD01",
        "33013HOOK01",
        "330130BOW01",
        "33013EPSO01",
        "33013PEMB01"
    ],
    "33013FRAN01": [
        "33013ANDO01",
        "33013BOSC01",
        "33013HILL01",
        "33013FRAN02",
        "33001SANB01",
        "33013FRAN03",
        "33013SALI01",
        "33013NFLD01"
    ],
    "33013CONC08": [
        "33013CONC10",
        "330130BOW01",
        "33013CONC06",
        "33013PEMB01",
        "33013CONC04",
        "33013CONC09"
    ],
    "33013DUNB01": [
        "33013HOOK01",
        "330130BOW01",
        "33011WEAR01",
        "33013HOPK01",
        "33011GOFF01"
    ],
    "33015DERR01": [
        "33015LOND01",
        "33015WNDM01",
        "33015DERR02",
        "33015DERR04"
    ],
    "33015GRND01": [
        "33015PORT03",
        "33015NOHA01",
        "330150RYE01",
        "33015STRM01",
        "33015NMAR01",
        "33015NWIN01"
    ],
    "33017MILT01": [
        "33017MIDD01",
        "33017ROCH05",
        "33003WAKE01",
        "33017FARM01",
        "OUT_OF_STATE"
    ],
    "33017ROCH05": [
        "33017MILT01",
        "33017BARR01",
        "33017ROCH06",
        "33017ROCH03",
        "33017STFD01",
        "33017ROCH04",
        "33017ROCH01",
        "33017FARM01",
        "OUT_OF_STATE"
    ],
    "330170LEE01": [
        "33015EPPI01",
        "33017DURH01",
        "33015NMAR01",
        "33017BARR01",
        "33017MADB01",
        "33015NOTT01"
    ],
    "33017SOME03": [
        "33017DOVE06",
        "33017SOME05",
        "33017SOME02",
        "33017SOME04"
    ],
    "33003OSSI01": [
        "33003TUFT01",
        "33003TAMW01",
        "33003MOUL01",
        "33003WOLF01",
        "33003MADI01",
        "33003FREE01",
        "33003WAKE01",
        "33003EFFI01"
    ],
    "33003JACK01": [
        "33003BART01",
        "33007BPUR01",
        "33007PINK01",
        "33003CHAT01",
        "33007SARG01"
    ],
    "33017DOVE06": [
        "33017SOME03",
        "33017ROLL01",
        "33017DOVE01",
        "33017SOME02",
        "33017DOVE05",
        "33017ROCH03",
        "33017SOME04"
    ],
    "33003WOLF01": [
        "33003TUFT01",
        "33003BROO01",
        "33003WAKE01",
        "33017NDUR01",
        "33003OSSI01",
        "33001ALTO01"
    ],
    "33003CONW01": [
        "33003BART01",
        "33003MADI01",
        "33003HALE01",
        "33003ALBA01",
        "33003EATO01",
        "33003CHAT01",
        "OUT_OF_STATE"
    ],
    "33003SAND01": [
        "33009THOR01",
        "33009WATE01",
        "33003TAMW01",
        "33009HOLD01",
        "33003ALBA01",
        "33009CAMP01",
        "33003MOUL01"
    ],
    "33003CHAT01": [
        "33007BPUR01",
        "33003BART01",
        "33003CONW01",
        "33003JACK01",
        "OUT_OF_STATE"
    ],
    "33003ALBA01": [
        "33003BART01",
        "33003HALE01",
        "33003SAND01",
        "33003TAMW01",
        "33009LIVE01",
        "33003MADI01",
        "33009WATE01",
        "33003CONW01"
    ],
    "33011MANC08": [
        "33011BEDF01",
        "33011MERR01",
        "33011MANC06",
        "33015LOND01",
        "33011MANC09",
        "33011MANC07",
        "33011LITC01"
    ],
    "33011MANC09": [
        "33011BEDF01",
        "33011MANC03",
        "33011MANC10",
        "33011MANC08",
        "33011MANC07"
    ],
    "33011DRNG01": [
        "33011WEAR01",
        "33011ANTR01",
        "33011FRNT01",
        "33011BENN01",
        "33011HILS01",
        "33013HENN01"
    ],
    "33011BEDF01": [
        "33011MERR01",
        "33011AMHE01",
        "33011NBOS01",
        "33011MANC10",
        "33011MANC08",
        "33011MANC09",
        "33011GOFF01"
    ],
    "33011NASH05": [
        "33011HOLL01",
        "33011NASH01",
        "33011NASH09",
        "33011NASH04",
        "33011NASH06",
        "OUT_OF_STATE"
    ],
    "33011NASH03": [
        "33011MERR01",
        "33011HUDS01",
        "33011NASH02",
        "33011LITC01",
        "33011NASH04",
        "33011NASH07"
    ],
    "33011MERR01": [
        "33011HOLL01",
        "33011AMHE01",
        "33011NASH03",
        "33011MANC08",
        "33011LITC01",
        "33011BEDF01",
        "33011NASH01",
        "33011NASH02"
    ],
    "33011NASH04": [
        "33011NASH03",
        "33011NASH05",
        "33011NASH01",
        "33011NASH02",
        "33011NASH06",
        "33011NASH07"
    ],
    "33017DOVE01": [
        "33017DOVE06",
        "33017ROLL01",
        "33017DOVE02",
        "33017DOVE05"
    ],
    "33017ROCH04": [
        "33017ROCH02",
        "33017ROCH06",
        "33017ROCH03",
        "33017ROCH05"
    ],
    "33011WILT01": [
        "33011LYND01",
        "33011MILF01",
        "33011TEMP01",
        "33011MASO01",
        "33011GRNV01"
    ],
    "33011NBOS01": [
        "33011LYND01",
        "33011BEDF01",
        "33011FRNT01",
        "33011WEAR01",
        "33011AMHE01",
        "33011MONT01",
        "33011GOFF01"
    ],
    "33011ANTR01": [
        "33005STOD01",
        "33011DRNG01",
        "33005NELS01",
        "33011HANC01",
        "33011BENN01",
        "33011WNDS01",
        "33011HILS01"
    ],
    "33011MANC01": [
        "33011MANC02",
        "33013HOOK01",
        "33011MANC12",
        "33011MANC03"
    ],
    "33011MANC03": [
        "33011MANC01",
        "33011MANC05",
        "33011MANC10",
        "33011MANC11",
        "33011MANC09",
        "33011MANC12",
        "33011MANC02",
        "33011MANC07",
        "33011MANC04"
    ],
    "33007BERL03": [
        "33007SUCC01",
        "33007GORH01",
        "33007BERL02",
        "33007BERL01"
    ],
    "33017DOVE02": [
        "33017ROLL01",
        "33017DOVE01",
        "33017DOVE03",
        "33017DOVE05",
        "OUT_OF_STATE"
    ],
    "33011GRFD01": [
        "33011LYND01",
        "33011TEMP01",
        "33011PETE01",
        "33011FRNT01",
        "33011HANC01",
        "33011BENN01"
    ],
    "33011NASH09": [
        "33011NASH05",
        "33011NASH08",
        "33011NASH06",
        "OUT_OF_STATE"
    ],
    "33011AMHE01": [
        "33011MILF01",
        "33011BEDF01",
        "33011HOLL01",
        "33011MERR01",
        "33011NBOS01",
        "33011MONT01"
    ],
    "33011GOFF01": [
        "33013DUNB01",
        "33011MANC10",
        "33011MANC11",
        "33011BEDF01",
        "33013HOOK01",
        "33011MANC12",
        "33011NBOS01",
        "33011WEAR01"
    ],
    "33011TEMP01": [
        "33011LYND01",
        "33011SHAR01",
        "33011PETE01",
        "33011NIPS01",
        "33011GRNV01",
        "33011WILT01",
        "33011GRFD01"
    ],
    "33017NDUR01": [
        "33017MIDD01",
        "33003BROO01",
        "33017FARM01",
        "33001ALTO01",
        "33003WOLF01"
    ],
    "33007BERL01": [
        "33007KILK01",
        "33007BERL03",
        "33007BERL02",
        "33007RAND01",
        "33007GORH01",
        "33007MILA01"
    ],
    "33007DIXG01": [
        "33007WENL01",
        "33007SECO01",
        "33007DIXV01",
        "33007CLAR01",
        "33007ATGT01"
    ],
    "33007RAND01": [
        "33007KILK01",
        "33007BERL01",
        "33007GORH01",
        "33007LOWB01",
        "33007JEFF01"
    ],
    "33011MANC04": [
        "33011MANC02",
        "33011MANC05",
        "33011MANC06",
        "33011MANC03"
    ],
    "33011MANC02": [
        "33011MANC01",
        "33013HOOK01",
        "33011MANC06",
        "33015AUBU01",
        "33011MANC03",
        "33011MANC04"
    ],
    "33011NIPS01": [
        "33005RIND01",
        "33011TEMP01",
        "33011SHAR01",
        "33011MASO01",
        "33011GRNV01",
        "OUT_OF_STATE"
    ],
    "33011MANC05": [
        "33011MANC07",
        "33011MANC06",
        "33011MANC04",
        "33011MANC03"
    ],
    "33011MONT01": [
        "33011MILF01",
        "33011NBOS01",
        "33011AMHE01",
        "33011LYND01"
    ],
    "33017SOME04": [
        "33017SOME03",
        "33017SOME05",
        "33017DOVE06",
        "33017ROLL01"
    ],
    "33007CARR01": [
        "33007CRAW01",
        "33003HART01",
        "33007WHIT01",
        "33007JEFF01",
        "33007BGRT01",
        "33007LOWB01",
        "33009BETH01"
    ],
    "33007STEW01": [
        "33007DIXV01",
        "33007CLAR01",
        "33007COLE01",
        "OUT_OF_STATE"
    ],
    "33011HUDS01": [
        "33011PELH01",
        "33015WNDM01",
        "33011NASH03",
        "33015LOND01",
        "33011LITC01",
        "33011NASH07",
        "OUT_OF_STATE"
    ],
    "33011PETE01": [
        "33011TEMP01",
        "33005JAFF01",
        "33011SHAR01",
        "33005HARR01",
        "33005DUBL01",
        "33011HANC01",
        "33011GRFD01"
    ],
    "33011WEAR01": [
        "33011DRNG01",
        "33013DUNB01",
        "33011NBOS01",
        "33011FRNT01",
        "33011GOFF01",
        "33013HOPK01",
        "33013HENN01"
    ],
    "33011MANC06": [
        "33011MANC05",
        "33015AUBU01",
        "33011MANC02",
        "33011MANC08",
        "33015LOND01",
        "33011MANC07",
        "33011MANC04"
    ],
    "33007COLE01": [
        "33007COLU01",
        "33007DIXV01",
        "33007STEW01",
        "OUT_OF_STATE"
    ],
    "33007GORH01": [
        "33007SUCC01",
        "33007RAND01",
        "33007BPUR01",
        "33007SHEL01",
        "33007BERL01",
        "33007THOM01",
        "33007MART01",
        "33007BERL03"
    ],
    "33011MILF01": [
        "33011LYND01",
        "33011HOLL01",
        "33011AMHE01",
        "33011MASO01",
        "33011MONT01",
        "33011BRKL01",
        "33011WILT01"
    ],
    "33011MANC10": [
        "33011BEDF01",
        "33011MANC03",
        "33011GOFF01",
        "33011MANC11",
        "33011MANC09"
    ],
    "33011MANC11": [
        "33011MANC12",
        "33011GOFF01",
        "33011MANC10",
        "33011MANC03"
    ],
    "33011MANC07": [
        "33011MANC05",
        "33011MANC06",
        "33011MANC03",
        "33011MANC08",
        "33011MANC09"
    ],
    "33001LACO02": [
        "33001LACO03",
        "33001LACO06",
        "33001LACO01",
        "33001GILF01",
        "33001LACO05"
    ],
    "33001BARN01": [
        "33017STFD01",
        "33001ALTO01",
        "33001GILM01",
        "33013PITF01"
    ],
    "33007PITB01": [
        "33007CLAR01",
        "33007ATGT01",
        "OUT_OF_STATE"
    ],
    "33019UNIT01": [
        "33019LEMP01",
        "33019CLAR02",
        "33019CHAR01",
        "33019CLAR01",
        "33019ACWO01",
        "33019NEWP01",
        "33019GOSH01"
    ],
    "33019LEMP01": [
        "33019GOSH01",
        "33019WASH01",
        "33019ACWO01",
        "33005MRLW01",
        "33019UNIT01"
    ],
    "33019CLAR03": [
        "33019CLAR02",
        "33019CORN01",
        "33019CLAR01",
        "33019NEWP01",
        "OUT_OF_STATE"
    ],
    "33019SUNA01": [
        "33019SPRI01",
        "33013NBRY01",
        "33019CROY01",
        "33013NLON01",
        "33019NEWP01",
        "33019GOSH01"
    ],
    "33009BRIS01": [
        "33009HEBR01",
        "33013HILL01",
        "33009BRID01",
        "33001NEWH01",
        "33009ALEX01"
    ],
    "33009ASHL01": [
        "33009HOLD01",
        "33009BRID01",
        "33001NEWH01",
        "33009PLYM01"
    ],
    "33009EASN01": [
        "33009LAND01",
        "33009WOOD01",
        "33009FRCA01",
        "33009SUGA01",
        "33009BENT01",
        "33009LINC01"
    ],
    "33009LEBA01": [
        "33009HANO01",
        "33019PLFD01",
        "33009LEBA02",
        "OUT_OF_STATE"
    ],
    "33017BARR01": [
        "33017ROCH05",
        "330170LEE01",
        "33017MADB01",
        "33017ROCH03",
        "33017STFD01",
        "33015NTHW01",
        "33017DOVE05",
        "33015NOTT01"
    ],
    "33007BERL02": [
        "33007SUCC01",
        "33007BERL03",
        "33007BERL01",
        "33007MILA01"
    ],
    "33007DUMM01": [
        "33007CAMB01",
        "33007MILL01",
        "33007ERRO01",
        "33007ODEL01",
        "33007STAR01",
        "33007MILA01"
    ],
    "33007ODEL01": [
        "33007COLU01",
        "33007ERVI01",
        "33007DUMM01",
        "33007MILL01",
        "33007STRT01",
        "33007STAR01"
    ],
    "33009BATH01": [
        "33009LISB01",
        "33009LAND01",
        "33009MONR01",
        "33009HAVE01",
        "33009LYMA01",
        "OUT_OF_STATE"
    ],
    "33009HANO01": [
        "33009LEBA01",
        "33009LEBA02",
        "33009LEBA03",
        "33009LYME01",
        "33009CANA01",
        "OUT_OF_STATE"
    ],
    "33009HAVE01": [
        "33009PIER01",
        "33009BENT01",
        "33009BATH01",
        "OUT_OF_STATE"
    ],
    "33009HOLD01": [
        "33009PLYM01",
        "33009ASHL01",
        "33003SAND01",
        "33001CENT01",
        "33009CAMP01",
        "33003MOUL01"
    ],
    "33009FRCA01": [
        "33009LINC01",
        "33009EASN01",
        "33009SUGA01",
        "33009BETH01"
    ],
    "33009WENT01": [
        "33009DORC01",
        "33009WARR01",
        "33009PIER01",
        "33009RUMN01",
        "33009ORFO01"
    ],
    "33017DOVE03": [
        "33017DOVE04",
        "33017DOVE02",
        "33017DURH01",
        "33017DOVE05",
        "33015NWIN01",
        "OUT_OF_STATE"
    ],
    "33017ROCH03": [
        "33017ROCH05",
        "33017ROCH02",
        "33017DOVE06",
        "33017ROCH04",
        "33017BARR01",
        "33017SOME02",
        "33017DOVE05"
    ],
    "33009BRID01": [
        "33009BRIS01",
        "33009PLYM01",
        "33009HEBR01",
        "33001NEWH01",
        "33009ASHL01"
    ],
    "33005KEEN05": [
        "33005KEEN04",
        "33005SURR01",
        "33005SWAN01",
        "33005KEEN01",
        "33005CHES01",
        "33005KEEN03",
        "33005WEST01"
    ],
    "33005NELS01": [
        "33005STOD01",
        "33005SULL01",
        "33011ANTR01",
        "33005HARR01",
        "33011HANC01",
        "33005ROXB01"
    ],
    "33005WINC01": [
        "33005RICH01",
        "33005CHES01",
        "33005SWAN01",
        "33005HINS01",
        "OUT_OF_STATE"
    ],
    "33005CHES01": [
        "33005WEST01",
        "33005SWAN01",
        "33005WINC01",
        "33005KEEN05",
        "33005HINS01",
        "OUT_OF_STATE"
    ],
    "33005SWAN01": [
        "33005KEEN02",
        "33005KEEN01",
        "33005RICH01",
        "33005MRLB01",
        "33005CHES01",
        "33005WINC01",
        "33005TROY01",
        "33005KEEN05"
    ],
    "33005KEEN01": [
        "33005KEEN02",
        "33005KEEN03",
        "33005KEEN05",
        "33005SWAN01"
    ],
    "33005KEEN02": [
        "33005MRLB01",
        "33005SULL01",
        "33005GILS01",
        "33005SWAN01",
        "33005KEEN01",
        "33005KEEN03",
        "33005ROXB01"
    ],
    "33019CHAR01": [
        "33019CLAR02",
        "33005WALP01",
        "33019LANG01",
        "33019ACWO01",
        "33019UNIT01",
        "OUT_OF_STATE"
    ],
    "33009LISB01": [
        "33009LAND01",
        "33009LYMA01",
        "33009BATH01",
        "33009SUGA01",
        "33009LITT01"
    ],
    "33009ENFI01": [
        "33019SPRI01",
        "33009GRAF01",
        "33019GRAN01",
        "33009LEBA02",
        "33009LEBA03",
        "33019PLFD01",
        "33009CANA01"
    ],
    "33019CORN01": [
        "33019CLAR03",
        "33019PLFD01",
        "33019CROY01",
        "OUT_OF_STATE"
    ],
    "33009LYME01": [
        "33009DORC01",
        "33009HANO01",
        "33009ORFO01",
        "33009CANA01",
        "OUT_OF_STATE"
    ],
    "33009LEBA03": [
        "33009ENFI01",
        "33009HANO01",
        "33009LEBA02"
    ],
    "33005SULL01": [
        "33005KEEN02",
        "33005STOD01",
        "33005NELS01",
        "33005GILS01",
        "33005ROXB01"
    ],
    "33005KEEN04": [
        "33005SURR01",
        "33005KEEN03",
        "33005KEEN05"
    ],
    "33005FITZ01": [
        "33005RIND01",
        "33005TROY01",
        "33005RICH01",
        "33005JAFF01",
        "OUT_OF_STATE"
    ],
    "33007KILK01": [
        "33007LANC01",
        "33007RAND01",
        "33007BERL01",
        "33007JEFF01",
        "33007STAR01",
        "33007MILA01"
    ],
    "33019WASH01": [
        "33019LEMP01",
        "33005STOD01",
        "33013BRAD01",
        "33005MRLW01",
        "33011WNDS01",
        "33011HILS01",
        "33019GOSH01"
    ],
    "33019CLAR01": [
        "33019CLAR02",
        "33019CLAR03",
        "33019NEWP01",
        "33019UNIT01"
    ],
    "33019ACWO01": [
        "33019LEMP01",
        "33019LANG01",
        "33019CHAR01",
        "33005ALST01",
        "33005MRLW01",
        "33019UNIT01"
    ],
    "33019NEWP01": [
        "33019GOSH01",
        "33019CLAR01",
        "33019CROY01",
        "33019CLAR03",
        "33019SUNA01",
        "33019UNIT01"
    ],
    "33005STOD01": [
        "33005SULL01",
        "33011ANTR01",
        "33005NELS01",
        "33019WASH01",
        "33005GILS01",
        "33005MRLW01",
        "33011WNDS01"
    ],
    "33005MRLB01": [
        "33005KEEN02",
        "33005JAFF01",
        "33005HARR01",
        "33005SWAN01",
        "33005DUBL01",
        "33005TROY01",
        "33005ROXB01"
    ],
    "33009CANA01": [
        "33009DORC01",
        "33009ENFI01",
        "33009GRAF01",
        "33009ORAN01",
        "33009HANO01",
        "33009LYME01"
    ],
    "33019PLFD01": [
        "33009ENFI01",
        "33019GRAN01",
        "33009LEBA01",
        "33009LEBA02",
        "33019CROY01",
        "33019CORN01",
        "OUT_OF_STATE"
    ],
    "33019GOSH01": [
        "33019LEMP01",
        "33013NBRY01",
        "33019WASH01",
        "33019SUNA01",
        "33019NEWP01",
        "33019UNIT01"
    ],
    "33009THOR01": [
        "33009WOOD01",
        "33003SAND01",
        "33009WATE01",
        "33009LINC01",
        "33009LIVE01",
        "33009ELLS01",
        "33009CAMP01"
    ],
    "33009WOOD01": [
        "33009WARR01",
        "33009EASN01",
        "33009BENT01",
        "33009THOR01",
        "33009LINC01",
        "33009ELLS01"
    ],
    "33009WARR01": [
        "33009PIER01",
        "33009WENT01",
        "33009BENT01",
        "33009WOOD01",
        "33009ELLS01"
    ],
    "33009PLYM01": [
        "33009GROT01",
        "33009HEBR01",
        "33009RUMN01",
        "33009HOLD01",
        "33009BRID01",
        "33009CAMP01",
        "33009ASHL01"
    ],
    "33011MASO01": [
        "33011MILF01",
        "33011NIPS01",
        "33011GRNV01",
        "33011BRKL01",
        "33011WILT01",
        "OUT_OF_STATE"
    ],
    "33011GRNV01": [
        "33011TEMP01",
        "33011WILT01",
        "33011MASO01",
        "33011NIPS01"
    ],
    "33001TILT01": [
        "33013NFLD01",
        "33013FRAN03",
        "33001BELM01",
        "33001SANB01"
    ],
    "33001SANB01": [
        "33001TILT01",
        "33001MERE01",
        "33013HILL01",
        "33001NEWH01",
        "33013FRAN01",
        "33001LACO03",
        "33013FRAN03",
        "33001BELM01"
    ],
    "33001MERE01": [
        "33001LACO03",
        "33001SANB01",
        "33001CENT01",
        "33001LACO01",
        "33001NEWH01",
        "33003MOUL01",
        "33001GILF01"
    ],
    "33001LACO05": [
        "33001LACO03",
        "33001LACO02",
        "33001LACO04",
        "33001GILF01"
    ],
    "33001LACO04": [
        "33001LACO03",
        "33001BELM01",
        "33001GILF01",
        "33001LACO05"
    ],
    "33001GILF01": [
        "33001LACO06",
        "33001MERE01",
        "33001GILM01",
        "33001ALTO01",
        "33003MOUL01",
        "33001LACO04",
        "33001LACO05",
        "33001BELM01",
        "33001LACO01",
        "33001LACO02"
    ],
    "33013NLON01": [
        "33013WILM01",
        "33019SPRI01",
        "33013SUTT01",
        "33013NBRY01",
        "33019SUNA01"
    ],
    "33013HOOK01": [
        "33011MANC01",
        "33013ALLE01",
        "33013DUNB01",
        "33015CAND01",
        "33011MANC12",
        "330130BOW01",
        "33015AUBU01",
        "33011MANC02",
        "33011GOFF01"
    ],
    "33013SUTT01": [
        "33013WILM01",
        "33013NBRY01",
        "33013BRAD01",
        "33013WARN01",
        "33013NLON01"
    ],
    "33013NFLD01": [
        "33013FRAN01",
        "33013CANT01",
        "33013FRAN03",
        "33001TILT01",
        "33001BELM01",
        "33013BOSC01",
        "33013FRAN02"
    ],
    "33013CONC05": [
        "33013CONC07",
        "330130BOW01",
        "33013CONC03",
        "33013CONC06",
        "33013CONC04",
        "33013HOPK01"
    ],
    "33013CANT01": [
        "33013CONC10",
        "33013NFLD01",
        "33001GILM01",
        "33013BOSC01",
        "33013LOUD01",
        "33013CONC01"
    ],
    "33013CONC02": [
        "33013CONC01",
        "33013CONC03"
    ],
    "33013CONC01": [
        "33013CONC02",
        "33013CONC10",
        "33013CANT01",
        "33013CONC03",
        "33013WEBS01",
        "33013BOSC01",
        "33013HOPK01"
    ],
    "33013ANDO01": [
        "33013WILM01",
        "33013FRAN01",
        "33013WARN01",
        "33013SALI01",
        "33013HILL01",
        "33013DANB01"
    ],
    "33013CONC06": [
        "33013CONC07",
        "330130BOW01",
        "33013CONC04",
        "33013CONC08",
        "33013CONC05"
    ],
    "330130BOW01": [
        "33013ALLE01",
        "33013DUNB01",
        "33013PEMB01",
        "33013CONC08",
        "33013HOOK01",
        "33013CONC07",
        "33013CONC06",
        "33013HOPK01",
        "33013CONC05"
    ],
    "33013CHIC01": [
        "33013LOUD01",
        "33013EPSO01",
        "33013PEMB01",
        "33013PITF01"
    ],
    "33013HENN01": [
        "33011WEAR01",
        "33011DRNG01",
        "33013BRAD01",
        "33013HOPK01",
        "33013WARN01",
        "33011HILS01"
    ],
    "33005GILS01": [
        "33005KEEN02",
        "33005SURR01",
        "33005STOD01",
        "33005SULL01",
        "33005ALST01",
        "33005MRLW01",
        "33005KEEN03"
    ],
    "33015ATKI01": [
        "33015PLAI01",
        "33015SALE01",
        "33015DERR02",
        "33015HMST01",
        "OUT_OF_STATE"
    ],
    "33005DUBL01": [
        "33011PETE01",
        "33005JAFF01",
        "33005HARR01",
        "33005MRLB01"
    ],
    "33015BREN01": [
        "33015FREM01",
        "33015EPPI01",
        "33015EXET01",
        "33015KING01"
    ],
    "33015CHSR01": [
        "33015CAND01",
        "33015RAYM01",
        "33015SNDN01",
        "33015DERR02",
        "33015AUBU01",
        "33015DERR03",
        "33015FREM01"
    ],
    "33009DORC01": [
        "33009GROT01",
        "33009WENT01",
        "33009LYME01",
        "33009CANA01"
    ],
    "33015NTHW01": [
        "33015DFLD01",
        "33017STFD01",
        "33013EPSO01",
        "33013PITF01",
        "33017BARR01",
        "33015NOTT01"
    ],
    "33015STRM01": [
        "33015NOHA01",
        "33015NEWF01",
        "33015GRND01",
        "33015NMAR01",
        "33015EXET01"
    ],
    "33015SEAB01": [
        "33015HAFA01",
        "33015KENS01",
        "33015HMTN01",
        "33015ZZZZZZ",
        "33015SOHA01",
        "OUT_OF_STATE"
    ],
    "33009LITT01": [
        "33009LISB01",
        "33009MONR01",
        "33007DALT01",
        "33009LYMA01",
        "33009BETH01",
        "OUT_OF_STATE"
    ],
    "33015RAYM01": [
        "33015DFLD01",
        "33015EPPI01",
        "33015CAND01",
        "33015FREM01",
        "33015CHSR01",
        "33015NOTT01"
    ],
    "33005RIND01": [
        "33005FITZ01",
        "33005JAFF01",
        "33011SHAR01",
        "33011NIPS01",
        "OUT_OF_STATE"
    ],
    "33005HINS01": [
        "33005WINC01",
        "33005CHES01",
        "OUT_OF_STATE"
    ],
    "33013FRAN03": [
        "33013FRAN01",
        "33001TILT01",
        "33013NFLD01",
        "33013FRAN02",
        "33001SANB01"
    ],
    "33007WHIT01": [
        "33007LANC01",
        "33009BETH01",
        "33007JEFF01",
        "33007CARR01",
        "33007DALT01"
    ],
    "33007SARG01": [
        "33003BART01",
        "33007CUTT01",
        "33007CHAN01",
        "33007PINK01",
        "33003JACK01",
        "33007HADL01",
        "33007THOM01"
    ],
    "33013PITF01": [
        "33017STFD01",
        "33015NTHW01",
        "33013EPSO01",
        "33013CHIC01",
        "33013LOUD01",
        "33001BARN01"
    ],
    "33013HOPK01": [
        "33013DUNB01",
        "33013CONC03",
        "33013WARN01",
        "33013CONC01",
        "33013HENN01",
        "330130BOW01",
        "33011WEAR01",
        "33013WEBS01",
        "33013CONC05"
    ],
    "33007NORU01": [
        "33007STRT01",
        "33007LANC01",
        "33007STAR01",
        "OUT_OF_STATE"
    ],
    "33007ERRO01": [
        "33007CAMB01",
        "33007WENL01",
        "33007MILL01",
        "33007DUMM01",
        "OUT_OF_STATE"
    ],
    "33007STRT01": [
        "33007COLU01",
        "33007NORU01",
        "33007ODEL01",
        "33007STAR01",
        "OUT_OF_STATE"
    ],
    "33013FRAN02": [
        "33013FRAN01",
        "33013NFLD01",
        "33013FRAN03"
    ],
    "33013CONC07": [
        "33013CONC06",
        "330130BOW01",
        "33013CONC05"
    ],
    "33013HILL01": [
        "33013FRAN01",
        "33009BRIS01",
        "33013ANDO01",
        "33013DANB01",
        "33001NEWH01",
        "33001SANB01",
        "33009ALEX01"
    ],
    "33013EPSO01": [
        "33015DFLD01",
        "33013ALLE01",
        "33015NTHW01",
        "33013PITF01",
        "33013PEMB01",
        "33013CHIC01"
    ],
    "33011HOLL01": [
        "33011MILF01",
        "33011MERR01",
        "33011AMHE01",
        "33011NASH05",
        "33011NASH01",
        "33011BRKL01",
        "OUT_OF_STATE"
    ],
    "33011NASH02": [
        "33011NASH01",
        "33011NASH03",
        "33011MERR01",
        "33011NASH04"
    ],
    "33005HARR01": [
        "33005MRLB01",
        "33005NELS01",
        "33011PETE01",
        "33005DUBL01",
        "33011HANC01",
        "33005ROXB01"
    ],
    "33011LYND01": [
        "33011MILF01",
        "33011TEMP01",
        "33011FRNT01",
        "33011NBOS01",
        "33011MONT01",
        "33011WILT01",
        "33011GRFD01"
    ],
    "33011PELH01": [
        "33015SALE01",
        "33015WNDM01",
        "33011HUDS01",
        "OUT_OF_STATE"
    ],
    "33017ROCH01": [
        "33017SOME01",
        "33017ROCH02",
        "33017ROCH06",
        "33017ROCH05",
        "OUT_OF_STATE"
    ],
    "33011LITC01": [
        "33011NASH03",
        "33011MERR01",
        "33011HUDS01",
        "33011MANC08",
        "33015LOND01"
    ],
    "33017DURH01": [
        "33017DOVE04",
        "33017MADB01",
        "330170LEE01",
        "33015NMAR01",
        "33017DOVE03",
        "33015NWIN01"
    ],
    "33017SOME01": [
        "33017SOME05",
        "33017ROCH02",
        "33017SOME02",
        "33017ROCH01",
        "OUT_OF_STATE"
    ],
    "33005KEEN03": [
        "33005KEEN04",
        "33005SURR01",
        "33005KEEN02",
        "33005GILS01",
        "33005KEEN01",
        "33005KEEN05"
    ],
    "33009ALEX01": [
        "33009GROT01",
        "33009BRIS01",
        "33009GRAF01",
        "33009HEBR01",
        "33009ORAN01",
        "33013HILL01",
        "33013DANB01"
    ],
    "33009LAND01": [
        "33009LISB01",
        "33009EASN01",
        "33009BENT01",
        "33009BATH01",
        "33009SUGA01"
    ],
    "33005JAFF01": [
        "33005MRLB01",
        "33011SHAR01",
        "33011PETE01",
        "33005RIND01",
        "33005FITZ01",
        "33005TROY01",
        "33005DUBL01"
    ],
    "33019CLAR02": [
        "33019CLAR01",
        "33019CLAR03",
        "33019CHAR01",
        "33019UNIT01",
        "OUT_OF_STATE"
    ],
    "33009LINC01": [
        "33009EASN01",
        "33009WOOD01",
        "33009THOR01",
        "33009FRCA01",
        "33009LIVE01",
        "33009BETH01"
    ],
    "33009LIVE01": [
        "33003BART01",
        "33009WATE01",
        "33009THOR01",
        "33003HART01",
        "33009LINC01",
        "33003ALBA01",
        "33009BETH01"
    ],
    "33009RUMN01": [
        "33009GROT01",
        "33009PLYM01",
        "33009WENT01",
        "33009ELLS01",
        "33009CAMP01"
    ],
    "33019SPRI01": [
        "33013WILM01",
        "33009ENFI01",
        "33009GRAF01",
        "33019GRAN01",
        "33019CROY01",
        "33013NLON01",
        "33019SUNA01"
    ],
    "33009BETH01": [
        "33003HART01",
        "33009LIVE01",
        "33007DALT01",
        "33009LITT01",
        "33009FRCA01",
        "33009SUGA01",
        "33007WHIT01",
        "33009LINC01",
        "33007CARR01"
    ],
    "33009ORAN01": [
        "33009GROT01",
        "33009GRAF01",
        "33009ALEX01",
        "33009CANA01"
    ],
    "33005WALP01": [
        "33005SURR01",
        "33019LANG01",
        "33019CHAR01",
        "33005ALST01",
        "33005WEST01",
        "OUT_OF_STATE"
    ],
    "33019GRAN01": [
        "33009ENFI01",
        "33019PLFD01",
        "33019SPRI01",
        "33019CROY01"
    ],
    "33007COLU01": [
        "33007ERVI01",
        "33007DIXV01",
        "33007STRT01",
        "33007ODEL01",
        "33007COLE01",
        "OUT_OF_STATE"
    ],
    "33007LANC01": [
        "33007KILK01",
        "33007WHIT01",
        "33007NORU01",
        "33007DALT01",
        "33007STAR01",
        "33007JEFF01",
        "OUT_OF_STATE"
    ],
    "33011HILS01": [
        "33011DRNG01",
        "33011ANTR01",
        "33013BRAD01",
        "33011WNDS01",
        "33013HENN01",
        "33019WASH01"
    ],
    "33011FRNT01": [
        "33011LYND01",
        "33011WEAR01",
        "33011DRNG01",
        "33011NBOS01",
        "33011BENN01",
        "33011GRFD01"
    ],
    "33001LACO03": [
        "33001MERE01",
        "33001BELM01",
        "33001LACO01",
        "33001LACO02",
        "33001SANB01",
        "33001LACO04",
        "33001LACO05"
    ],
    "33001LACO06": [
        "33001LACO01",
        "33001LACO02",
        "33001GILF01"
    ],
    "33015PORT05": [
        "330150RYE01",
        "33015PORT02",
        "33015PORT01",
        "33015PORT04",
        "33015NCAS01",
        "OUT_OF_STATE"
    ],
    "33015DERR03": [
        "33015DERR02",
        "33015AUBU01",
        "33015LOND01",
        "33015CHSR01",
        "33015DERR04"
    ],
    "33015DERR04": [
        "33015LOND01",
        "33015DERR01",
        "33015DERR02",
        "33015DERR03"
    ],
    "33015CAND01": [
        "33015DFLD01",
        "33013HOOK01",
        "33015RAYM01",
        "33015AUBU01",
        "33015CHSR01"
    ],
    "33015KENS01": [
        "33015HAFA01",
        "33015SEAB01",
        "33015EKIN01",
        "33015SOHA01",
        "33015EXET01"
    ],
    "33015PORT01": [
        "33015PORT03",
        "33015PORT02",
        "33015PORT05",
        "33015NWIN01",
        "OUT_OF_STATE"
    ],
    "33015NEWF01": [
        "33015EPPI01",
        "33015NMAR01",
        "33015STRM01",
        "33015EXET01"
    ],
    "33015SOHA01": [
        "33015NEWT01",
        "33015KENS01",
        "33015SEAB01",
        "33015EKIN01",
        "OUT_OF_STATE"
    ],
    "33015AUBU01": [
        "33013HOOK01",
        "33015CAND01",
        "33011MANC06",
        "33011MANC02",
        "33015DERR03",
        "33015LOND01",
        "33015CHSR01"
    ],
    "33013CONC03": [
        "33013CONC02",
        "33013CONC10",
        "33013CONC04",
        "33013CONC01",
        "33013HOPK01",
        "33013CONC05"
    ],
    "33003BROO01": [
        "33017MIDD01",
        "33017NDUR01",
        "33003WAKE01",
        "33003WOLF01"
    ],
    "33013DANB01": [
        "33013WILM01",
        "33009GRAF01",
        "33013ANDO01",
        "33013HILL01",
        "33009ALEX01"
    ],
    "33013CONC04": [
        "33013CONC10",
        "33013CONC03",
        "33013CONC06",
        "33013CONC08",
        "33013CONC05"
    ],
    "33015EKIN01": [
        "33015NEWT01",
        "33015KENS01",
        "33015SOHA01",
        "33015EXET01",
        "33015KING01"
    ],
    "33003EATO01": [
        "33003FREE01",
        "33003CONW01",
        "33003MADI01",
        "OUT_OF_STATE"
    ],
    "33017ROCH02": [
        "33017ROCH04",
        "33017SOME01",
        "33017ROCH06",
        "33017ROCH01",
        "33017SOME02",
        "33017ROCH03"
    ],
    "33017SOME05": [
        "33017ROLL01",
        "33017SOME03",
        "33017SOME01",
        "33017SOME02",
        "33017SOME04",
        "OUT_OF_STATE"
    ],
    "33003MADI01": [
        "33003FREE01",
        "33003TAMW01",
        "33003ALBA01",
        "33003OSSI01",
        "33003EATO01",
        "33003CONW01"
    ],
    "33011MANC12": [
        "33011MANC01",
        "33013HOOK01",
        "33011MANC03",
        "33011MANC11",
        "33011GOFF01"
    ],
    "33011NASH01": [
        "33011HOLL01",
        "33011MERR01",
        "33011NASH05",
        "33011NASH02",
        "33011NASH04"
    ],
    "33011NASH07": [
        "33011NASH03",
        "33011NASH08",
        "33011HUDS01",
        "33011NASH04",
        "33011NASH06",
        "OUT_OF_STATE"
    ],
    "33011HANC01": [
        "33005NELS01",
        "33011PETE01",
        "33005HARR01",
        "33011ANTR01",
        "33011BENN01",
        "33011GRFD01"
    ],
    "33017DOVE05": [
        "33017BARR01",
        "33017DOVE03",
        "33017MADB01",
        "33017ROCH03",
        "33017DOVE01",
        "33017DOVE04",
        "33017DOVE06",
        "33017DOVE02"
    ],
    "33017DOVE04": [
        "33017MADB01",
        "33017DOVE05",
        "33017DOVE03",
        "33017DURH01"
    ],
    "33011NASH06": [
        "33011NASH05",
        "33011NASH08",
        "33011NASH09",
        "33011NASH04",
        "33011NASH07"
    ],
    "33017MIDD01": [
        "33017MILT01",
        "33003BROO01",
        "33003WAKE01",
        "33017NDUR01",
        "33017FARM01"
    ],
    "33017FARM01": [
        "33017MIDD01",
        "33017STFD01",
        "33017ROCH05",
        "33017MILT01",
        "33017NDUR01"
    ],
    "33007CLAR01": [
        "33007DIXV01",
        "33007STEW01",
        "33007PITB01",
        "33007DIXG01",
        "33007ATGT01",
        "OUT_OF_STATE"
    ],
    "33007SECO01": [
        "33007WENL01",
        "33007DIXG01",
        "33007ATGT01",
        "OUT_OF_STATE"
    ],
    "33007STAR01": [
        "33007KILK01",
        "33007LANC01",
        "33007NORU01",
        "33007STRT01",
        "33007ODEL01",
        "33007DUMM01",
        "33007MILA01"
    ],
    "33007SHEL01": [
        "33007BPUR01",
        "33007GORH01",
        "33007SUCC01",
        "OUT_OF_STATE"
    ],
    "33017STFD01": [
        "33017ROCH05",
        "33015NTHW01",
        "33013PITF01",
        "33017BARR01",
        "33017FARM01",
        "33001BARN01"
    ],
    "33011WNDS01": [
        "33011HILS01",
        "33005STOD01",
        "33011ANTR01",
        "33019WASH01"
    ],
    "33007MILA01": [
        "33007KILK01",
        "33007SUCC01",
        "33007CAMB01",
        "33007DUMM01",
        "33007BERL02",
        "33007BERL01",
        "33007STAR01"
    ],
    "33017ROCH06": [
        "33017ROCH02",
        "33017ROCH05",
        "33017ROCH04",
        "33017ROCH01"
    ],
    "33017ROLL01": [
        "33017SOME05",
        "33017DOVE06",
        "33017DOVE02",
        "33017DOVE01",
        "33017SOME04",
        "OUT_OF_STATE"
    ],
    "33009GRAF01": [
        "33013WILM01",
        "33009ENFI01",
        "33019SPRI01",
        "33009ORAN01",
        "33009ALEX01",
        "33013DANB01",
        "33009CANA01"
    ],
    "33009WATE01": [
        "33003ALBA01",
        "33009LIVE01",
        "33009THOR01",
        "33003SAND01"
    ],
    "33009CAMP01": [
        "33009PLYM01",
        "33009THOR01",
        "33003SAND01",
        "33009RUMN01",
        "33009HOLD01",
        "33009ELLS01"
    ],
    "33005RICH01": [
        "33005WINC01",
        "33005FITZ01",
        "33005TROY01",
        "33005SWAN01",
        "OUT_OF_STATE"
    ],
    "33005WEST01": [
        "33005SURR01",
        "33005WALP01",
        "33005CHES01",
        "33005KEEN05",
        "OUT_OF_STATE"
    ],
    "33005ALST01": [
        "33005SURR01",
        "33005WALP01",
        "33019LANG01",
        "33005GILS01",
        "33019ACWO01",
        "33005MRLW01"
    ],
    "33009MONR01": [
        "33009LYMA01",
        "33009LITT01",
        "33009BATH01",
        "OUT_OF_STATE"
    ],
    "33005TROY01": [
        "33005RICH01",
        "33005MRLB01",
        "33005JAFF01",
        "33005SWAN01",
        "33005FITZ01"
    ],
    "33013CONC10": [
        "33013CONC03",
        "33013PEMB01",
        "33013LOUD01",
        "33013CONC01",
        "33013CONC08",
        "33013CONC09",
        "33013CANT01",
        "33013CONC04"
    ],
    "33009LYMA01": [
        "33009LISB01",
        "33009MONR01",
        "33009LITT01",
        "33009BATH01"
    ],
    "33011BENN01": [
        "33011DRNG01",
        "33011ANTR01",
        "33011FRNT01",
        "33011HANC01",
        "33011GRFD01"
    ],
    "33013LOUD01": [
        "33013CONC10",
        "33013CANT01",
        "33013PITF01",
        "33001GILM01",
        "33013PEMB01",
        "33013CHIC01"
    ],
    "33013CONC09": [
        "33013CONC10",
        "33013CONC08"
    ],
    "33015NWIN01": [
        "33015PORT03",
        "33015PORT01",
        "33017DURH01",
        "33015GRND01",
        "33015NMAR01",
        "33017DOVE03",
        "OUT_OF_STATE"
    ],
    "33013BOSC01": [
        "33013FRAN01",
        "33013CANT01",
        "33013NFLD01",
        "33013WEBS01",
        "33013SALI01",
        "33013CONC01"
    ],
    "33007PINK01": [
        "33007BPUR01",
        "33007GRGT01",
        "33003JACK01",
        "33007THOM01",
        "33007SARG01"
    ],
    "33013WILM01": [
        "33019SPRI01",
        "33013SUTT01",
        "33013ANDO01",
        "33009GRAF01",
        "33013WARN01",
        "33013NLON01",
        "33013DANB01"
    ],
    "33011NASH08": [
        "33011NASH06",
        "33011NASH09",
        "33011NASH07",
        "OUT_OF_STATE"
    ],
    "33009ORFO01": [
        "33009PIER01",
        "33009WENT01",
        "33009LYME01",
        "OUT_OF_STATE"
    ],
    "33009ELLS01": [
        "33009WARR01",
        "33009WOOD01",
        "33009THOR01",
        "33009RUMN01",
        "33009CAMP01"
    ],
    "33009GROT01": [
        "33009DORC01",
        "33009PLYM01",
        "33009HEBR01",
        "33009ORAN01",
        "33009RUMN01",
        "33009ALEX01"
    ],
    "33007SUCC01": [
        "33007CAMB01",
        "33007BERL03",
        "33007BERL02",
        "33007SHEL01",
        "33007GORH01",
        "33007MILA01",
        "OUT_OF_STATE"
    ],
    "33007DALT01": [
        "33007WHIT01",
        "33007LANC01",
        "33009LITT01",
        "33009BETH01",
        "OUT_OF_STATE"
    ],
    "33015HMST01": [
        "33015DERR02",
        "33015SNDN01",
        "33015DANV01",
        "33015PLAI01",
        "33015ATKI01",
        "33015KING01"
    ],
    "33015HAFA01": [
        "33015EXET01",
        "33015KENS01",
        "33015HMTN01",
        "33015SEAB01"
    ],
    "33003HART01": [
        "33003BART01",
        "33007CUTT01",
        "33007HADL01",
        "33009LIVE01",
        "33007BGRT01",
        "33007CARR01",
        "33009BETH01"
    ],
    "33003TUFT01": [
        "33003MOUL01",
        "33003OSSI01",
        "33001ALTO01",
        "33003WOLF01"
    ],
    "33007DIXV01": [
        "33007COLU01",
        "33007DIXG01",
        "33007COLE01",
        "33007ERVI01",
        "33007WENL01",
        "33007STEW01",
        "33007CLAR01",
        "33007MILL01"
    ],
    "33011SHAR01": [
        "33011TEMP01",
        "33005JAFF01",
        "33011PETE01",
        "33011NIPS01",
        "33005RIND01"
    ],
    "33007ERVI01": [
        "33007MILL01",
        "33007COLU01",
        "33007DIXV01",
        "33007ODEL01"
    ],
    "33011BRKL01": [
        "33011MILF01",
        "33011HOLL01",
        "33011MASO01",
        "OUT_OF_STATE"
    ],
    "33009LEBA02": [
        "33009ENFI01",
        "33009LEBA01",
        "33009HANO01",
        "33009LEBA03",
        "33019PLFD01"
    ],
    "33009PIER01": [
        "33009WARR01",
        "33009HAVE01",
        "33009ORFO01",
        "33009WENT01",
        "OUT_OF_STATE"
    ],
    "33017MADB01": [
        "33017DOVE04",
        "33017DURH01",
        "330170LEE01",
        "33017BARR01",
        "33017DOVE05"
    ],
    "33019LANG01": [
        "33019ACWO01",
        "33005WALP01",
        "33005ALST01",
        "33019CHAR01"
    ],
    "33005SURR01": [
        "33005KEEN04",
        "33005WALP01",
        "33005GILS01",
        "33005ALST01",
        "33005KEEN03",
        "33005KEEN05",
        "33005WEST01"
    ],
    "33007JEFF01": [
        "33007KILK01",
        "33007LANC01",
        "33007RAND01",
        "33007WHIT01",
        "33007LOWB01",
        "33007CARR01"
    ],
    "33007ATGT01": [
        "33007DIXG01",
        "33007SECO01",
        "33007PITB01",
        "33007CLAR01",
        "OUT_OF_STATE"
    ],
    "33005ROXB01": [
        "33005KEEN02",
        "33005MRLB01",
        "33005SULL01",
        "33005NELS01",
        "33005HARR01"
    ],
    "33013NBRY01": [
        "33013SUTT01",
        "33013BRAD01",
        "33013NLON01",
        "33019SUNA01",
        "33019GOSH01"
    ],
    "33005MRLW01": [
        "33019LEMP01",
        "33005STOD01",
        "33019WASH01",
        "33005GILS01",
        "33019ACWO01",
        "33005ALST01"
    ],
    "33015NOHA01": [
        "330150RYE01",
        "33015STRM01",
        "33015HMTN01",
        "33015GRND01",
        "33015ZZZZZZ"
    ],
    "33007MILL01": [
        "33007ERVI01",
        "33007DIXV01",
        "33007ERRO01",
        "33007ODEL01",
        "33007DUMM01"
    ],
    "33019CROY01": [
        "33019SPRI01",
        "33019GRAN01",
        "33019SUNA01",
        "33019CORN01",
        "33019PLFD01",
        "33019NEWP01"
    ],
    "33001CENT01": [
        "33009HOLD01",
        "33001MERE01",
        "33001NEWH01",
        "33003MOUL01"
    ],
    "33015NCAS01": [
        "330150RYE01",
        "33015PORT05",
        "OUT_OF_STATE"
    ],
    "33013SALI01": [
        "33013FRAN01",
        "33013ANDO01",
        "33013WEBS01",
        "33013WARN01",
        "33013BOSC01"
    ],
    "33007GRGT01": [
        "33007BPUR01",
        "33007THOM01",
        "33007MART01",
        "33007PINK01"
    ],
    "33009SUGA01": [
        "33009LISB01",
        "33009LAND01",
        "33009EASN01",
        "33009FRCA01",
        "33009BETH01"
    ],
    "33007LOWB01": [
        "33007CHAN01",
        "33007CRAW01",
        "33007RAND01",
        "33007JEFF01",
        "33007THOM01",
        "33007CARR01"
    ],
    "33007CAMB01": [
        "33007SUCC01",
        "33007ERRO01",
        "33007DUMM01",
        "33007MILA01",
        "OUT_OF_STATE"
    ],
    "33009HEBR01": [
        "33009GROT01",
        "33009BRIS01",
        "33009PLYM01",
        "33009BRID01",
        "33009ALEX01"
    ],
    "33017SOME02": [
        "33017SOME05",
        "33017ROCH02",
        "33017DOVE06",
        "33017SOME03",
        "33017SOME01",
        "33017ROCH03"
    ],
    "33007BPUR01": [
        "33007GRGT01",
        "33007PINK01",
        "33003JACK01",
        "33007SHEL01",
        "33007GORH01",
        "33007MART01",
        "33003CHAT01",
        "OUT_OF_STATE"
    ],
    "33007THOM01": [
        "33007GRGT01",
        "33007CHAN01",
        "33007PINK01",
        "33007GORH01",
        "33007MART01",
        "33007LOWB01",
        "33007SARG01"
    ],
    "33007CRAW01": [
        "33007BGRT01",
        "33007CHAN01",
        "33007LOWB01",
        "33007CARR01"
    ],
    "33007WENL01": [
        "33007ERRO01",
        "33007SECO01",
        "33007DIXV01",
        "33007DIXG01",
        "OUT_OF_STATE"
    ],
    "33007HADL01": [
        "33003BART01",
        "33003HART01",
        "33007CUTT01",
        "33007SARG01"
    ],
    "33009BENT01": [
        "33009WARR01",
        "33009EASN01",
        "33009LAND01",
        "33009WOOD01",
        "33009HAVE01"
    ],
    "33007MART01": [
        "33007BPUR01",
        "33007GRGT01",
        "33007THOM01",
        "33007GORH01"
    ],
    "33007CHAN01": [
        "33007CUTT01",
        "33007CRAW01",
        "33007THOM01",
        "33007BGRT01",
        "33007LOWB01",
        "33007SARG01"
    ],
    "33003HALE01": [
        "33003BART01",
        "33003ALBA01",
        "33003CONW01"
    ],
    "33015ZZZZZZ": [
        "33015NOHA01",
        "330150RYE01",
        "33015HMTN01",
        "33015SEAB01",
        "OUT_OF_STATE"
    ],
    "33007BGRT01": [
        "33007CUTT01",
        "33007CHAN01",
        "33007CRAW01",
        "33003HART01",
        "33007CARR01"
    ],
    "33007CUTT01": [
        "33007CHAN01",
        "33007HADL01",
        "33003HART01",
        "33007BGRT01",
        "33007SARG01"
    ]
}