GEOID20,Tot_2016_gov,D_2016_gov,R_2016_gov,Tot_2016_ltg,D_2016_ltg,R_2016_ltg,Tot_2016_pres,D_2016_pres,R_2016_pres,Tot_2016_ag,D_2016_ag,R_2016_ag,Tot_2016_sen,D_2016_sen,R_2016_sen,Tot_2020_,D_2020_,R_2020_,Tot_2020_,D_2020_,R_2020_,Tot_2020_ltg,D_2020_ltg,R_2020_ltg,Tot_2020_gov,D_2020_gov,R_2020_gov,Tot_2020_ag,D_2020_ag,R_2020_ag,Tot_2020_pres,D_2020_pres,R_2020_pres,Tot_2020_,D_2020_,R_2020_,Tot_2018_ag,D_2018_ag,R_2018_ag,Tot_2018_gov,D_2018_gov,R_2018_gov,Tot_2018_sen,D_2018_sen,R_2018_sen,Tot_2018_ltg,D_2018_ltg,R_2018_ltg
50007500721,2538,1302,1173,2466,1463,964,2524,1694,515,2419,1855,501,2527,1763,660,2797,2099,537,2797,2099,537,2871,1791,988,2918,895,1979,2776,2203,470,2941,2287,572,2797,2099,537,2278,1799,424,2332,1103,1177,2319,0,495,2302,0,748
50005500516,739,183,534,726,242,465,736,292,341,713,336,362,735,310,392,781,376,334,781,376,334,802,288,479,818,142,635,776,413,331,831,421,387,781,376,334,571,290,269,589,150,424,585,0,272,580,0,332
50005050501,959,367,553,935,436,471,960,485,355,925,499,394,953,534,367,1042,562,383,1042,562,383,1057,507,500,1078,254,769,1046,617,381,1095,624,437,1042,562,383,790,473,297,804,303,473,799,0,279,796,0,352
50007500726,2973,1443,1482,2891,1570,1282,2995,2064,652,2855,2242,580,2974,2091,806,3414,2559,667,3414,2559,667,3548,2094,1357,3657,824,2775,3473,2816,578,3692,2884,706,3414,2559,667,2709,2208,461,2773,1102,1612,2739,0,645,2725,0,967
50007500728,2321,1157,1106,2249,1287,920,2328,1473,551,2233,1718,462,2307,1504,659,2622,1873,529,2622,1873,529,2697,1561,991,2744,871,1803,2652,2069,481,2788,2093,617,2622,1873,529,1979,1568,369,2022,876,1077,2010,0,447,2011,0,674
50005500503,1332,411,897,1290,526,740,1309,645,494,1290,709,541,1325,713,575,1389,802,493,1389,802,493,1433,596,803,1466,279,1135,1380,857,469,1469,855,559,1389,802,493,1104,669,412,1137,351,752,1117,0,416,1125,0,559
50005050050,2051,572,1410,1999,753,1192,2062,827,883,1962,962,928,2046,986,927,2321,1131,975,2321,1131,975,2372,882,1404,2405,422,1865,2309,1284,906,2440,1207,1136,2321,1131,975,1657,866,754,1690,439,1172,1677,0,721,1680,0,933
50005500510,560,169,376,546,216,295,537,252,239,542,293,241,557,275,242,623,306,269,623,306,269,641,295,322,638,109,492,618,325,268,648,329,298,623,306,269,424,246,169,431,109,311,435,0,166,431,0,225
50005500512,3015,1034,1869,2950,1312,1537,3010,1469,1110,2930,1511,1323,2985,1623,1174,3239,1846,1080,3239,1846,1080,3294,1514,1617,3350,837,2312,3204,1985,1070,3377,2034,1218,3239,1846,1080,2424,1442,911,2456,885,1486,2436,0,831,2444,0,1164
50005500504,490,123,345,471,136,293,483,159,234,458,217,224,483,199,257,521,235,243,521,235,243,538,216,300,537,97,411,520,269,227,549,248,272,521,235,243,395,197,184,409,96,289,406,0,176,404,0,239
50021502113,762,285,447,738,335,384,764,337,325,717,383,290,758,384,316,805,386,342,805,386,342,821,327,449,834,206,584,797,423,324,848,452,375,805,386,342,639,362,254,652,209,378,654,0,249,648,0,310
50021502101,509,166,329,495,204,281,508,216,232,481,265,189,506,248,224,551,214,275,551,214,275,562,178,351,579,99,414,547,258,268,583,258,305,551,214,275,410,214,178,420,105,276,412,0,178,414,0,251
50021502107,1142,361,741,1121,456,627,1149,478,529,1098,619,437,1143,574,506,1254,558,573,1254,558,573,1291,449,781,1298,243,948,1260,668,533,1308,624,647,1254,558,573,929,529,349,963,201,568,951,0,373,950,0,495
50021502103,1768,543,1147,1720,692,973,1791,795,808,1678,901,707,1755,893,759,2041,914,954,2041,914,954,2106,788,1228,2129,411,1584,2033,1064,888,2161,1056,1042,2041,914,954,1520,856,618,1547,396,993,1545,0,634,1543,0,800
50023502312,1122,582,515,1105,683,390,1111,719,228,1051,805,203,1115,780,283,1188,906,231,1188,906,231,1219,758,424,1243,397,819,1164,900,215,1243,977,231,1188,906,231,960,756,173,991,468,488,988,0,190,988,0,318
50023502304,4253,909,3282,4172,1408,2691,4168,1760,1862,4112,2528,1517,4240,1875,2225,4580,2446,1873,4580,2446,1873,4709,1540,3028,4757,590,3997,4562,2764,1662,4766,2512,2093,4580,2446,1873,3514,2086,1358,3577,690,2767,3581,0,1461,3570,0,2204
50023502323,532,204,305,525,283,228,527,271,169,512,358,136,532,276,175,569,352,182,569,352,182,576,274,274,588,159,396,562,364,172,588,372,196,569,352,182,452,302,136,463,186,266,464,0,148,466,0,206
50007500719,3309,1548,1702,3226,1767,1421,3325,2017,890,3172,2247,857,3294,2115,1062,3486,2442,851,3486,2442,851,3572,1984,1466,3635,903,2663,3487,2578,799,3662,2657,905,3486,2442,851,2821,2065,683,2888,1180,1632,2885,0,781,2857,0,1104
50007500708,2628,1901,643,2548,1949,525,2685,2150,235,2499,2156,246,2621,2138,307,3215,2570,252,3215,2570,252,3317,2483,539,3391,1711,1588,3219,2748,233,3497,3112,271,3215,2570,252,2504,2228,179,2590,1708,768,2583,0,223,2534,0,375
50007500707,2967,2118,756,2862,2164,617,3009,2391,280,2831,2456,279,2958,2412,364,3073,2503,256,3073,2503,256,3140,2361,571,3213,1515,1637,3083,2672,231,3287,2934,269,3073,2503,256,2718,2427,196,2794,1814,893,2789,0,260,2739,0,433
50023502313,1935,1284,614,1879,1372,465,1929,1496,202,1838,1537,227,1926,1526,295,1994,1685,180,1994,1685,180,2030,1454,468,2069,915,1105,1952,1634,191,2099,1853,188,1994,1685,180,1748,1518,164,1815,1119,646,1797,0,185,1793,0,345
50023502314,1697,1126,538,1647,1201,405,1691,1313,172,1610,1345,200,1678,1335,258,1762,1483,156,1762,1483,156,1787,1282,414,1823,809,971,1723,1444,171,1847,1634,167,1762,1483,156,1531,1330,142,1585,975,565,1572,0,161,1569,0,301
50023502315,1150,762,363,1114,813,275,1151,889,118,1093,916,134,1149,906,175,1174,989,106,1174,989,106,1194,853,275,1223,540,648,1144,959,116,1239,1089,113,1174,989,106,1040,903,96,1076,664,385,1070,0,111,1063,0,200
50023502311,869,367,476,858,465,370,864,417,284,830,533,266,856,482,317,916,550,300,916,550,300,935,444,450,954,287,641,900,574,281,964,586,336,916,550,300,714,470,214,725,320,373,723,0,225,718,0,282
50027502721,1568,610,904,1531,712,783,1577,745,647,1495,801,616,1565,804,638,1694,824,657,1694,824,657,1746,720,928,1786,361,1334,1677,930,623,1792,1018,725,1694,824,657,1206,704,463,1239,360,778,1242,0,466,1233,0,584
50027502719,3924,1578,2161,3828,1927,1783,3953,1873,1510,3740,2052,1483,3899,2067,1455,4260,2056,1579,4260,2056,1579,4357,1863,2173,4405,1082,3032,4226,2408,1522,4516,2583,1768,4260,2056,1579,2899,1766,1006,2949,961,1661,2930,0,1037,2925,0,1280
50027502711,1093,468,578,1056,535,500,1090,538,403,1028,574,398,1090,577,408,1158,587,402,1158,587,402,1202,513,615,1214,296,865,1148,656,395,1237,718,473,1158,587,402,860,517,303,901,300,526,892,0,312,888,0,398
50027502710,1924,958,910,1854,1070,735,1924,1158,558,1803,1209,526,1920,1189,616,2066,1241,593,2066,1241,593,2132,1159,899,2157,622,1449,2036,1358,571,2198,1511,631,2066,1241,593,1550,1087,411,1610,667,862,1601,0,403,1577,0,517
50025502522,1534,958,501,1498,1011,437,1546,1001,352,1462,998,375,1533,1048,343,1700,1120,384,1700,1120,384,1746,1114,524,1770,779,878,1677,1159,376,1789,1303,429,1700,1120,384,1304,995,248,1343,847,417,1342,0,230,1335,0,315
50025502521,393,189,186,370,198,157,392,199,137,374,209,135,388,223,127,460,265,147,460,265,147,481,259,198,491,145,324,457,287,143,492,325,159,460,265,147,317,200,104,322,144,162,322,0,107,316,0,124
50027502708,1225,608,588,1184,645,508,1238,738,356,1143,692,415,1242,727,461,1403,881,408,1403,881,408,1466,787,630,1488,364,1074,1404,928,416,1506,1046,416,1403,881,408,1024,710,282,1073,422,603,1064,0,260,1051,0,367
50027502722,707,343,343,682,376,296,707,469,173,670,438,211,709,448,225,794,490,218,794,490,218,825,441,355,836,222,588,793,553,194,841,618,200,794,490,218,642,451,158,668,236,393,663,0,159,661,0,223
50027502718,761,358,376,745,443,285,755,428,217,716,485,203,754,443,279,866,527,245,866,527,245,888,471,386,893,272,589,860,584,235,894,585,278,866,527,245,643,450,167,651,277,340,651,0,166,650,0,215
50019501901,457,114,320,451,186,252,450,207,183,439,261,158,452,225,196,513,275,189,513,275,189,529,215,290,536,106,393,514,301,184,540,286,235,513,275,189,387,245,130,396,140,246,393,0,142,396,0,193
50011501108,2415,640,1729,2375,767,1588,2397,1019,1023,2354,1483,818,2412,1224,1086,2776,1366,1063,2776,1366,1063,2845,979,1734,2899,391,2386,2767,1639,1049,2917,1517,1295,2776,1366,1063,2028,1222,756,2058,495,1497,2049,0,846,2062,0,1339
50011501119,3129,903,2154,3101,924,2129,3114,1416,1268,3040,1977,982,3130,1777,1229,3626,1769,1255,3626,1769,1255,3714,1364,2142,3778,579,3028,3623,2274,1246,3794,2126,1557,3626,1769,1255,2763,1796,911,2790,701,1998,2762,0,1037,2801,0,1646
50011501109,1390,303,1047,1377,344,1016,1386,474,699,1348,799,513,1380,666,651,1641,649,728,1641,649,728,1678,501,1101,1716,214,1395,1649,909,686,1726,698,977,1641,649,728,1103,597,479,1114,201,862,1120,0,534,1123,0,755
50025502518,127,45,77,122,49,70,126,65,50,120,53,59,128,60,56,182,106,65,182,106,65,187,101,83,190,54,135,179,107,68,190,119,67,182,106,65,119,70,48,122,38,78,122,0,42,121,0,54
50025502509,1144,729,368,1116,764,317,1165,719,274,1082,729,283,1137,773,254,1266,853,283,1266,853,283,1292,809,410,1328,566,699,1253,899,292,1354,975,345,1266,853,283,997,765,191,1034,624,351,1026,0,162,1026,0,245
50025502520,1110,387,673,1053,394,623,1122,492,486,1033,463,512,1109,504,501,1177,582,469,1177,582,469,1225,546,625,1248,277,890,1153,616,476,1300,718,549,1177,582,469,846,449,368,880,281,544,879,0,352,859,0,452
50011501102,612,148,444,608,181,419,609,209,308,597,345,238,615,318,272,682,274,308,682,274,308,692,222,439,707,107,549,671,344,308,711,284,402,682,274,308,491,273,204,506,97,383,502,0,210,499,0,312
50011501101,597,186,386,585,231,343,597,295,209,570,369,180,595,364,202,671,350,231,671,350,231,678,286,361,696,128,539,662,416,223,696,395,272,671,350,231,509,362,126,522,166,323,518,0,150,522,0,256
50027502701,330,134,187,317,153,157,330,166,125,314,183,120,331,176,135,350,198,115,350,198,115,357,168,169,357,93,244,342,211,116,365,216,132,350,198,115,293,172,97,303,89,190,300,0,117,298,0,138
50025502508,394,144,236,376,172,192,390,210,131,362,188,151,387,212,137,390,223,124,390,223,124,399,203,169,411,104,291,382,235,105,405,263,129,390,223,124,300,183,102,310,121,176,303,0,80,300,0,108
50027502707,1544,691,801,1496,788,656,1546,827,512,1467,870,508,1543,878,542,1692,898,556,1692,898,556,1732,778,820,1742,428,1202,1680,1005,545,1772,1089,619,1692,898,556,1195,759,388,1248,441,708,1231,0,378,1233,0,524
50027502723,415,210,183,401,214,179,414,267,106,390,250,123,408,276,118,424,266,109,424,266,109,442,249,178,454,126,316,424,298,105,456,332,114,424,266,109,345,238,97,359,141,200,359,0,97,354,0,128
50027502706,680,269,387,656,309,327,686,306,262,645,350,262,680,345,271,758,379,274,758,379,274,772,319,399,780,177,565,749,416,270,792,466,297,758,379,274,551,319,206,569,172,319,570,0,204,563,0,254
50011501104,2406,775,1571,2364,924,1401,2365,1063,947,2318,1464,791,2407,1286,1023,2846,1468,1035,2846,1468,1035,2940,1158,1646,2977,507,2367,2872,1733,1028,2996,1648,1229,2846,1468,1035,2054,1284,715,2080,648,1363,2061,0,774,2074,0,1185
50011501105,948,277,649,936,341,587,944,489,338,906,640,249,940,585,320,1100,595,347,1100,595,347,1122,442,621,1136,189,890,1100,725,338,1140,625,474,1100,595,347,847,603,230,871,246,593,860,0,298,870,0,481
50027502717,1329,580,711,1281,685,549,1317,698,406,1244,778,395,1322,706,525,1385,773,453,1385,773,453,1438,692,683,1462,371,1016,1375,900,402,1486,930,492,1385,773,453,1112,759,295,1161,458,615,1147,0,277,1134,0,431
50027502725,1894,1048,792,1806,1106,661,1880,1319,372,1757,1225,483,1893,1261,564,1966,1365,422,1966,1365,422,2057,1220,774,2087,582,1446,1931,1458,394,2109,1645,402,1966,1365,422,1604,1217,329,1672,752,854,1657,0,323,1648,0,463
50023502309,1617,794,796,1586,926,616,1610,1032,356,1550,1172,338,1602,1097,429,1682,1251,333,1682,1251,333,1720,998,652,1741,553,1139,1643,1257,315,1764,1315,391,1682,1251,333,1329,1052,250,1364,617,716,1356,0,274,1345,0,457
50023502318,677,383,278,661,417,212,676,424,129,647,485,133,673,444,180,775,562,146,775,562,146,788,481,263,806,341,443,772,585,140,814,606,166,775,562,146,616,501,93,639,369,254,630,0,112,631,0,168
50023502301,1024,329,670,1007,472,512,1008,522,344,990,655,308,1016,562,403,1220,739,379,1220,739,379,1225,539,643,1241,275,932,1215,799,360,1257,793,429,1220,739,379,813,555,232,826,272,534,820,0,254,825,0,381
50023502302,1120,360,728,1101,509,563,1115,569,377,1087,715,338,1120,618,439,1203,727,372,1203,727,372,1223,529,640,1238,271,918,1200,790,354,1254,779,429,1203,727,372,891,604,256,904,294,576,910,0,271,909,0,421
50023502303,1100,354,717,1087,504,557,1093,562,370,1068,704,330,1104,604,437,1242,752,385,1242,752,385,1272,550,661,1293,283,949,1234,816,362,1296,808,440,1242,752,385,880,598,250,911,295,571,913,0,272,893,0,414
50011501120,2681,730,1867,2660,701,1917,2670,1101,1192,2629,1655,913,2677,1436,1126,3091,1360,1252,3091,1360,1252,3163,1030,1962,3202,426,2609,3101,1775,1212,3228,1566,1546,3091,1360,1252,2127,1308,758,2167,473,1609,2139,0,865,2147,0,1338
50001500111,3651,2212,1351,3542,2312,1174,3667,2682,595,3467,2690,659,3629,2663,800,4112,3114,686,4112,3114,686,4195,2776,1267,4272,1625,2545,4081,3249,657,4331,3479,732,4112,3114,686,3398,2792,505,3501,1944,1453,3485,0,526,3444,0,862
50017501702,602,253,329,582,289,286,593,289,217,573,340,210,593,321,241,693,406,229,693,406,229,707,309,375,709,157,525,685,435,216,717,434,260,693,406,229,511,334,159,526,173,329,516,0,167,519,0,237
50017501707,709,291,396,684,307,301,698,345,267,671,395,249,706,391,268,717,363,283,717,363,283,734,422,292,732,154,549,713,421,263,749,421,303,717,363,283,552,328,206,557,210,322,553,0,189,551,0,240
50017501717,194,80,110,192,85,84,191,96,70,183,109,68,188,107,72,212,109,84,212,109,84,222,130,88,222,46,167,217,127,80,225,128,91,212,109,84,144,87,54,149,54,86,155,0,51,153,0,65
50017501708,176,75,98,172,77,76,175,87,66,165,98,62,172,97,66,222,114,90,222,114,90,235,134,93,241,49,175,223,133,82,240,133,96,222,114,90,136,82,51,144,52,81,142,0,46,137,0,59
50023502308,788,305,464,768,381,366,785,434,196,756,530,199,778,455,280,858,583,219,858,583,219,887,461,395,909,225,662,846,617,187,914,648,243,858,583,219,655,481,143,676,250,406,673,0,163,679,0,287
50023502322,3067,1465,1552,2959,1680,1221,3040,2035,592,2873,2203,606,3026,2120,780,3295,2454,581,3295,2454,581,3408,2011,1282,3469,937,2453,3293,2586,576,3498,2778,621,3295,2454,581,2626,2109,453,2702,1133,1496,2696,0,512,2686,0,910
50015501502,1934,808,1068,1901,1038,818,1928,1067,520,1863,1319,472,1927,1205,580,2090,1329,517,2090,1329,517,2139,1129,920,2184,540,1582,2080,1476,509,2199,1521,587,2090,1329,517,1734,1269,401,1774,739,965,1767,0,444,1766,0,713
50003500307,2380,1084,1231,2278,1128,1096,2393,1452,706,2214,1214,866,2375,1404,827,2561,1624,709,2561,1624,709,2655,1462,1074,2724,787,1809,2521,1670,722,2785,1985,732,2561,1624,709,2009,1306,590,2096,880,1122,2077,0,604,2034,0,793
50003500316,518,214,292,490,246,229,517,281,183,477,252,186,512,296,176,631,358,228,631,358,228,631,321,290,643,159,423,617,364,222,652,386,240,631,358,228,448,278,139,459,191,240,462,0,131,452,0,164
50003500304,1191,506,662,1147,536,583,1189,740,334,1107,590,447,1185,715,409,1305,814,402,1305,814,402,1345,731,562,1391,402,928,1284,834,389,1413,997,377,1305,814,402,1019,680,297,1048,392,610,1044,0,273,1029,0,376
50019501906,681,259,379,657,372,266,687,435,153,634,450,161,675,440,189,718,465,176,718,465,176,744,438,280,763,216,514,717,514,161,774,558,190,718,465,176,547,419,103,570,297,251,568,0,115,564,0,177
50019501915,1539,489,970,1508,664,808,1543,721,614,1496,892,550,1533,797,634,1752,914,653,1752,914,653,1790,707,1005,1805,379,1309,1757,1055,623,1842,1033,757,1752,914,653,1276,761,464,1290,389,847,1280,0,472,1287,0,648
50015501508,2796,1421,1372,2784,1542,1191,2841,1974,559,2658,1861,723,2851,1950,791,3156,2205,729,3156,2205,729,3263,1889,1272,3388,875,2454,3132,2294,711,3406,2706,599,3156,2205,729,2500,1885,551,2635,1097,1476,2575,0,574,2560,0,888
50003500309,1606,742,785,1532,805,637,1628,761,681,1505,715,541,1599,915,510,1682,790,707,1682,790,707,1704,766,828,1742,457,999,1674,837,744,1778,892,831,1682,790,707,1267,612,465,1298,492,635,1302,0,409,1281,0,566
50017501711,690,439,233,679,492,177,693,500,105,669,523,120,694,492,158,744,589,95,744,589,95,785,548,205,794,331,444,749,595,103,800,656,118,744,589,95,604,498,84,628,332,232,623,0,80,616,0,117
50001500101,785,196,578,769,261,492,775,324,337,757,434,307,776,355,391,840,424,357,840,424,357,849,321,514,862,145,680,842,500,317,870,445,379,840,424,357,623,370,245,644,154,465,636,0,266,636,0,386
50001500103,1930,858,1022,1899,984,870,1926,1075,558,1868,1267,525,1918,1140,666,2153,1307,604,2153,1307,604,2197,1146,960,2236,625,1542,2162,1490,556,2245,1482,691,2153,1307,604,1672,1201,416,1715,694,949,1707,0,445,1704,0,674
50001500112,1214,480,704,1188,610,562,1202,671,360,1169,794,337,1200,753,405,1358,879,361,1358,879,361,1380,721,601,1400,358,1010,1348,962,329,1403,960,395,1358,879,361,1074,780,268,1100,425,641,1085,0,281,1092,0,435
50017501718,295,127,160,288,156,118,297,161,97,287,184,79,292,166,100,340,196,115,340,196,115,354,185,157,351,100,239,341,213,113,357,219,125,340,196,115,246,176,66,251,106,136,249,0,67,249,0,94
50013501203,306,92,204,297,114,178,306,136,140,294,189,98,298,148,133,341,179,120,341,179,120,343,136,188,349,76,258,343,208,126,349,191,147,341,179,120,278,181,85,282,84,188,281,0,101,281,0,158
50013501301,892,278,583,876,347,512,888,372,399,868,544,294,884,485,353,1035,477,405,1035,477,405,1059,396,610,1069,195,817,1035,589,396,1079,550,499,1035,477,405,703,427,257,715,164,511,716,0,283,708,0,404
50013501304,631,201,414,622,264,347,621,320,216,613,417,180,624,338,256,686,409,217,686,409,217,700,321,353,700,135,556,686,453,211,705,430,250,686,409,217,559,386,162,569,182,364,561,0,193,563,0,287
50001500122,562,338,217,541,334,197,523,415,74,537,423,103,557,419,120,586,471,80,586,471,80,598,421,159,604,221,380,582,481,79,612,517,78,586,471,80,511,435,64,532,280,242,514,0,82,523,0,148
50001500102,656,204,442,642,236,397,655,292,278,620,363,250,661,308,321,705,359,295,705,359,295,720,288,416,739,135,577,699,410,268,738,392,321,705,359,295,565,344,206,584,139,429,575,0,230,577,0,327
50001500110,786,430,330,775,492,273,791,494,188,752,558,168,790,531,210,924,645,202,924,645,202,933,594,308,945,350,573,907,702,167,959,723,211,924,645,202,735,570,152,755,396,340,755,0,163,757,0,235
50001500113,1088,398,664,1066,504,543,1078,594,337,1035,704,312,1071,619,410,1124,658,370,1124,658,370,1154,546,567,1164,232,901,1118,744,335,1172,732,396,1124,658,370,940,658,261,966,332,597,949,0,283,958,0,456
50017501712,1632,1011,582,1565,1064,455,1645,1145,324,1545,1144,334,1626,1177,387,1775,1256,393,1775,1256,393,1848,1216,567,1888,683,1155,1784,1322,367,1910,1448,409,1775,1256,393,1405,1134,226,1442,778,618,1436,0,220,1423,0,321
50019501912,244,73,162,233,117,111,245,113,101,231,151,73,238,134,72,271,131,114,271,131,114,281,110,154,293,60,207,280,151,109,294,144,139,271,131,114,202,98,87,206,64,134,205,0,79,204,0,105
50019501902,1070,299,732,1047,410,613,1069,502,425,1025,566,418,1070,577,441,1228,662,466,1228,662,466,1250,460,749,1270,257,931,1223,741,443,1296,687,570,1228,662,466,878,547,307,896,257,605,895,0,330,894,0,445
50007500713,4751,2022,2644,4659,2382,2195,4740,2847,1274,4588,3369,1122,4740,3098,1490,5352,3641,1369,5352,3641,1369,5484,2803,2492,5627,1259,4251,5363,3951,1252,5661,3979,1518,5352,3641,1369,4006,2973,958,4101,1423,2569,4065,0,1163,4063,0,1759
50007500715,5068,2260,2709,4935,2550,2304,5060,3057,1331,4866,3546,1214,5042,3294,1572,5739,4018,1321,5739,4018,1321,5912,3267,2415,6035,1484,4393,5775,4347,1247,6122,4467,1445,5739,4018,1321,4392,3321,964,4487,1848,2495,4472,0,1125,4420,0,1735
50009500906,408,124,271,389,152,224,420,175,202,386,193,170,412,208,168,452,192,204,452,192,204,469,198,249,477,82,366,453,249,167,486,233,235,452,192,204,310,185,121,320,82,212,314,0,114,305,0,165
50015501505,1548,533,971,1509,755,728,1531,788,475,1481,995,444,1535,910,555,1652,1024,496,1652,1024,496,1685,818,811,1718,380,1282,1657,1096,475,1731,1118,546,1652,1024,496,1296,907,353,1332,493,809,1326,0,366,1318,0,574
50017501704,667,200,457,651,265,377,660,304,273,630,331,269,666,295,336,700,377,259,700,377,259,716,287,403,730,143,552,700,422,236,723,404,284,700,377,259,551,339,198,568,159,381,561,0,211,562,0,290
50019501908,593,168,389,586,263,305,585,290,193,569,332,208,585,317,232,619,355,195,619,355,195,639,287,327,659,162,465,623,413,182,666,401,239,619,355,195,504,329,159,525,184,325,519,0,178,515,0,248
50019501913,429,75,333,417,137,271,433,123,250,413,204,200,424,183,215,466,174,241,466,174,241,474,161,290,476,102,330,462,212,231,487,201,273,466,174,241,310,140,158,317,76,224,317,0,162,314,0,214
50019501907,2184,527,1591,2139,814,1284,2182,885,1004,2097,1161,872,2180,1073,980,2378,1120,1043,2378,1120,1043,2432,846,1508,2471,414,1924,2368,1305,976,2515,1167,1280,2378,1120,1043,1743,1038,652,1800,483,1251,1776,0,735,1791,0,979
50003500317,518,220,281,486,245,229,517,299,158,482,264,194,513,300,167,632,382,185,632,382,185,638,372,239,667,189,447,624,387,194,674,473,182,632,382,185,431,270,138,448,184,236,445,0,121,440,0,153
50003500306,105,49,55,96,45,50,103,71,18,99,49,46,104,62,39,126,98,18,126,98,18,132,86,44,135,36,99,124,98,22,134,114,18,126,98,18,96,72,21,100,39,59,104,0,19,100,0,31
50015501507,2738,1095,1566,2657,1406,1201,2707,1550,741,2590,1798,709,2717,1702,870,3043,2018,770,3043,2018,770,3116,1669,1330,3182,790,2265,3029,2137,755,3197,2256,833,3043,2018,770,2380,1752,558,2437,951,1427,2423,0,605,2413,0,939
50015501506,1303,535,724,1281,734,519,1322,691,395,1248,834,342,1305,774,420,1506,855,472,1506,855,472,1535,724,716,1569,451,1066,1491,976,422,1589,994,528,1506,855,472,1160,783,308,1196,496,647,1197,0,340,1189,0,485
50017501701,1205,514,660,1166,590,496,1196,624,409,1150,730,376,1191,692,433,1414,776,499,1414,776,499,1465,856,560,1474,371,1045,1415,859,480,1494,893,549,1414,776,499,1009,669,311,1042,384,618,1032,0,294,1019,0,419
50017501710,2267,867,1337,2208,1101,1044,2254,1160,737,2161,1328,717,2258,1272,857,2482,1514,706,2482,1514,706,2563,1237,1227,2583,628,1866,2457,1640,706,2586,1685,801,2482,1514,706,1961,1285,601,2007,701,1218,2004,0,579,1988,0,832
50017501706,567,285,263,547,307,211,566,350,149,531,367,143,561,346,185,592,376,164,592,376,164,621,371,233,629,165,443,588,395,164,621,442,160,592,376,164,447,321,118,462,205,241,461,0,103,454,0,151
50019501916,697,155,518,680,252,420,703,256,338,663,361,280,697,312,341,728,334,328,728,334,328,755,224,505,768,118,611,737,403,310,776,341,415,728,334,328,529,303,196,538,141,378,531,0,228,533,0,316
50003500311,393,175,204,380,189,180,391,213,138,376,192,156,392,240,130,416,231,149,416,231,149,429,221,181,432,136,266,411,235,148,437,269,154,416,231,149,332,203,110,348,127,199,346,0,105,343,0,150
50019501911,564,109,445,548,183,356,554,194,284,536,289,228,560,245,292,646,264,342,646,264,342,661,185,458,665,78,536,640,309,315,673,257,405,646,264,342,453,229,210,453,100,335,458,0,214,460,0,290
50017501703,753,287,442,745,357,373,749,378,231,738,454,256,755,396,324,817,464,291,817,464,291,834,367,419,844,203,604,819,507,277,852,506,307,817,464,291,649,418,212,648,207,409,654,0,218,651,0,307
50017501715,361,165,187,351,194,133,364,189,118,341,219,105,357,216,118,401,238,124,401,238,124,413,226,155,421,155,249,389,249,114,428,264,134,401,238,124,321,221,83,333,136,174,330,0,85,328,0,110
50017501705,683,265,394,669,291,321,677,308,264,653,379,243,680,356,282,794,411,316,794,411,316,813,411,380,821,204,578,792,463,292,830,459,350,794,411,316,597,370,199,605,199,369,602,0,212,604,0,270
50023502319,379,149,219,372,193,171,375,186,118,368,242,108,373,208,139,411,262,122,411,262,122,424,206,195,431,107,308,405,277,108,433,281,134,411,262,122,324,225,82,332,119,187,334,0,90,333,0,140
50009500905,58,10,47,54,18,36,56,21,28,54,29,24,55,27,25,58,23,26,58,23,26,64,19,45,65,6,59,60,34,26,64,27,35,58,23,26,44,25,18,47,8,37,45,0,19,46,0,30
50009500908,145,34,106,142,53,81,146,51,70,138,65,64,144,75,60,132,62,56,132,62,56,134,61,71,140,33,96,132,73,54,140,69,65,132,62,56,107,57,48,111,26,76,107,0,51,107,0,63
50009500914,550,121,403,534,176,334,553,171,311,524,213,296,547,232,277,593,208,304,593,208,304,612,191,383,619,110,451,596,253,300,633,243,366,593,208,304,378,175,195,397,85,286,384,0,188,386,0,240
50009500907,566,130,408,559,198,339,564,181,292,548,252,269,563,221,298,593,232,294,593,232,294,604,172,399,627,100,479,594,280,287,630,262,343,593,232,294,404,192,202,411,83,293,405,0,192,406,0,243
50025502516,2134,1227,809,2049,1273,691,2155,1315,576,2024,1324,556,2127,1401,504,2338,1406,597,2338,1406,597,2404,1299,878,2466,805,1510,2310,1453,616,2519,1703,718,2338,1406,597,1606,1156,363,1654,834,697,1653,0,349,1635,0,474
50023502316,1039,462,551,995,569,414,1020,649,216,964,728,204,1026,696,279,1117,844,192,1117,844,192,1161,691,434,1188,338,831,1108,870,191,1185,926,223,1117,844,192,889,696,155,912,388,501,906,0,176,908,0,321
50023502317,2224,718,1463,2154,983,1125,2147,1113,708,2111,1426,626,2200,1235,837,2340,1422,727,2340,1422,727,2411,1056,1283,2448,474,1891,2323,1530,689,2465,1508,837,2340,1422,727,1781,1199,519,1845,564,1217,1823,0,594,1832,0,901
50007500731,5619,2371,3153,5444,2747,2640,5602,3508,1481,5376,3923,1355,5603,3669,1754,6483,4622,1514,6483,4622,1514,6691,3551,2930,6829,1553,5158,6477,4854,1434,6873,4961,1699,6483,4622,1514,4898,3708,1112,4992,1788,3092,4964,0,1378,4952,0,2042
50005500508,304,79,217,300,126,160,301,130,116,293,140,143,300,142,125,327,146,143,327,146,143,331,131,185,340,55,259,322,172,130,346,169,159,327,146,143,245,124,112,253,88,151,254,0,100,247,0,127
50007500717,2668,1359,1246,2614,1617,950,2664,1726,623,2562,1978,512,2665,1823,736,2904,2054,631,2904,2054,631,2981,1687,1178,3054,989,2016,2914,2250,568,3084,2254,749,2904,2054,631,2307,1784,465,2365,1051,1244,2361,0,559,2345,0,777
50007500724,4793,2540,2177,4655,2664,1915,4786,3390,941,4605,3602,922,4807,3459,1214,5080,3936,887,5080,3936,887,5255,3204,1896,5358,1482,3802,5092,4128,830,5419,4358,953,5080,3936,887,4175,3378,724,4282,1828,2369,4206,0,918,4238,0,1457
50007500712,7850,3184,4478,7613,3738,3758,7763,4483,2425,7537,5528,1799,7830,4937,2556,9058,6060,2355,9058,6060,2355,9312,4568,4447,9499,2099,7187,9084,6561,2203,9594,6451,2852,9058,6060,2355,6552,4787,1612,6681,2284,4188,6635,0,2012,6635,0,3029
50007500729,1963,936,990,1921,1095,803,1964,1238,504,1888,1363,489,1954,1308,573,2113,1468,506,2113,1468,506,2167,1229,864,2209,643,1538,2098,1538,494,2224,1633,526,2113,1468,506,1741,1260,442,1790,750,989,1792,0,450,1765,0,655
50005500501,825,256,546,804,326,454,823,381,336,797,401,369,815,424,355,864,484,317,864,484,317,897,393,481,908,181,695,867,515,304,924,534,366,864,484,317,685,384,279,701,238,429,698,0,239,692,0,310
50007500711,2590,1346,1207,2525,1481,1003,2564,1794,512,2453,1890,515,2589,1826,679,2678,2019,520,2678,2019,520,2777,1725,954,2850,838,1979,2672,2136,465,2886,2285,511,2678,2019,520,2271,1814,410,2347,1056,1237,2325,0,494,2331,0,754
50007500718,1225,695,498,1208,796,381,1228,788,230,1190,955,196,1223,889,268,1337,959,265,1337,959,265,1358,832,458,1383,443,909,1340,1046,234,1387,1033,308,1337,959,265,1063,854,183,1089,553,506,1091,0,202,1079,0,303
50007500727,2503,1508,945,2410,1608,748,2495,1810,423,2380,1941,374,2485,1827,527,2947,2257,438,2947,2257,438,3034,1950,927,3113,1114,1921,2935,2432,389,3159,2567,505,2947,2257,438,2307,1910,330,2350,1217,1050,2354,0,396,2329,0,622
50005500505,1394,461,879,1361,625,698,1376,651,501,1329,761,521,1381,784,514,1506,850,501,1506,850,501,1537,670,787,1564,397,1108,1504,949,482,1577,932,576,1506,850,501,1127,728,363,1144,415,680,1147,0,358,1141,0,532
50007500720,5102,1484,3493,4984,1959,2945,5070,2260,2085,4918,3237,1551,5009,2662,2171,5825,3117,2154,5825,3117,2154,5992,2227,3533,6093,1010,4877,5867,3678,1977,6168,3344,2612,5825,3117,2154,4387,2792,1499,4491,1086,3267,4438,0,1797,4502,0,3152
50007500714,1415,582,816,1379,687,678,1409,849,425,1361,985,352,1405,890,466,1547,1043,425,1547,1043,425,1594,832,725,1616,342,1230,1562,1125,398,1631,1127,452,1547,1043,425,1235,905,316,1252,458,764,1251,0,395,1245,0,544
50007500722,351,134,207,344,176,161,358,200,110,340,250,79,348,219,113,427,278,120,427,278,120,438,213,210,447,112,322,423,300,105,453,310,131,427,278,120,307,217,83,312,107,196,313,0,102,315,0,145
50021502104,749,246,479,734,301,410,751,352,312,708,376,305,747,380,334,804,419,327,804,419,327,827,351,452,844,179,632,801,457,309,853,473,343,804,419,327,608,331,256,638,197,408,628,0,258,627,0,328
50021502126,322,118,194,318,153,163,319,163,122,311,203,98,320,174,132,364,233,105,364,233,105,379,197,169,386,99,279,368,254,103,388,252,128,364,233,105,279,182,90,283,99,173,281,0,94,282,0,122
50021502119,846,269,543,838,363,449,844,385,339,807,484,293,851,476,339,914,460,365,914,460,365,940,390,517,950,178,732,913,524,347,955,534,392,914,460,365,666,422,230,686,182,448,681,0,258,679,0,340
50005500506,262,91,162,255,119,133,263,125,96,254,149,96,260,142,106,312,186,108,312,186,108,317,149,160,328,77,241,310,186,110,329,190,129,312,186,108,240,145,90,247,92,147,243,0,86,242,0,119
50007500730,1261,494,732,1233,609,592,1269,696,371,1206,832,344,1255,782,420,1311,848,362,1311,848,362,1381,703,627,1413,325,1068,1342,943,355,1425,964,413,1311,848,362,1062,756,260,1097,402,658,1092,0,306,1088,0,512
50007500701,676,312,353,668,383,275,674,389,205,655,474,164,676,411,219,742,505,181,742,505,181,759,423,300,780,209,553,739,536,173,778,537,218,742,505,181,620,451,131,627,270,333,626,0,156,628,0,229
50021502109,241,68,161,238,89,146,244,102,103,227,117,105,242,111,123,251,114,127,251,114,127,257,98,156,258,45,205,250,130,114,262,130,130,251,114,127,181,100,69,190,45,139,187,0,82,185,0,105
50021502127,298,125,161,296,147,141,296,139,123,290,161,115,298,160,118,328,157,150,328,157,150,333,139,185,334,81,242,325,164,140,341,170,163,328,157,150,234,140,84,239,86,132,241,0,86,238,0,105
50021502124,2295,732,1519,2230,811,1375,2298,1064,979,2183,1239,882,2284,1179,1024,2347,1238,954,2347,1238,954,2437,933,1445,2462,407,1970,2348,1392,895,2486,1376,1039,2347,1238,954,1880,1079,754,1932,486,1357,1915,0,800,1919,0,1053
50021502120,2238,788,1390,2165,948,1188,2245,1162,845,2109,1336,724,2217,1247,883,2302,1315,805,2302,1315,805,2397,1045,1272,2451,520,1841,2304,1487,738,2482,1503,893,2302,1315,805,1798,1154,606,1864,554,1221,1839,0,692,1829,0,892
50021502117,1532,431,1055,1498,576,879,1527,668,669,1454,800,599,1527,746,720,1612,782,684,1612,782,684,1676,614,993,1711,297,1304,1614,914,641,1737,896,784,1612,782,684,1224,686,488,1261,334,855,1242,0,531,1248,0,675
50021502121,1842,692,1081,1778,827,899,1843,911,704,1742,1089,579,1827,1011,714,1900,1055,664,1900,1055,664,1988,864,1040,2014,417,1499,1890,1204,611,2039,1204,766,1900,1055,664,1375,871,462,1428,444,905,1417,0,506,1416,0,661
50021502102,1887,671,1168,1843,870,933,1871,924,723,1803,1100,643,1877,1056,740,2065,1095,784,2065,1095,784,2138,921,1144,2172,507,1544,2077,1245,745,2184,1213,896,2065,1095,784,1539,973,511,1586,524,959,1580,0,524,1576,0,696
50021502114,94,31,62,91,37,51,95,45,42,89,50,34,95,52,41,108,49,54,108,49,54,110,38,69,115,21,83,109,55,50,117,55,56,108,49,54,68,30,30,69,15,47,70,0,31,70,0,42
50021502123,1661,649,928,1604,746,816,1664,835,628,1567,990,514,1646,936,601,1824,971,683,1824,971,683,1881,793,982,1916,470,1324,1822,1125,617,1951,1106,769,1824,971,683,1302,829,426,1332,418,819,1331,0,491,1320,0,624
50021502122,1328,482,791,1294,581,669,1345,587,557,1260,745,452,1330,714,500,1437,717,522,1437,717,522,1471,648,724,1490,371,1004,1434,851,499,1528,866,598,1437,717,522,935,547,335,971,302,579,959,0,343,941,0,437
50025502519,674,348,268,641,357,235,682,412,174,628,402,186,665,408,180,708,446,171,708,446,171,732,426,272,748,284,417,707,482,175,769,553,191,708,446,171,577,413,132,595,305,241,593,0,119,582,0,164
50025502514,995,643,315,955,669,262,992,652,209,930,645,232,991,684,218,1057,722,228,1057,722,228,1094,678,330,1117,471,581,1043,751,228,1141,842,261,1057,722,228,839,628,170,845,497,304,850,0,151,843,0,200
50025502515,1295,950,292,1260,979,244,1311,992,175,1209,920,205,1296,989,196,1401,1051,197,1401,1051,197,1438,1062,284,1487,805,592,1392,1088,192,1515,1234,235,1401,1051,197,1161,976,124,1202,863,280,1200,0,126,1179,0,176
50025502512,930,387,521,891,446,417,942,517,303,867,482,334,928,529,318,1033,577,326,1033,577,326,1066,547,457,1106,313,752,1012,614,313,1118,744,347,1033,577,326,779,503,242,819,311,454,811,0,236,803,0,304
50025502524,1042,530,470,978,527,407,1046,591,338,950,528,338,1037,606,326,1071,640,314,1071,640,314,1112,646,420,1134,381,694,1065,673,334,1156,789,341,1071,640,314,789,473,245,811,366,388,809,0,217,795,0,295
50025502502,2117,1417,625,2034,1418,569,2143,1489,426,1990,1385,490,2109,1518,422,2244,1578,460,2244,1578,460,2291,1507,677,2328,1004,1205,2210,1623,466,2391,1833,500,2244,1578,460,1713,1319,320,1751,1054,599,1738,0,284,1715,0,412
50025502504,1929,1476,375,1864,1458,335,1959,1515,221,1812,1409,269,1910,1467,248,2062,1541,237,2062,1541,237,2084,1579,366,2142,1216,807,2022,1593,240,2186,1857,270,2062,1541,237,1710,1432,177,1745,1243,396,1746,0,159,1729,0,230
50027502714,595,313,261,582,342,224,592,395,130,577,403,156,595,351,219,638,437,140,638,437,140,663,388,265,669,188,469,647,482,135,679,509,146,638,437,140,507,393,103,523,217,283,522,0,95,521,0,157
50027502715,374,186,176,354,190,153,373,231,108,343,206,122,366,222,132,415,260,112,415,260,112,431,227,190,439,123,308,418,288,105,445,312,120,415,260,112,339,222,99,354,113,207,347,0,92,346,0,120
50011501107,630,145,470,623,161,455,628,229,296,614,344,253,629,305,304,739,308,335,739,308,335,750,217,489,763,84,621,735,379,326,754,318,407,739,308,335,537,302,213,547,147,373,545,0,248,548,0,357
50011501106,702,261,428,690,317,357,701,336,240,675,454,210,698,414,248,786,433,261,786,433,261,805,338,435,820,186,613,786,502,255,824,494,291,786,433,261,593,394,179,601,222,357,606,0,196,605,0,294
50027502703,562,268,273,540,296,236,569,339,174,513,327,169,558,331,200,632,412,170,632,412,170,651,375,255,664,198,447,622,438,151,669,465,177,632,412,170,512,355,137,525,217,284,522,0,142,520,0,192
50025502503,1800,1393,321,1743,1385,287,1835,1343,212,1690,1324,234,1792,1362,203,1935,1446,256,1935,1446,256,1978,1472,383,2005,1044,843,1904,1500,259,2086,1733,283,1935,1446,256,1565,1272,180,1601,1094,413,1598,0,145,1575,0,222
50027502709,3882,2165,1563,3737,2270,1348,3899,2452,947,3668,2487,1019,3879,2493,1150,4451,2877,1097,4451,2877,1097,4593,2607,1774,4674,1579,2887,4438,3104,1069,4758,3470,1158,4451,2877,1097,3185,2368,696,3278,1584,1530,3249,0,652,3237,0,967
50027502712,2297,1750,483,2201,1759,400,2321,1982,191,2127,1782,297,2299,1928,297,2365,1995,244,2365,1995,244,2457,1976,424,2490,1143,1307,2346,2010,234,2570,2316,211,2365,1995,244,2064,1806,194,2125,1337,745,2130,0,175,2086,0,290
50011501103,1206,375,787,1193,468,706,1195,502,429,1161,772,351,1198,715,401,1223,575,465,1223,575,465,1249,455,732,1270,198,1004,1230,769,422,1274,640,590,1223,575,465,1038,690,311,1071,262,751,1064,0,360,1053,0,589
50027502716,646,341,288,633,386,237,643,393,162,618,431,151,646,411,186,682,454,164,682,454,164,712,417,265,722,239,457,679,478,155,732,526,183,682,454,164,582,416,141,603,257,316,594,0,129,591,0,187
50027502704,1010,423,555,991,534,434,997,543,299,955,633,289,1005,603,352,1103,655,335,1103,655,335,1135,568,518,1132,316,772,1086,704,316,1147,728,381,1103,655,335,875,600,247,911,330,536,900,0,242,911,0,361
50019501920,220,62,147,214,92,116,216,103,93,212,102,104,215,95,105,222,119,80,222,119,80,230,97,125,233,48,172,222,144,71,240,126,102,222,119,80,175,102,71,176,60,110,174,0,70,176,0,88
50023502321,1080,611,438,1039,674,347,1079,752,182,1006,739,220,1062,743,249,1192,866,206,1192,866,206,1224,812,371,1250,458,761,1173,929,189,1264,1039,179,1192,866,206,997,786,156,1027,508,484,1017,0,162,1013,0,270
50025502523,640,253,360,608,290,305,642,283,285,594,269,275,625,311,261,712,322,313,712,322,313,729,319,366,748,190,484,703,352,313,775,397,340,712,322,313,486,265,196,502,203,262,498,0,172,495,0,222
50025502511,509,257,226,488,291,180,513,311,132,476,306,143,504,309,141,562,352,148,562,352,148,561,297,232,574,211,342,565,357,151,581,406,149,562,352,148,373,268,93,384,190,165,384,0,91,380,0,135
50023502305,1376,406,945,1344,597,717,1356,658,454,1321,874,403,1371,720,581,1475,924,460,1475,924,460,1513,657,805,1536,316,1176,1459,978,425,1534,960,520,1475,924,460,1139,750,364,1167,320,810,1145,0,390,1163,0,596
50023502306,794,333,432,768,414,339,793,394,252,742,460,258,786,454,285,834,516,264,834,516,264,861,430,398,874,202,658,826,530,261,892,558,296,834,516,264,659,431,205,684,276,382,675,0,194,682,0,282
50019501917,651,180,447,637,284,342,646,243,283,624,361,240,643,307,303,768,345,339,768,345,339,779,268,474,783,144,574,761,418,320,795,370,394,768,345,339,505,288,203,521,145,354,519,0,209,516,0,263
50019501909,425,182,226,413,235,165,426,271,96,405,257,136,423,291,117,465,332,98,465,332,98,471,300,157,483,161,312,460,343,93,491,365,106,465,332,98,350,270,70,356,166,175,350,0,68,356,0,117
50019501904,468,136,308,455,203,235,464,184,210,445,234,189,457,219,199,496,227,217,496,227,217,516,202,284,524,105,376,502,254,221,541,247,274,496,227,217,374,207,153,383,110,256,384,0,164,378,0,198
50009500909,5,1,4,5,2,3,5,2,3,5,3,2,5,3,2,7,3,3,7,3,3,7,2,5,6,1,5,6,3,3,7,3,4,7,3,3,2,1,1,1,0,1,2,0,1,2,0,1
50017501709,542,116,416,527,186,330,538,186,265,522,278,222,535,211,298,591,260,297,591,260,297,606,167,425,612,74,499,581,273,286,610,261,324,591,260,297,404,216,177,409,67,326,411,0,190,411,0,266
50001500116,330,201,124,318,227,86,335,228,58,308,251,49,327,251,62,343,252,62,343,252,62,354,246,94,361,165,189,346,271,57,369,280,76,343,252,62,295,248,38,300,183,105,301,0,39,301,0,58
50001500114,653,172,465,646,208,413,648,270,284,630,346,267,649,307,318,716,351,297,716,351,297,730,250,453,742,111,593,711,401,289,752,367,351,716,351,297,603,333,250,623,150,410,609,0,264,612,0,364
50001500118,650,262,373,633,311,311,650,356,211,602,401,184,649,390,236,692,400,219,692,400,219,721,331,362,738,185,527,691,453,205,742,445,263,692,400,219,558,379,163,571,192,353,563,0,173,570,0,268
50003500301,1256,543,666,1222,601,580,1268,662,435,1212,647,465,1250,732,432,1400,792,464,1400,792,464,1409,715,616,1458,385,922,1381,853,465,1485,929,511,1400,792,464,1048,642,325,1076,451,550,1072,0,306,1062,0,407
50003500302,3041,1627,1280,2916,1709,1085,3046,1764,970,2880,1585,844,3039,1936,828,3277,1889,1005,3277,1889,1005,3382,1937,1231,3465,1138,1869,3252,1993,1024,3549,2226,1193,3277,1889,1005,2468,1539,629,2534,1210,1096,2537,0,585,2483,0,862
50019501905,510,135,366,490,204,276,510,196,244,486,304,167,504,255,215,542,262,241,542,262,241,556,195,337,562,97,428,542,297,225,568,245,294,542,262,241,393,232,142,396,108,269,397,0,180,397,0,222
50001500115,345,114,227,339,153,184,338,171,126,340,216,118,342,178,150,409,240,125,409,240,125,410,197,196,417,96,307,406,274,114,420,271,137,409,240,125,295,186,86,302,110,185,293,0,95,301,0,131
50001500109,495,152,332,482,198,270,492,217,207,470,273,178,492,258,211,524,272,206,524,272,206,534,228,297,540,104,402,528,323,183,542,296,230,524,272,206,381,227,143,392,100,270,392,0,159,391,0,195
50015501501,161,40,115,154,56,95,158,53,85,155,80,69,159,73,80,169,73,76,169,73,76,170,58,104,176,28,139,171,86,77,176,79,93,169,73,76,127,62,60,131,38,87,132,0,56,130,0,79
50003500310,376,159,193,360,167,173,379,166,173,351,164,141,387,191,127,410,188,179,410,188,179,415,174,219,416,123,249,398,187,185,431,203,212,410,188,179,297,151,127,303,130,143,304,0,74,299,0,141
50005500511,308,80,210,299,121,171,303,110,131,291,155,122,301,144,125,351,156,153,351,156,153,364,136,210,368,82,256,349,190,136,374,197,163,351,156,153,243,133,102,250,65,169,247,0,96,247,0,134
50005500509,482,204,260,477,240,208,472,291,113,468,278,176,481,291,168,498,313,143,498,313,143,504,275,208,516,131,365,483,326,114,519,357,141,498,313,143,417,300,106,428,199,209,420,0,113,422,0,145
50007500706,2765,1599,1089,2695,1725,906,2766,1914,505,2658,2187,389,2750,2026,590,3259,2501,484,3259,2501,484,3334,2162,996,3410,1294,2028,3274,2669,439,3458,2756,589,3259,2501,484,2465,2066,327,2527,1293,1159,2510,0,417,2496,0,710
50007500709,2801,1661,1060,2732,1786,879,2819,1962,489,2694,2216,388,2784,2067,572,2944,2262,430,2944,2262,430,3012,1967,877,3066,1197,1805,2950,2408,389,3101,2505,513,2944,2262,430,2526,2122,322,2584,1370,1143,2565,0,408,2561,0,690
50021502128,1111,399,670,1085,474,588,1113,529,463,1050,575,431,1107,567,491,1214,593,507,1214,593,507,1242,498,681,1279,301,907,1216,675,476,1298,703,563,1214,593,507,884,522,335,890,274,555,900,0,372,902,0,436
50021502108,387,141,235,378,173,198,389,188,163,369,195,163,386,192,168,406,211,158,406,211,158,419,178,222,421,91,314,404,228,118,427,221,191,406,211,158,301,162,124,310,85,194,304,0,127,308,0,147
50021502115,751,316,413,732,350,363,754,368,311,716,389,292,742,413,282,831,425,326,831,425,326,850,404,406,876,270,571,834,465,323,887,496,369,831,425,326,671,405,239,680,230,396,688,0,245,682,0,301
50023502320,1126,573,527,1078,667,391,1111,751,210,1040,772,228,1114,784,275,1167,869,205,1167,869,205,1205,783,381,1230,388,816,1150,901,198,1248,1023,200,1167,869,205,972,766,175,1018,449,529,1015,0,186,1007,0,304
50019501918,303,98,194,293,135,154,303,134,123,290,166,111,298,148,130,318,177,120,318,177,120,328,141,173,343,75,248,317,181,122,349,190,146,318,177,120,258,159,91,257,85,162,256,0,93,256,0,121
50027502724,1684,858,734,1632,989,564,1695,964,462,1594,1055,464,1692,1062,485,1782,1044,503,1782,1044,503,1837,955,770,1859,525,1225,1768,1145,513,1890,1266,537,1782,1044,503,1313,898,351,1347,556,696,1350,0,323,1348,0,454
50027502705,509,227,260,493,235,206,522,280,160,485,304,161,511,273,198,562,308,200,562,308,200,589,262,306,593,138,433,568,347,186,601,372,212,562,308,200,417,256,142,430,139,260,426,0,136,420,0,161
50011501110,644,267,339,629,347,270,658,302,231,620,399,192,653,385,210,715,383,223,715,383,223,726,353,316,747,244,457,702,418,228,756,449,278,715,383,223,578,390,167,591,279,290,593,0,168,588,0,232
50011501111,834,252,555,820,287,513,827,324,388,816,491,296,833,467,322,908,378,369,908,378,369,914,310,535,926,172,674,906,512,355,942,434,478,908,378,369,612,379,208,631,179,418,629,0,238,617,0,344
50011501112,817,187,617,801,211,583,815,305,377,794,510,264,807,422,359,951,404,409,951,404,409,980,294,643,993,113,819,957,532,391,1015,435,532,951,404,409,648,410,220,661,121,512,661,0,262,657,0,415
50001500105,1618,613,962,1590,748,828,1607,892,501,1579,1077,475,1616,973,594,1778,1144,522,1778,1144,522,1807,909,841,1815,449,1326,1770,1246,472,1830,1202,561,1778,1144,522,1402,977,402,1420,496,888,1419,0,442,1416,0,647
50023502310,826,423,384,792,482,295,823,586,142,764,567,174,827,584,201,908,700,159,908,700,159,938,599,316,954,293,649,902,711,158,971,796,150,908,700,159,718,570,129,747,318,402,740,0,140,733,0,225
50003500318,178,83,85,164,95,63,177,94,66,160,88,50,178,114,49,186,87,78,186,87,78,190,87,91,191,51,110,184,95,81,196,95,96,186,87,78,139,87,39,142,61,67,142,0,28,138,0,42
50003500303,2971,1490,1366,2816,1569,1128,2979,1597,979,2802,1459,866,2949,1815,826,3298,1819,1062,3298,1819,1062,3379,1796,1324,3432,1019,1916,3284,1958,1095,3547,2143,1280,3298,1819,1062,2374,1388,641,2446,1049,1147,2472,0,587,2386,0,858
50019501910,299,55,233,291,102,183,302,81,175,281,137,133,299,103,166,332,120,177,332,120,177,340,102,224,351,52,266,334,149,177,358,139,210,332,120,177,251,115,127,262,54,190,257,0,134,257,0,153
50003500314,1807,815,941,1747,906,792,1809,949,659,1717,850,656,1805,1023,640,2086,1192,710,2086,1192,710,2143,1115,940,2190,646,1332,2072,1225,754,2219,1342,816,2086,1192,710,1542,868,509,1584,631,815,1614,0,408,1570,0,652
50001500104,743,383,347,725,441,277,737,517,147,705,530,161,744,537,187,822,619,158,822,619,158,832,542,261,847,268,566,815,646,145,850,663,145,822,619,158,682,543,123,700,336,346,698,0,135,694,0,200
50001500119,928,445,459,916,522,374,931,534,256,897,622,247,922,552,310,989,612,299,989,612,299,1007,485,464,1020,289,698,983,661,283,1023,636,333,989,612,299,803,562,206,809,357,417,808,0,228,810,0,300
50013501305,1127,464,641,1108,543,555,1120,672,301,1093,810,265,1125,716,357,1259,863,327,1259,863,327,1294,673,591,1306,264,1015,1261,922,297,1309,903,376,1259,863,327,1049,808,217,1068,396,650,1059,0,296,1064,0,494
50009500915,114,33,77,111,35,75,117,39,60,108,42,66,112,56,52,131,61,63,131,61,63,137,45,88,137,12,121,132,66,63,145,67,74,131,61,63,97,46,49,102,24,77,100,0,48,96,0,56
50005500514,461,108,338,437,167,261,426,168,220,430,194,225,450,210,212,501,234,216,501,234,216,525,181,324,521,99,392,495,270,209,539,245,275,501,234,216,341,174,154,348,81,254,342,0,144,342,0,192
50009500904,547,136,384,533,195,320,555,227,273,521,275,219,547,272,237,575,240,278,575,240,278,588,199,373,545,97,404,532,272,235,612,255,338,575,240,278,443,224,208,440,118,304,441,0,181,441,0,250
50009500916,86,19,64,84,23,60,84,30,46,81,40,38,83,35,42,102,40,53,102,40,53,106,32,73,106,18,83,103,44,58,108,44,62,102,40,53,69,35,34,71,12,56,71,0,39,70,0,46
50015501503,563,141,402,549,232,311,561,221,241,535,322,202,553,272,247,591,261,261,591,261,261,613,210,377,622,132,452,596,328,243,634,303,313,591,261,261,398,245,137,404,113,279,399,0,144,402,0,209
50017501719,1556,361,1164,1517,540,947,1541,627,658,1490,924,524,1548,713,766,1764,841,801,1764,841,801,1811,532,1230,1851,231,1526,1764,974,734,1862,858,923,1764,841,801,1222,753,436,1241,237,954,1240,0,504,1238,0,733
50017501716,551,133,405,533,194,329,536,217,241,523,316,188,550,209,327,573,288,245,573,288,245,602,189,396,601,108,458,576,320,225,609,306,283,573,288,245,445,280,156,457,123,308,458,0,179,455,0,249
50017501714,711,286,408,696,346,331,702,349,242,676,436,209,708,372,298,831,482,280,831,482,280,853,414,414,858,225,606,821,535,237,863,514,314,831,482,280,658,437,194,679,238,386,676,0,207,670,0,282
50003500312,217,96,115,213,98,111,217,99,95,214,101,94,217,108,85,238,112,101,238,112,101,249,113,115,249,84,136,236,137,89,253,147,96,238,112,101,184,102,65,193,77,99,190,0,69,187,0,81
50025502525,282,75,195,266,122,134,275,156,79,260,147,97,278,149,90,266,152,76,266,152,76,268,125,123,279,69,192,265,159,75,282,187,83,266,152,76,199,144,47,208,77,121,208,0,44,206,0,68
50009500912,56,12,43,57,23,33,55,18,28,52,20,29,57,24,26,46,19,13,46,19,13,49,13,28,50,9,39,47,22,20,49,25,23,46,19,13,39,22,13,41,7,32,41,0,15,39,0,19
50007500705,2558,1878,576,2494,1983,434,2609,1987,244,2407,2036,235,2541,2015,286,2712,2098,237,2712,2098,237,2788,2020,482,2846,1584,1202,2690,2235,215,2914,2554,258,2712,2098,237,2450,2139,183,2544,1764,667,2533,0,204,2494,0,337
50007500704,1900,1467,339,1847,1539,241,1954,1531,134,1765,1507,143,1884,1529,154,2134,1630,139,2134,1630,139,2194,1631,282,2266,1355,824,2123,1752,137,2312,2067,165,2134,1630,139,1873,1653,108,1937,1435,396,1938,0,105,1907,0,180
50007500732,3034,1885,1057,2935,1999,859,3068,2105,536,2878,2309,446,3006,2180,606,3491,2603,476,3491,2603,476,3560,2303,918,3623,1575,1947,3486,2763,454,3701,3005,585,3491,2603,476,2732,2296,343,2812,1637,1062,2797,0,383,2764,0,661
50007500710,1516,1170,291,1452,1160,235,1568,1310,99,1398,1204,125,1514,1244,139,1365,1065,85,1365,1065,85,1409,1058,175,1453,816,583,1350,1122,84,1506,1363,94,1365,1065,85,1707,1516,102,1767,1285,385,1766,0,99,1721,0,177
50005500515,520,185,320,518,275,230,519,246,168,500,268,219,512,302,186,559,318,184,559,318,184,569,255,288,577,158,395,564,353,184,586,351,207,559,318,184,434,264,155,447,158,260,439,0,154,446,0,199
50021502118,1433,516,873,1396,639,716,1440,652,599,1359,754,540,1428,765,565,1564,730,693,1564,730,693,1604,634,880,1629,360,1181,1547,799,672,1664,844,755,1564,730,693,1187,696,439,1209,391,715,1217,0,435,1216,0,565
50021502129,577,181,377,559,212,325,575,209,312,551,239,276,576,260,286,698,271,362,698,271,362,709,239,442,726,136,544,694,307,346,742,315,416,698,271,362,478,217,239,495,125,344,491,0,231,485,0,268
50021502105,1248,361,861,1224,443,759,1242,470,641,1192,622,533,1245,558,633,1401,578,724,1401,578,724,1427,451,929,1448,235,1143,1385,693,649,1469,656,782,1401,578,724,981,487,465,1009,210,739,1005,0,519,994,0,604
50007500703,1478,1152,274,1406,1135,218,1527,1274,96,1360,1179,117,1468,1213,128,1950,1523,130,1950,1523,130,2010,1509,255,2076,1128,881,1947,1614,124,2143,1947,134,1950,1523,130,1700,1503,100,1756,1279,382,1762,0,97,1716,0,173
50007500725,2588,1478,1076,2508,1546,919,2582,1899,433,2495,2056,388,2577,1938,560,2848,2284,404,2848,2284,404,2929,1916,913,2993,966,1981,2848,2419,361,3031,2513,443,2848,2284,404,2268,1934,292,2331,1146,1126,2294,0,421,2295,0,675
50021502111,646,221,408,634,252,372,638,302,268,600,315,263,645,322,301,746,408,275,746,408,275,763,339,396,776,176,577,742,441,260,780,445,314,746,408,275,539,308,216,552,154,374,554,0,239,549,0,278
50021502125,664,279,356,653,269,334,661,325,269,638,375,243,661,357,276,654,347,247,654,347,247,672,295,344,678,181,464,643,380,237,690,395,268,654,347,247,518,318,177,536,194,314,539,0,182,535,0,243
50021502110,656,248,383,636,290,324,661,357,232,616,335,247,655,357,254,787,444,254,787,444,254,800,373,403,825,217,578,764,477,248,836,560,255,787,444,254,542,320,194,568,164,371,560,0,192,558,0,245
50021502106,648,206,415,632,252,350,641,252,291,615,291,283,644,295,299,716,271,370,716,271,370,734,233,457,748,154,543,707,325,346,755,325,405,716,271,370,507,260,225,509,149,315,519,0,235,513,0,273
50025502506,779,357,394,748,361,360,783,409,279,732,368,304,778,431,276,904,534,285,904,534,285,912,490,382,950,261,630,879,530,306,948,613,296,904,534,285,637,366,236,662,258,363,655,0,205,660,0,293
50011050113,425,164,248,418,175,235,425,217,136,414,285,115,428,267,130,452,236,114,452,236,114,455,211,211,467,110,329,447,306,122,471,305,144,452,236,114,345,246,88,360,127,211,360,0,100,348,0,163
50011501118,377,146,221,370,154,209,375,192,121,364,253,101,374,236,117,476,248,118,476,248,118,480,222,222,484,114,346,473,323,126,492,320,153,476,248,118,305,216,79,309,114,187,314,0,90,308,0,146
50011501114,471,183,277,466,194,265,473,244,153,462,319,128,468,299,144,544,284,138,544,284,138,549,254,253,565,133,398,544,371,146,565,364,174,544,284,138,388,276,101,398,140,241,400,0,113,390,0,183
50011501116,341,132,198,332,138,188,340,175,109,330,227,91,340,213,105,395,208,101,395,208,101,401,185,185,399,95,288,393,271,104,409,267,128,395,208,101,278,197,70,278,102,172,278,0,80,279,0,130
50011501117,492,193,288,490,204,278,491,252,157,478,333,133,491,313,153,585,308,147,585,308,147,596,276,276,599,142,427,589,403,159,610,397,190,585,308,147,404,287,106,408,150,249,410,0,117,410,0,192
50011501115,405,158,237,399,167,226,401,207,131,396,276,109,403,256,124,487,257,121,487,257,121,494,230,227,505,119,356,491,334,130,510,329,157,487,257,121,332,237,84,339,121,203,343,0,96,333,0,158
50027502702,128,44,81,126,51,73,126,50,60,123,65,54,127,57,54,128,55,59,128,55,59,137,42,87,139,28,101,124,62,56,143,63,72,128,55,59,99,51,44,99,25,66,103,0,47,103,0,56
50023502307,1024,552,443,1010,661,327,1020,688,195,976,737,203,1017,716,247,1095,798,223,1095,798,223,1115,686,369,1130,436,663,1081,824,199,1148,886,221,1095,798,223,879,687,158,913,491,388,908,0,149,903,0,252
50025502513,567,411,138,549,407,128,575,432,90,545,416,95,567,436,89,614,468,78,614,468,78,617,459,130,643,368,255,601,465,89,646,528,94,614,468,78,507,418,57,530,387,115,535,0,36,516,0,70
50019501903,395,109,273,382,148,230,391,146,193,368,198,166,385,187,175,453,197,212,453,197,212,469,157,293,477,75,360,453,244,195,490,218,265,453,197,212,307,176,121,319,98,205,316,0,128,314,0,166
50013501302,1184,387,773,1161,500,637,1174,594,431,1159,805,334,1179,676,457,1369,849,427,1369,849,427,1383,622,729,1400,254,1109,1362,915,412,1409,831,538,1369,849,427,1058,743,291,1075,312,716,1068,0,356,1076,0,579
50009500903,111,36,70,106,41,61,110,30,52,104,54,43,112,54,44,124,50,60,124,50,60,130,45,85,129,29,92,120,46,62,130,55,73,124,50,60,70,29,38,74,20,48,74,0,36,71,0,40
50001500120,1238,543,660,1214,649,543,1219,712,326,1205,870,300,1230,786,391,1429,952,364,1429,952,364,1463,763,660,1481,420,1034,1430,1024,348,1478,1016,428,1429,952,364,1123,832,255,1134,477,624,1128,0,281,1131,0,421
50003500313,58,14,38,55,20,31,58,19,36,54,15,27,55,20,29,60,25,33,60,25,33,62,17,42,62,14,47,60,23,34,64,28,36,60,25,33,38,15,18,36,12,19,38,0,15,37,0,19
50001500107,146,82,61,141,87,49,148,82,29,134,103,24,147,98,36,161,116,26,161,116,26,163,106,51,164,57,106,162,127,26,169,136,30,161,116,26,125,99,18,128,62,58,133,0,20,127,0,26
50015501510,801,295,477,783,400,362,798,397,276,764,499,240,802,473,284,883,527,278,883,527,278,899,458,415,919,224,662,882,578,261,923,589,306,883,527,278,666,468,181,677,278,374,675,0,169,668,0,270
50005500517,397,126,256,383,173,201,394,156,175,372,183,174,393,201,160,429,224,172,429,224,172,443,190,236,447,112,301,420,251,157,452,236,200,429,224,172,321,178,131,327,125,191,329,0,131,327,0,159
50021502116,295,120,163,287,134,144,294,147,114,276,170,92,290,153,117,313,192,99,313,192,99,321,154,156,330,94,223,310,205,95,332,206,120,313,192,99,254,144,98,257,74,167,258,0,98,258,0,123
50021502131,1043,277,727,1022,358,633,1036,384,541,1001,520,424,1035,489,487,1126,471,530,1126,471,530,1146,367,716,1154,178,883,1120,563,513,1167,510,613,1126,471,530,822,427,345,835,198,558,832,0,375,838,0,463
50027502720,423,171,228,417,211,190,426,222,140,397,250,131,419,231,156,453,286,109,453,286,109,466,268,181,471,120,340,453,321,104,477,341,123,453,286,109,338,225,93,341,108,211,341,0,90,340,0,124
50019501914,339,74,258,334,83,232,337,101,197,326,148,167,335,125,197,376,174,178,376,174,178,383,135,241,389,41,335,371,190,158,401,172,218,376,174,178,273,134,136,289,53,221,281,0,152,283,0,183
50025502507,1145,754,349,1107,765,314,1154,797,213,1091,765,266,1141,822,232,1260,900,253,1260,900,253,1286,860,368,1320,610,663,1237,917,249,1357,1035,281,1260,900,253,1001,796,176,1026,636,337,1021,0,154,1024,0,234
50001500117,556,198,341,546,261,275,555,296,189,534,348,168,556,321,206,648,371,222,648,371,222,668,304,345,678,158,502,643,426,199,676,393,258,648,371,222,465,321,132,474,143,316,473,0,147,473,0,223
50001500123,199,63,127,189,94,91,197,95,68,186,130,49,192,114,67,206,119,68,206,119,68,213,96,111,216,43,145,205,127,69,218,124,84,206,119,68,165,115,44,177,40,129,170,0,46,169,0,76
50015501509,376,120,246,368,157,205,375,161,146,356,223,123,372,185,168,428,205,190,428,205,190,441,160,264,451,75,347,429,248,164,454,227,209,428,205,190,343,227,104,367,113,243,357,0,124,363,0,199
50009500913,0,0,0,0,0,0,0,0,0,0,0,0,0,0,0,0,0,0,0,0,0,0,0,0,0,0,0,0,0,0,0,0,0,0,0,0,0,0,0,0,0,0,0,0,0,0,0,0
50001500106,125,66,53,121,72,48,123,78,31,116,75,36,125,75,41,127,80,34,127,80,34,129,74,48,129,48,76,127,86,31,126,90,34,127,80,34,108,82,22,111,57,51,106,0,19,110,0,36
50025502501,164,71,79,154,75,70,166,69,61,155,76,62,163,92,48,193,94,70,193,94,70,204,97,87,210,67,128,189,100,69,214,120,84,193,94,70,139,79,47,143,60,73,142,0,46,141,0,49
50025502517,0,0,0,0,0,0,0,0,0,0,0,0,0,0,0,0,0,0,0,0,0,0,0,0,0,0,0,0,0,0,0,0,0,0,0,0,0,0,0,0,0,0,0,0,0,0,0,0
50001500108,159,58,97,153,75,70,159,75,54,154,102,44,157,84,64,161,95,51,161,95,51,166,84,78,171,49,119,163,110,48,171,102,57,161,95,51,138,92,39,139,43,86,141,0,36,137,0,53
50003500308,236,129,103,226,120,101,231,166,54,218,137,71,229,145,69,284,181,77,284,181,77,288,175,104,295,116,168,282,186,77,300,218,71,284,181,77,200,140,51,204,97,103,205,0,44,198,0,58
50023502324,597,305,277,589,370,201,594,374,117,580,433,120,593,408,145,603,429,123,603,429,123,617,385,196,621,239,362,592,457,99,624,464,125,603,429,123,502,391,88,513,255,239,509,0,97,510,0,148
50009500901,9,3,6,8,3,5,10,4,5,9,4,4,9,5,4,11,5,5,11,5,5,11,5,6,11,2,9,11,6,4,12,6,6,11,5,5,8,5,3,8,2,6,8,0,3,8,0,4
50021502130,137,35,100,139,56,83,133,56,56,127,74,49,138,68,64,146,74,65,146,74,65,151,61,84,150,25,104,144,81,59,151,78,70,146,74,65,112,66,42,113,25,75,114,0,42,115,0,66
50025502505,284,166,114,270,177,87,287,169,68,269,175,81,288,176,78,311,176,95,311,176,95,320,179,123,329,127,189,306,198,87,329,217,96,311,176,95,220,144,64,225,113,97,224,0,61,222,0,65
50017501713,579,146,418,567,210,314,574,226,274,540,285,235,570,244,307,616,271,300,616,271,300,638,238,382,638,105,494,619,320,272,646,273,356,616,271,300,430,232,186,434,108,304,435,0,188,436,0,239
50015501504,550,254,281,535,301,227,541,339,132,525,350,156,546,358,168,582,406,145,582,406,145,597,344,232,607,144,446,576,410,147,606,447,149,582,406,145,499,367,111,507,230,264,504,0,109,504,0,177
50009500917,65,16,48,63,15,46,65,18,38,65,32,31,60,21,36,51,14,32,51,14,32,52,6,46,55,5,47,54,24,29,55,17,36,51,14,32,47,18,26,49,5,42,48,0,29,48,0,35
50009500911,144,51,92,140,48,87,144,40,76,137,65,69,144,64,72,165,69,87,165,69,87,171,60,107,171,34,130,169,75,91,174,79,90,165,69,87,103,49,51,107,28,75,102,0,46,107,0,62
50025502010,418,205,192,406,216,176,433,202,183,396,195,169,420,210,162,457,238,162,457,238,162,466,227,205,475,157,280,454,245,180,492,273,193,457,238,162,347,211,119,354,162,160,355,0,105,349,0,136
50021502112,484,198,266,473,226,235,484,233,179,461,265,176,483,267,195,525,280,209,525,280,209,535,242,273,547,160,367,521,288,203,549,308,225,525,280,209,420,255,151,449,168,256,445,0,154,436,0,185
50003500315,464,192,251,432,183,218,474,203,238,426,175,207,455,227,182,485,207,228,485,207,228,496,206,254,509,102,329,477,224,224,539,254,267,485,207,228,363,165,165,367,127,209,374,0,131,366,0,198
50027502713,344,141,185,322,153,164,348,173,125,320,176,129,344,175,147,369,209,123,369,209,123,371,181,180,371,88,271,366,230,115,371,251,104,369,209,123,254,161,82,265,102,143,261,0,80,261,0,98
50005500513,102,45,49,102,69,33,100,58,22,95,66,25,97,68,25,106,74,24,106,74,24,108,69,38,112,39,70,108,77,25,114,82,28,106,74,24,89,70,13,90,56,30,92,0,14,89,0,18
50001500121,283,108,165,277,129,143,275,149,83,269,165,99,279,170,98,323,207,88,323,207,88,324,151,161,326,85,236,318,214,70,326,216,102,323,207,88,261,183,73,262,93,160,262,0,79,265,0,126
50009500910,43,10,33,41,17,24,41,12,22,40,21,18,41,27,13,42,15,21,42,15,21,43,14,26,43,13,27,43,19,12,43,20,23,42,15,21,36,18,18,37,6,28,34,0,14,37,0,22
50009500919,0,0,0,0,0,0,0,0,0,0,0,0,0,0,0,0,0,0,0,0,0,0,0,0,0,0,0,0,0,0,0,0,0,0,0,0,0,0,0,0,0,0,0,0,0,0,0,0
50003500305,5,2,3,5,3,2,5,3,2,6,3,2,5,3,2,5,3,2,5,3,2,6,3,3,6,2,4,5,3,2,6,4,2,5,3,2,3,2,1,4,2,2,4,0,1,4,0,2
50007500702,12,7,5,12,8,4,11,8,2,11,9,2,12,9,3,18,13,3,18,13,3,17,11,6,18,6,12,18,14,3,18,14,4,18,13,3,15,12,3,15,8,7,15,0,3,15,0,4
50009500902,0,0,0,0,0,0,0,0,0,0,0,0,0,0,0,0,0,0,0,0,0,0,0,0,0,0,0,0,0,0,0,0,0,0,0,0,0,0,0,0,0,0,0,0,0,0,0,0
50009500918,0,0,0,0,0,0,0,0,0,0,0,0,0,0,0,0,0,0,0,0,0,0,0,0,0,0,0,0,0,0,0,0,0,0,0,0,0,0,0,0,0,0,0,0,0,0,0,0
