GEOID20,Tot_2010_tot,Wh_2010_tot,His_2010_tot,BlC_2010_tot,NatC_2010_tot,AsnC_2010_tot,PacC_2010_tot,Tot_2010_vap,Wh_2010_vap,His_2010_vap,BlC_2010_vap,NatC_2010_vap,AsnC_2010_vap,PacC_2010_vap,Tot_2018_acstot,Wh_2018_acstot,His_2018_acstot,BlC_2018_acstot,NatC_2018_acstot,AsnC_2018_acstot,PacC_2018_acstot,Tot_2018_cvap,Wh_2018_cvap,His_2018_cvap,BlC_2018_cvap,NatC_2018_cvap,AsnC_2018_cvap,PacC_2018_cvap,Tot_2019_acstot,Wh_2019_acstot,His_2019_acstot,BlC_2019_acstot,NatC_2019_acstot,AsnC_2019_acstot,PacC_2019_acstot,Tot_2019_cvap,Wh_2019_cvap,His_2019_cvap,BlC_2019_cvap,NatC_2019_cvap,AsnC_2019_cvap,PacC_2019_cvap,Tot_2020_acstot,Wh_2020_acstot,His_2020_acstot,BlC_2020_acstot,NatC_2020_acstot,AsnC_2020_acstot,PacC_2020_acstot,Tot_2020_cvap,Wh_2020_cvap,His_2020_cvap,BlC_2020_cvap,NatC_2020_cvap,AsnC_2020_cvap,PacC_2020_cvap,Tot_2020_tot,Wh_2020_tot,His_2020_tot,BlC_2020_tot,NatC_2020_tot,AsnC_2020_tot,PacC_2020_tot,Tot_2020_vap,Wh_2020_vap,His_2020_vap,BlC_2020_vap,NatC_2020_vap,AsnC_2020_vap,PacC_2020_vap,Tot_2020_nhvap,Wh_2020_nhvap,His_2020_nhvap,Bl_2020_nhvap,Asn_2020_nhvap,Nat_2020_nhvap,Pac_2020_nhvap,OthAl_2020_nhvap,Mix_2020_nhvap
50007500721,4069,3925,38,25,44,51,5,3038,2947,27,14,32,26,2,4127,3949,25,1,52,96,4,3137,3082,0,4,29,30,0,4132,3940,47,43,25,72,5,3197,3112,0,25,29,24,0,4129,3751,44,63,16,251,4,3080,2972,0,55,15,39,0,4167,3833,83,39,69,75,2,3269,3050,57,31,43,40,2,3269,3050,57,19,16,0,0,14,113
50007500719,5015,4829,72,49,13,51,0,3703,3603,44,21,10,23,0,5060,4902,53,74,26,9,0,3844,3719,50,34,20,10,0,5042,4844,84,73,35,21,0,3779,3614,75,38,30,10,0,5032,4780,52,110,23,25,0,3863,3739,35,64,19,9,0,5104,4623,119,90,105,81,0,3991,3672,75,48,76,50,0,3991,3672,75,28,29,6,0,21,160
50007500731,8704,8218,127,120,34,210,1,6568,6269,80,58,21,140,0,9531,8816,148,185,17,315,0,6984,6599,90,115,15,155,0,9696,8955,90,181,22,346,56,7139,6794,50,80,20,140,55,9884,9120,195,173,26,299,37,7286,6926,112,71,26,137,33,10103,8941,223,232,128,457,5,8123,7306,174,132,102,317,4,8123,7306,174,93,272,11,3,25,239
50005500516,1279,1249,12,10,5,5,0,979,959,10,4,5,3,0,1434,1345,42,23,6,37,30,1099,1059,25,4,4,0,0,1435,1333,40,25,7,51,41,1114,1064,25,4,4,0,0,1392,1289,44,31,6,46,37,1093,1044,19,4,2,0,0,1268,1185,23,20,16,10,2,1012,957,15,13,8,6,1,1012,957,15,9,3,3,1,1,23
50005500512,7603,7187,114,94,117,103,1,5959,5681,82,53,92,62,1,7299,6969,145,28,47,118,11,5815,5575,145,28,33,35,0,7227,6906,125,45,83,80,19,5765,5540,110,23,58,40,0,7162,6786,72,33,71,75,22,5669,5508,69,14,48,31,0,7364,6381,269,155,219,261,6,5711,5047,199,86,166,154,5,5711,5047,199,59,141,27,2,22,214
50005050501,1709,1648,12,21,23,8,0,1315,1278,5,7,20,5,0,1459,1398,18,30,18,0,7,1236,1191,20,4,20,0,0,1570,1506,25,22,18,0,10,1266,1211,25,4,20,0,0,1608,1521,54,19,19,0,6,1285,1205,56,5,24,0,0,1663,1556,32,15,34,11,2,1324,1254,15,9,27,7,2,1324,1254,15,5,3,3,2,0,42
50007500726,4329,3847,74,73,18,316,7,3317,2985,54,43,17,215,3,4888,4166,164,161,51,363,0,3557,3216,48,49,33,196,0,4884,4216,149,82,19,420,0,3483,3176,36,35,19,218,0,4632,4057,73,38,25,425,0,3306,2984,45,6,23,226,0,5467,4504,165,137,78,518,9,4222,3581,98,81,60,375,7,4222,3581,98,61,324,4,2,12,140
50007500728,4524,4073,89,132,38,202,1,3645,3354,66,69,23,141,1,4290,3634,305,142,58,171,0,3346,3057,151,32,41,43,0,4225,3753,196,105,66,131,0,3319,3111,40,32,41,72,0,4347,3416,200,445,158,205,0,3189,2835,109,0,138,72,0,4626,3715,170,231,111,360,9,3839,3160,127,145,89,273,6,3839,3160,127,121,248,5,3,20,155
50007500725,4533,4022,82,115,29,298,6,3646,3302,57,70,18,208,4,4658,4249,100,119,21,171,0,3878,3591,92,81,20,94,0,4691,4196,153,73,37,241,0,3628,3364,100,35,30,97,0,4687,4064,171,114,136,217,0,3672,3413,90,44,24,114,0,4627,3938,124,138,68,322,9,3795,3297,80,88,46,238,2,3795,3297,80,69,210,2,1,14,122
50005500503,2196,2141,10,10,19,14,0,1737,1705,8,4,15,3,0,2276,2175,25,31,15,30,0,1860,1805,4,20,14,15,0,2211,2084,24,32,19,52,0,1765,1700,0,20,20,25,0,2231,2086,24,35,43,43,0,1739,1666,0,16,37,24,0,2335,2164,29,21,75,33,7,1901,1786,21,9,57,15,5,1901,1786,21,4,9,8,2,8,63
50005050050,5976,5650,76,53,62,130,3,4865,4645,52,37,47,81,2,5841,5519,32,147,121,21,0,4622,4387,30,145,58,0,0,5794,5549,83,45,112,0,0,4632,4457,85,30,58,0,0,5723,5419,74,123,112,0,0,4690,4451,75,79,73,0,0,5491,5005,90,87,183,97,10,4498,4159,60,53,126,62,7,4498,4159,60,36,44,18,5,21,155
50005500501,1758,1695,29,12,19,10,1,1356,1316,20,5,13,7,0,1619,1536,16,12,14,38,5,1259,1206,19,10,13,15,0,1579,1498,8,8,19,38,6,1207,1161,4,6,16,10,0,1461,1386,14,5,7,26,20,1145,1104,9,4,4,2,0,1651,1522,34,9,46,23,2,1297,1203,23,7,34,19,2,1297,1203,23,2,9,1,0,5,54
50005500510,1174,1140,8,9,14,4,1,929,904,4,4,14,3,1,1064,1027,26,6,5,26,0,810,800,0,4,4,0,0,1057,1016,29,6,7,23,0,790,775,4,4,4,0,0,940,851,78,5,6,31,0,693,664,16,9,6,0,0,1165,1081,9,19,34,10,0,932,860,8,14,30,8,0,932,860,8,6,3,4,0,1,50
50005500504,1022,990,11,3,12,4,0,764,738,10,3,11,3,0,971,891,37,1,38,0,0,770,710,35,4,25,0,0,984,898,30,0,35,21,0,790,735,30,0,15,15,0,1036,966,35,0,12,23,0,893,838,34,0,8,16,0,984,900,13,11,39,4,2,772,708,8,7,30,2,1,772,708,8,4,0,3,0,2,47
50021502113,1237,1205,10,10,6,6,1,1024,999,9,6,6,4,1,1168,1156,6,0,0,6,0,1005,1000,0,0,0,4,0,1207,1199,7,0,0,0,0,1005,1005,0,0,0,0,0,1124,1108,6,3,0,5,0,951,938,0,2,0,4,0,1385,1294,17,10,30,14,0,1159,1096,14,8,21,6,0,1159,1096,14,3,3,2,0,1,40
50027502713,619,608,0,3,5,3,0,520,511,0,1,5,3,0,476,476,0,0,0,0,0,410,410,0,0,0,0,0,535,535,0,0,0,0,0,480,480,0,0,0,0,0,487,487,0,0,0,0,0,427,427,0,0,0,0,0,641,602,4,9,17,7,1,529,503,3,3,14,2,0,529,503,3,2,1,1,0,0,19
50021502101,1056,1020,7,11,17,1,0,804,780,4,7,12,1,0,907,881,10,0,10,6,0,715,695,4,0,10,4,0,835,800,10,0,9,17,0,695,665,4,0,10,20,0,701,664,10,0,9,18,0,594,561,8,0,9,19,0,974,907,8,6,32,4,0,794,737,7,5,28,4,0,794,737,7,4,0,0,0,2,44
50021502107,2734,2638,36,25,25,12,1,2136,2080,18,12,18,8,0,2611,2473,109,38,14,0,0,1985,1880,70,15,15,0,0,2585,2499,75,12,0,0,0,1955,1880,65,10,0,0,0,2579,2400,60,68,12,0,0,1924,1868,51,9,2,0,0,2736,2509,35,28,89,25,1,2139,1983,21,22,67,13,1,2139,1983,21,12,9,9,0,8,97
50021502103,4717,4572,60,33,23,32,3,4078,3952,50,30,21,28,3,4570,4440,42,78,7,26,0,3945,3845,40,44,8,4,0,4553,4420,22,51,34,30,0,3990,3885,20,39,34,14,0,4544,4377,35,71,45,21,0,3769,3635,41,55,41,7,0,4458,4109,76,109,66,64,2,3933,3640,63,101,51,51,2,3933,3640,63,80,38,2,0,12,98
50023502312,1731,1669,15,15,22,11,0,1321,1287,9,6,16,2,0,1626,1527,21,3,55,16,0,1310,1255,10,0,30,10,0,1675,1560,24,4,64,19,0,1355,1290,15,0,35,14,0,1717,1623,12,9,41,19,0,1366,1320,1,0,29,18,0,1779,1640,34,13,33,9,0,1422,1324,16,8,29,9,0,1422,1324,16,5,5,1,0,10,61
50023502304,7924,7652,117,56,66,41,1,6183,6003,84,26,46,26,1,7750,7369,119,205,57,19,0,6240,6025,95,74,45,10,0,7736,7339,101,248,40,20,0,6280,6050,75,95,40,20,0,7747,7375,105,227,38,15,0,6442,6214,92,105,42,14,0,7923,7275,217,88,181,85,7,6315,5858,160,33,137,61,4,6315,5858,160,22,41,12,1,25,196
50023502323,906,867,9,10,18,1,0,741,715,7,6,12,1,0,934,888,21,0,16,0,9,730,705,10,0,15,0,0,831,799,20,0,0,0,12,630,620,10,0,0,0,0,752,719,13,0,0,0,20,605,597,4,0,0,0,0,928,847,26,13,27,3,1,755,706,15,4,22,0,1,755,706,15,0,0,3,0,0,31
50007500708,5238,4810,117,126,57,142,8,4635,4288,100,93,42,116,7,5344,4845,127,90,89,225,4,4622,4341,110,32,47,76,4,5269,4721,139,82,83,264,4,4662,4371,117,48,46,59,4,6735,5925,203,201,82,339,7,5914,5581,169,82,59,71,0,7055,6143,270,242,109,269,8,6492,5706,239,199,88,236,5,6492,5706,239,125,147,15,0,33,227
50007500710,5451,4773,176,224,50,241,6,5076,4513,162,163,44,207,6,5594,4874,179,211,25,339,8,5262,4767,162,157,19,135,10,5712,4860,184,351,26,345,8,5455,4883,177,226,24,141,10,5212,4534,141,222,17,323,7,4944,4382,148,181,5,155,2,4629,3899,195,138,25,348,5,4530,3830,186,123,21,339,5,4530,3830,186,102,257,4,0,16,135
50023502313,3182,2934,66,51,45,91,2,2584,2421,45,26,32,61,1,3086,2774,47,114,38,134,0,2446,2266,46,38,20,67,0,3158,2903,50,96,41,73,0,2480,2326,45,21,36,47,0,2922,2764,37,45,26,57,0,2403,2288,32,0,23,26,0,3271,2806,104,80,74,150,12,2660,2311,69,56,59,120,8,2660,2311,69,31,82,7,0,21,139
50023502314,2785,2572,61,48,41,81,1,2257,2117,41,21,24,53,0,2729,2556,24,84,32,67,0,2224,2104,18,32,0,52,0,2586,2464,34,40,10,45,0,2130,2054,29,9,3,28,0,2651,2539,31,0,2,73,0,2221,2208,16,0,1,25,0,2880,2549,95,45,36,93,3,2320,2106,49,35,28,63,2,2320,2106,49,28,53,3,1,10,70
50023502315,1888,1743,39,30,26,53,3,1535,1437,26,20,21,36,2,1732,1564,76,54,14,32,0,1420,1320,45,29,4,4,0,1730,1522,88,62,15,51,0,1445,1315,50,35,4,24,0,1861,1536,107,113,20,63,0,1494,1343,66,36,0,29,0,1923,1683,54,39,60,46,8,1564,1407,40,15,39,25,6,1564,1407,40,4,22,2,3,19,67
50023502311,1588,1507,22,21,28,12,1,1195,1144,14,10,20,5,0,1635,1570,19,0,15,18,6,1270,1225,15,0,15,8,4,1423,1338,21,0,15,34,6,1155,1105,15,0,15,10,4,1583,1473,41,0,8,29,15,1251,1177,25,0,9,15,8,1583,1436,50,37,50,13,1,1256,1151,36,15,41,10,0,1256,1151,36,4,4,4,0,6,51
50027502721,2825,2742,32,9,33,13,0,2341,2275,22,5,29,11,0,2771,2698,19,40,12,2,0,2195,2145,20,20,14,4,0,2746,2633,26,84,2,2,0,2100,2055,30,20,4,4,0,2740,2484,26,205,0,25,0,2109,1965,28,96,0,24,0,2842,2628,41,35,83,26,3,2380,2213,33,23,60,21,3,2380,2213,33,9,9,0,0,5,111
50027502719,9373,8896,149,131,125,92,2,7436,7131,87,66,93,61,2,9049,8555,81,155,161,112,0,7315,6980,70,84,133,50,0,9015,8429,143,123,184,147,0,7385,7050,80,65,134,65,0,8935,8463,74,90,181,135,0,7550,7272,48,63,124,62,0,9062,8225,182,185,278,122,8,7451,6852,131,112,213,79,3,7451,6852,131,73,62,26,2,26,279
50027502711,1963,1883,15,9,38,18,4,1634,1578,11,5,28,11,3,1955,1829,52,32,29,18,6,1580,1520,14,19,10,4,0,1826,1679,59,41,44,6,5,1530,1460,8,35,23,4,0,1769,1579,113,18,57,4,3,1421,1319,46,14,34,3,0,2172,1985,44,23,48,27,8,1875,1723,30,14,41,24,8,1875,1723,30,10,17,4,4,14,73
50027502710,3393,3289,45,21,20,23,7,2702,2633,30,11,17,14,4,3443,3229,0,29,95,90,0,2745,2570,0,30,95,50,0,3469,3230,0,38,114,87,0,2775,2590,0,35,105,45,0,3483,3346,0,14,86,37,0,2732,2611,0,15,77,30,0,3446,3172,69,39,80,46,6,2828,2635,44,30,63,23,3,2828,2635,44,15,14,15,1,7,97
50025502522,3178,3019,49,29,49,33,1,2490,2406,23,8,31,21,0,3046,2733,153,144,1,9,0,2400,2280,75,35,0,10,0,2999,2729,84,129,29,18,0,2390,2270,49,35,29,4,0,2992,2727,56,145,32,20,0,2317,2210,2,59,34,9,0,3016,2701,88,36,93,29,3,2412,2221,32,17,72,22,3,2412,2221,32,13,15,8,0,23,100
50025502521,900,873,5,16,6,1,1,706,687,5,8,6,1,1,717,659,15,8,33,19,0,595,550,19,10,14,4,0,778,707,26,6,36,22,0,660,600,29,4,15,4,0,753,736,13,0,0,4,0,600,584,9,0,0,4,0,869,802,10,13,25,8,3,727,680,7,13,19,8,3,727,680,7,10,2,0,0,2,26
50027502708,2030,1943,20,20,18,28,0,1639,1581,14,11,14,17,0,1812,1761,0,9,31,12,0,1577,1527,0,10,30,10,0,1930,1768,103,12,33,15,0,1681,1517,104,10,30,15,0,1727,1555,82,18,39,33,0,1565,1386,87,20,37,32,0,2516,2272,64,46,74,42,1,2113,1932,48,28,64,34,0,2113,1932,48,16,15,6,0,6,90
50027502709,7922,7447,96,108,105,194,11,6234,5929,54,56,73,134,7,7866,7191,141,266,145,267,0,6138,5843,85,110,30,54,0,7712,7090,132,170,99,357,0,5899,5683,65,24,15,84,0,7890,7176,281,123,94,341,0,5926,5711,63,3,20,112,0,8170,7241,196,209,243,250,9,6698,6028,127,137,182,188,4,6698,6028,127,82,148,13,1,14,285
50027502722,1099,1078,8,0,9,4,0,899,884,6,0,7,2,0,1099,1079,8,0,0,11,1,810,800,10,0,0,0,0,1209,1187,7,4,0,10,1,905,895,4,4,0,4,0,1224,1186,19,5,0,12,2,902,874,18,4,0,5,0,1344,1237,28,10,42,16,1,1125,1047,18,5,36,5,0,1125,1047,18,1,1,4,0,12,42
50027502718,1502,1435,18,22,16,14,0,1183,1144,11,9,14,7,0,1373,1312,20,27,11,3,0,1105,1060,15,20,8,4,0,1443,1364,17,34,18,10,0,1115,1070,15,15,10,10,0,1415,1341,15,28,14,17,0,1050,1005,7,10,2,13,0,1560,1394,40,25,65,23,1,1217,1116,22,10,43,14,0,1217,1116,22,5,12,3,0,11,48
50019501901,941,894,15,13,15,4,0,737,704,10,5,14,4,0,927,864,42,0,21,0,0,760,720,20,0,20,0,0,944,889,30,6,19,0,0,780,740,15,4,20,0,0,1019,973,23,2,18,3,0,764,739,2,4,21,4,0,976,901,17,5,32,12,0,761,715,8,2,22,6,0,761,715,8,1,5,4,0,4,24
50011501108,4515,4379,44,22,34,36,3,3303,3217,23,8,28,24,3,4716,4450,155,0,49,62,0,3525,3405,75,0,20,24,0,4738,4332,215,12,108,93,0,3570,3400,89,0,35,50,0,4757,4224,268,48,102,143,0,3473,3224,115,4,58,73,0,4845,4457,74,46,127,65,8,3709,3447,47,27,94,39,7,3709,3447,47,13,26,11,4,6,155
50011501119,6003,5705,75,64,119,41,3,4646,4462,47,33,79,26,1,6413,6285,43,10,17,59,0,5183,5082,44,4,14,30,0,6483,6232,39,17,60,142,0,5248,5073,40,5,54,70,0,6488,6232,30,14,57,158,0,5349,5177,31,10,54,80,0,6988,6359,129,130,234,99,6,5659,5196,99,82,183,61,5,5659,5196,99,57,45,36,3,10,213
50011501109,3535,3289,15,13,205,14,2,2656,2479,7,7,152,11,2,3660,3280,2,0,378,0,2,2790,2505,4,0,285,0,0,3669,3530,2,0,138,0,2,2700,2560,4,0,135,0,0,3647,3512,3,0,132,0,3,2790,2654,5,0,131,0,0,3472,3118,53,19,248,17,6,2730,2459,31,16,198,11,4,2730,2459,31,8,7,69,0,3,153
50025502518,216,213,0,0,2,0,1,178,175,0,0,2,0,1,227,225,2,0,0,0,0,182,182,4,0,0,0,0,180,177,3,0,0,0,0,157,157,4,0,0,0,0,298,284,14,0,0,0,0,234,221,18,0,0,0,0,440,405,12,3,10,5,1,333,310,8,0,6,5,0,333,310,8,0,4,0,0,0,11
50025502517,3,3,0,0,0,0,0,3,3,0,0,0,0,0,3,3,0,0,0,0,0,3,3,0,0,0,0,0,3,3,0,0,0,0,0,3,3,0,0,0,0,0,4,4,0,0,0,0,0,5,3,0,0,0,0,0,6,4,0,1,1,0,0,6,4,0,1,1,0,0,6,4,0,1,0,1,0,0,0
50025502506,1124,1074,18,8,15,10,0,937,900,14,4,12,6,0,1252,1175,18,13,39,17,3,1030,965,20,0,29,20,0,1023,963,9,5,23,23,5,845,795,10,0,14,19,0,1040,1004,0,0,5,31,0,823,787,0,0,2,30,0,1798,1659,61,11,23,41,1,1479,1376,49,10,15,28,1,1479,1376,49,8,19,2,1,2,22
50025502509,2121,2053,24,12,19,9,2,1689,1654,10,6,13,3,2,1997,1912,20,7,13,41,4,1735,1655,19,4,15,39,0,1908,1796,24,15,20,50,3,1685,1580,25,15,19,44,0,1820,1717,18,23,25,35,2,1562,1472,10,24,26,30,0,2120,1929,52,25,59,21,4,1768,1644,36,11,41,10,4,1768,1644,36,0,7,5,1,7,68
50025502502,4208,3938,88,76,56,65,3,3336,3163,49,38,45,49,3,4101,3714,69,115,86,156,29,3141,2903,16,70,75,80,0,4127,3673,131,173,71,165,39,3144,2897,26,80,65,85,0,4308,3750,133,161,126,233,22,3326,2975,45,84,114,133,0,4402,3820,126,146,154,102,2,3568,3160,77,77,115,76,2,3568,3160,77,45,58,17,0,16,195
50025502520,2206,2098,49,20,21,17,1,1705,1647,26,11,13,8,0,2303,2132,90,27,0,81,0,1740,1710,10,0,0,15,0,2338,2106,134,23,0,98,0,1735,1695,20,0,0,15,0,2392,2119,137,40,42,90,0,1851,1762,16,0,34,9,0,2192,2011,58,47,38,26,0,1781,1660,40,26,36,13,0,1781,1660,40,9,7,3,0,7,55
50011501102,1695,1622,19,13,34,7,0,1232,1185,15,4,22,6,0,1656,1577,58,0,13,8,0,1222,1162,45,0,15,4,0,1668,1492,58,47,64,6,0,1277,1132,45,40,60,0,0,1369,1217,81,43,21,7,0,1045,923,63,34,20,0,0,1547,1449,25,7,44,18,0,1157,1113,8,1,28,3,0,1157,1113,8,0,2,8,0,3,23
50011501103,2774,2648,36,18,67,14,0,2109,2026,20,9,52,7,0,2754,2537,27,106,79,0,0,2125,2005,14,45,70,0,0,2757,2477,48,86,85,58,0,2080,1930,24,50,60,25,0,2783,2337,4,53,325,61,0,2026,1791,2,35,175,24,0,2810,2544,73,21,131,20,3,2157,1974,48,7,95,13,1,2157,1974,48,4,8,16,1,9,97
50011501101,1326,1284,17,3,25,4,2,982,954,9,2,16,2,2,1227,1100,25,31,71,0,0,988,888,25,4,75,0,0,1098,960,29,21,88,0,0,928,803,30,4,85,0,0,1182,1006,60,14,102,0,0,1017,855,64,4,100,0,0,1273,1198,28,10,25,8,1,1013,959,23,2,20,3,1,1013,959,23,1,1,1,0,3,25
50027502701,467,455,1,5,3,4,0,397,388,1,3,3,3,0,502,495,1,3,0,6,0,409,406,2,0,0,5,0,508,484,6,9,14,5,0,411,396,6,0,10,5,0,432,431,0,0,1,0,0,357,356,0,0,6,0,0,568,531,11,12,7,1,2,482,454,6,10,7,0,0,482,454,6,9,0,0,0,2,11
50025502508,679,656,7,9,5,3,0,553,540,4,3,5,1,0,660,635,5,6,8,5,1,532,522,3,3,3,3,3,654,630,7,6,3,6,2,540,522,6,3,3,3,3,575,550,8,4,2,9,2,466,451,3,0,3,15,0,645,607,14,4,20,3,0,551,523,12,4,14,1,0,551,523,12,0,1,3,0,0,12
50027502707,3154,3053,35,19,31,19,4,2522,2462,20,7,23,11,2,3035,2827,170,13,14,0,52,2455,2375,55,0,15,0,10,3028,2828,80,69,15,0,0,2480,2370,0,95,15,0,0,3036,2922,0,84,2,0,0,2591,2493,0,96,3,0,0,3005,2763,69,30,82,19,4,2473,2311,37,10,69,11,4,2473,2311,37,4,9,13,0,8,91
50027502723,566,554,1,3,1,7,0,488,480,1,2,1,4,0,608,599,0,3,0,3,0,491,489,2,0,0,3,0,612,590,5,5,17,3,0,499,479,4,0,10,3,0,635,580,11,16,38,8,0,515,468,8,0,30,7,0,623,589,11,6,7,7,3,518,490,8,4,7,6,1,518,490,8,2,5,0,1,2,10
50027502706,1367,1302,22,11,16,18,1,1099,1054,14,8,12,13,1,1339,1317,13,5,1,1,0,1076,1062,9,5,0,0,0,1362,1343,14,1,1,1,0,1089,1079,5,1,0,0,0,1386,1340,35,2,5,2,0,1038,1017,6,5,2,0,0,1392,1256,30,20,46,14,3,1123,1030,18,14,33,8,3,1123,1030,18,5,5,6,0,8,51
50011501104,4285,4145,57,22,40,24,5,3163,3080,37,10,25,13,2,4642,4616,0,0,14,12,0,3350,3325,0,0,15,10,0,4691,4654,0,0,0,36,0,3325,3290,0,0,0,35,0,4765,4697,31,0,0,37,0,3443,3378,32,0,0,36,0,5014,4602,112,46,127,71,3,3761,3491,69,34,82,54,2,3761,3491,69,23,38,7,0,10,123
50011501106,1277,1229,13,13,10,12,0,946,921,7,3,9,5,0,1404,1390,0,9,5,0,0,1135,1120,0,10,4,0,0,1310,1283,0,13,5,10,0,1055,1030,0,15,4,4,0,1094,1062,0,12,9,11,0,928,902,0,10,13,2,0,1346,1214,13,9,64,16,0,1044,952,9,6,45,8,0,1044,952,9,3,4,4,0,7,65
50011501105,1893,1812,36,13,29,12,1,1404,1356,20,3,21,4,1,1898,1813,60,0,8,17,0,1471,1441,8,0,10,12,0,2082,1919,65,0,68,30,0,1591,1536,10,0,19,25,0,2258,2115,75,0,36,30,0,1685,1645,18,0,5,30,0,2044,1884,40,15,79,8,1,1581,1458,33,8,60,5,1,1581,1458,33,0,0,12,1,0,77
50027502717,2773,2618,41,43,29,46,3,2289,2178,30,29,21,35,3,2819,2700,59,29,0,5,0,2180,2105,45,30,0,0,0,2847,2800,47,0,0,0,0,2200,2170,30,0,0,0,0,2861,2801,60,0,0,0,0,2259,2221,36,0,0,0,0,2750,2486,40,45,102,45,2,2285,2080,27,38,71,43,2,2285,2080,27,26,31,8,2,9,102
50027502725,3048,2940,31,25,24,26,2,2490,2426,18,15,16,14,2,2956,2846,40,11,3,6,56,2360,2290,30,0,4,0,0,2931,2844,42,25,12,7,7,2305,2245,30,10,10,0,0,2933,2828,41,44,14,6,6,2355,2303,28,11,14,0,0,3005,2795,81,33,36,29,5,2554,2393,58,29,29,22,3,2554,2393,58,16,15,5,0,6,61
50023502309,2576,2454,41,25,32,28,3,2028,1954,32,8,23,13,1,2586,2440,29,33,63,34,0,2000,1935,15,10,35,4,0,2578,2450,17,35,65,12,0,2005,1935,15,10,30,4,0,2564,2430,11,16,89,18,0,1934,1851,6,16,38,20,0,2598,2381,53,34,56,33,0,2084,1947,39,20,42,22,0,2084,1947,39,12,18,0,0,2,66
50023502318,1243,1186,14,16,29,5,0,976,942,5,7,20,3,0,1431,1328,4,42,50,31,5,1130,1050,4,30,50,20,4,1434,1308,8,47,56,35,10,1130,1030,10,34,55,25,10,1229,1103,10,66,57,30,7,980,887,12,49,62,16,4,1236,1094,20,25,31,32,1,1029,923,19,17,24,17,1,1029,923,19,14,14,2,1,7,49
50023502301,2864,2681,58,57,23,50,2,2218,2106,36,30,19,29,0,2332,2158,87,24,53,8,0,1873,1747,65,0,54,7,0,2320,2178,36,15,85,6,0,1825,1699,33,0,85,6,0,2272,2118,18,29,97,6,0,1938,1795,22,0,123,5,0,2822,2424,133,76,121,44,4,2328,2042,96,56,81,37,1,2328,2042,96,37,29,10,0,13,101
50023502302,3110,2917,78,70,31,25,0,2452,2329,53,37,28,16,0,3082,2868,104,77,16,19,0,2367,2291,33,32,16,0,0,3234,2967,110,116,25,15,0,2536,2419,35,64,25,0,0,3402,2971,143,131,63,17,0,2635,2415,76,79,64,0,0,2786,2431,101,67,118,31,4,2298,2044,63,49,85,21,2,2298,2044,63,33,17,10,0,10,121
50023502303,3078,2870,76,68,30,34,3,2388,2245,53,39,23,27,2,3297,3225,3,50,2,17,0,2520,2462,6,42,8,18,0,3092,3045,3,29,2,13,0,2284,2247,6,20,8,14,0,2916,2767,17,46,54,19,0,2180,2079,17,45,42,19,0,2883,2560,66,96,86,47,2,2290,2043,44,63,65,40,2,2290,2043,44,39,30,8,1,19,106
50011501120,6425,5969,63,44,309,49,2,4880,4585,37,20,213,30,1,6528,6099,75,104,282,4,0,5014,4769,70,0,174,4,0,6518,6122,82,55,362,6,0,5064,4774,70,0,204,4,0,6542,6187,69,41,284,45,0,5009,4763,61,3,173,1,0,6701,5960,69,81,503,32,0,5272,4739,52,40,361,26,0,5272,4739,52,27,15,102,0,6,331
50001500111,8496,7509,258,178,83,493,7,7272,6399,230,143,62,451,4,8600,7210,414,387,55,645,7,7055,6155,289,214,32,345,0,8662,7217,437,436,43,636,0,7135,6245,279,213,27,344,0,8721,7167,413,489,177,688,0,7202,6249,266,271,111,351,0,9152,7528,468,342,215,605,15,7945,6557,397,282,150,540,11,7945,6557,397,188,413,16,4,19,351
50017501702,1246,1213,9,7,15,2,0,997,972,7,4,12,2,0,1070,1038,32,0,0,0,0,965,935,30,0,0,0,0,1046,1010,26,0,8,0,0,945,910,25,0,10,0,0,943,926,10,0,7,0,0,848,828,10,0,1,0,0,1207,1135,15,14,33,4,1,991,939,7,6,27,3,1,991,939,7,3,3,2,1,3,33
50017501707,1450,1394,15,6,20,15,2,1155,1118,7,4,12,7,1,1362,1310,9,6,18,11,9,1062,1032,8,8,14,4,0,1409,1362,9,2,15,4,10,1088,1062,8,3,10,0,4,1290,1258,9,0,13,7,9,1061,1051,4,1,3,0,0,1415,1335,18,6,33,11,2,1144,1094,13,1,21,1,2,1144,1094,13,1,0,9,0,3,24
50017501717,401,386,3,3,3,3,1,320,310,3,1,3,3,1,428,390,6,3,11,10,4,316,291,4,3,8,3,2,436,411,5,3,3,3,10,323,308,4,3,2,0,3,407,378,6,1,7,4,7,288,252,8,1,1,0,0,431,360,6,1,21,29,0,343,286,4,1,16,23,0,343,286,4,1,22,0,0,4,26
50017501708,365,351,3,2,3,3,1,290,283,2,2,3,2,1,392,355,5,3,11,9,3,287,267,3,3,6,3,2,401,376,4,2,3,3,8,294,280,3,2,2,0,3,420,393,5,3,5,3,6,310,311,6,4,0,0,0,447,414,5,4,16,2,0,368,351,4,4,6,0,0,368,351,4,4,0,1,0,2,6
50017501705,1363,1310,12,11,26,6,1,1077,1044,10,4,15,4,1,1500,1427,16,28,11,18,0,1182,1137,10,15,4,10,0,1495,1392,13,70,12,8,0,1192,1107,10,60,4,10,0,1623,1522,35,42,16,7,0,1341,1262,34,39,7,4,0,1455,1327,16,26,65,5,1,1159,1061,11,17,56,2,1,1159,1061,11,8,2,6,0,1,70
50023502308,1337,1285,14,16,13,11,0,1041,1010,8,9,9,7,0,1251,1204,13,5,4,21,0,995,970,4,4,4,14,0,1158,1108,5,6,5,31,0,960,925,4,4,4,19,0,1195,1140,3,12,2,29,0,1022,978,3,10,1,20,0,1413,1296,21,11,41,13,3,1124,1041,19,1,35,8,0,1124,1041,19,1,6,4,0,2,51
50023502322,5064,4856,49,31,54,68,3,3960,3814,34,23,41,43,3,5141,4920,86,0,0,122,18,4025,3865,80,0,0,54,0,5141,4909,76,0,0,141,29,4075,3915,60,0,0,70,0,5154,4921,71,0,0,147,31,3980,3866,54,0,0,25,0,5331,4839,105,64,97,115,10,4343,3996,82,55,71,67,8,4343,3996,82,35,47,16,7,17,143
50015501502,3659,3533,34,26,43,22,7,2774,2695,22,14,29,13,4,3826,3662,88,32,43,14,5,2950,2845,59,20,20,10,0,3823,3687,68,35,36,18,10,2935,2855,44,15,18,10,0,3819,3522,94,142,63,14,14,2747,2565,37,126,25,0,0,3839,3537,92,68,111,23,9,3002,2809,61,44,74,10,5,3002,2809,61,14,5,3,0,13,97
50003500307,4391,4177,67,66,19,65,0,3526,3381,41,41,15,50,0,4273,4126,8,23,35,81,0,3305,3235,10,25,0,39,0,4251,4088,0,47,29,87,0,3285,3210,0,45,0,29,0,4239,4133,17,51,0,25,0,3446,3373,16,50,0,17,0,4484,3988,172,99,75,110,3,3695,3355,112,71,62,68,3,3695,3355,112,57,47,5,1,11,107
50003500316,956,909,19,4,16,8,0,753,732,10,0,8,3,0,927,899,10,0,18,0,0,770,745,10,0,20,0,0,966,910,13,7,24,12,0,795,750,15,4,25,0,0,943,822,64,4,7,53,0,761,669,64,5,0,26,0,1056,975,27,11,20,23,0,850,791,20,7,15,13,0,850,791,20,4,13,0,0,2,20
50003500304,2031,1980,21,11,7,15,0,1637,1607,13,5,5,8,0,1918,1863,31,0,3,21,0,1450,1430,20,0,4,0,0,1675,1630,42,0,3,0,0,1350,1325,20,0,4,0,0,1595,1486,25,0,13,71,0,1267,1181,15,0,15,69,0,2133,1985,37,14,33,34,0,1768,1649,28,8,29,30,0,1768,1649,28,6,21,0,0,10,54
50019501906,1206,1158,24,5,11,13,1,999,966,18,0,7,7,1,1225,1108,30,66,5,16,0,945,860,30,44,4,0,0,1137,1060,22,33,5,14,3,890,845,20,14,4,8,0,1013,932,36,21,1,7,3,825,781,38,3,3,8,0,1343,1229,50,19,22,19,6,1117,1028,38,13,17,16,4,1117,1028,38,5,8,2,0,2,34
50019501915,4590,4291,83,90,92,41,12,3682,3457,61,69,75,28,8,4332,4154,4,76,98,0,0,3466,3331,4,40,98,0,0,4277,3974,75,89,132,0,8,3486,3221,75,50,139,0,10,4244,3963,76,68,135,0,7,3506,3274,73,55,82,0,1,4455,4012,76,108,178,67,5,3679,3350,68,60,137,51,4,3679,3350,68,29,30,37,0,13,152
50019501907,4615,4480,34,34,39,33,1,3593,3515,20,12,31,17,1,4356,4132,96,10,8,89,0,3384,3249,60,30,10,34,0,4335,4120,80,14,8,92,0,3314,3169,40,30,4,65,0,4256,4043,72,2,10,129,0,3230,3133,20,5,9,60,0,4579,4280,74,49,112,33,5,3713,3496,48,28,94,18,4,3713,3496,48,13,7,14,0,4,131
50015501508,4314,4125,91,26,19,49,6,3423,3299,63,16,15,30,3,4436,4168,41,42,79,106,0,3430,3240,0,30,55,105,0,4426,4129,38,1,140,118,0,3455,3240,0,4,100,120,0,4447,4239,103,1,104,0,0,3525,3437,0,3,92,0,0,5223,4694,177,112,78,78,8,4109,3756,119,73,47,56,8,4109,3756,119,52,36,6,0,16,124
50003500309,3527,3433,34,26,28,12,0,2725,2659,24,13,26,10,0,3431,3200,0,0,231,0,0,2720,2600,0,0,120,0,0,3430,3426,0,0,4,0,0,2740,2735,0,0,4,0,0,3406,3385,0,0,21,0,0,2711,2682,0,0,19,0,0,3258,3043,55,36,80,17,0,2610,2455,46,15,57,10,0,2610,2455,46,13,10,12,0,2,72
50017501711,1097,1054,16,3,12,10,6,854,828,10,2,8,5,1,1068,993,4,49,11,22,0,875,850,0,10,0,8,0,1056,976,1,56,12,23,0,865,840,0,10,0,8,0,1113,1014,1,80,14,12,1,840,810,0,0,1,8,0,1094,998,12,23,21,18,2,865,798,8,10,18,9,2,865,798,8,3,6,6,0,9,35
50017501715,726,669,9,26,27,10,1,578,548,3,8,14,7,0,679,636,9,19,18,6,0,550,530,4,10,4,4,0,685,640,4,5,34,6,0,575,540,4,4,29,4,0,721,623,5,13,61,11,0,633,560,4,14,57,8,0,672,592,9,12,39,12,0,546,490,2,8,30,9,0,546,490,2,4,2,7,0,0,41
50001500101,1371,1317,34,4,10,6,0,1052,1012,28,4,6,2,0,1424,1375,35,0,11,3,0,1095,1065,15,0,10,4,0,1353,1319,16,0,15,3,0,1085,1065,10,0,14,4,0,1341,1310,2,0,22,4,0,1074,1044,1,0,20,5,0,1365,1240,64,8,28,12,1,1140,1044,47,7,25,5,0,1140,1044,47,1,4,3,0,3,38
50001500103,3892,3741,47,16,51,40,0,3024,2924,31,10,40,20,0,3912,3717,36,88,13,77,0,3163,3028,8,55,0,70,0,3894,3713,81,118,11,44,0,2948,2869,14,40,0,35,0,3881,3693,82,77,17,61,0,3136,3059,3,20,0,59,0,3782,3476,78,28,97,41,1,3046,2819,52,13,74,36,1,3046,2819,52,8,24,0,0,12,131
50001500113,1729,1679,22,12,12,6,1,1349,1313,17,4,10,4,1,1689,1642,6,0,0,41,0,1337,1307,4,0,0,25,0,1783,1724,2,0,0,56,0,1467,1426,4,0,0,35,0,1785,1700,18,0,0,67,0,1416,1370,14,0,0,11,0,1683,1541,50,9,35,20,1,1436,1311,50,9,26,15,1,1436,1311,50,7,9,1,0,4,54
50001500112,1980,1916,25,17,13,12,0,1508,1469,12,10,9,7,0,1949,1874,16,14,26,19,0,1485,1440,15,4,25,4,0,1903,1833,11,13,22,24,0,1490,1445,10,4,20,14,0,1989,1933,16,15,14,11,0,1570,1544,1,5,15,12,0,2079,1891,43,21,65,19,1,1676,1546,28,8,53,16,0,1676,1546,28,4,9,2,0,6,81
50017501718,657,636,5,2,10,4,0,509,494,3,2,8,3,0,817,799,0,0,18,0,0,630,610,0,0,20,0,0,867,839,0,0,21,7,0,705,690,0,0,14,0,0,787,754,0,0,26,7,0,660,634,0,0,26,0,0,621,571,8,3,24,3,0,514,473,5,2,20,0,0,514,473,5,0,0,4,0,2,30
50013501203,471,435,4,5,21,3,3,375,350,4,3,15,2,1,443,438,5,0,0,0,0,385,380,4,0,0,0,0,421,415,6,0,0,0,0,355,350,4,0,0,0,0,450,445,4,0,1,0,0,360,355,4,0,4,0,0,488,458,6,6,12,2,2,420,393,4,6,11,2,2,420,393,4,4,0,3,0,0,16
50013501301,1998,1841,22,10,125,5,3,1574,1469,11,7,86,3,2,1707,1654,11,7,9,26,0,1430,1390,4,4,10,20,0,1766,1710,0,8,22,26,0,1455,1415,0,4,20,20,0,1833,1759,2,5,17,30,0,1560,1521,3,6,7,31,0,2106,1909,38,18,107,22,8,1693,1555,18,13,75,17,7,1693,1555,18,11,14,21,0,0,74
50013501304,803,763,13,0,18,6,2,658,627,11,0,14,3,2,956,897,24,15,12,3,0,735,710,10,4,8,4,0,946,888,28,15,13,7,0,740,710,15,4,8,8,0,1018,883,31,9,81,8,0,837,738,13,4,75,10,0,939,855,17,15,35,8,1,793,723,11,12,33,6,1,793,723,11,7,0,5,0,0,47
50001500122,833,795,13,13,9,5,2,645,622,8,5,8,3,1,866,810,12,11,32,7,0,660,625,4,4,28,0,0,827,779,11,9,27,5,0,650,620,4,4,23,0,0,743,709,2,12,16,6,0,603,593,4,8,12,0,0,814,767,17,14,4,5,0,674,635,14,14,4,2,0,674,635,14,9,2,3,0,2,9
50001500102,1218,1157,39,6,4,10,1,953,911,30,1,4,4,1,1316,1223,21,45,0,27,0,1025,1000,0,4,0,20,0,1243,1167,15,44,0,15,0,1000,990,0,4,0,8,0,1163,1106,0,50,0,7,0,963,936,0,12,0,5,0,1225,1127,51,17,15,9,1,1015,933,45,15,11,6,1,1015,933,45,9,2,0,0,3,23
50001500110,1271,1239,5,8,15,4,0,956,942,2,2,8,2,0,1374,1319,3,0,27,25,0,1055,1020,4,0,20,8,0,1399,1347,6,0,18,28,0,1090,1055,4,0,10,19,0,1344,1305,3,0,17,19,0,1020,979,2,0,16,8,0,1323,1205,25,14,26,11,1,1053,976,12,8,21,5,0,1053,976,12,7,4,3,0,6,45
50017501712,2588,2477,27,22,44,25,0,2038,1971,15,7,29,15,0,2571,2477,31,27,36,0,0,2035,1970,20,10,35,0,0,2583,2476,52,24,25,4,0,1995,1940,4,10,25,8,0,2546,2414,49,31,16,5,0,2017,1969,9,9,17,12,0,2775,2540,44,32,77,35,1,2241,2080,26,17,61,31,1,2241,2080,26,10,25,8,0,9,83
50019501912,521,502,3,3,5,8,0,404,390,3,3,5,3,0,536,522,0,7,7,1,0,384,380,0,8,0,0,0,614,573,15,12,12,2,0,452,428,8,9,7,0,0,557,527,7,14,9,1,0,406,389,2,8,3,0,0,551,494,14,5,23,3,1,429,391,11,1,11,0,1,429,391,11,0,0,3,0,3,21
50019501902,2810,2691,24,37,45,24,1,2206,2133,13,15,31,19,1,2594,2491,6,23,56,18,0,2115,2025,8,4,58,19,0,2713,2541,18,48,71,41,0,2165,2040,8,15,73,29,0,2471,2285,9,109,60,11,0,1999,1920,9,8,68,8,0,2872,2616,35,34,133,35,3,2292,2124,14,21,99,16,2,2292,2124,14,12,6,29,0,3,104
50019501911,1163,1115,10,8,20,5,2,880,852,5,3,16,4,1,1276,1185,69,22,0,0,0,905,905,0,0,0,0,0,1300,1204,66,27,0,0,0,875,875,0,0,0,0,0,1217,1141,37,24,15,0,0,863,866,4,0,1,0,0,1233,1145,26,11,37,5,0,967,902,20,2,29,4,0,967,902,20,2,4,5,0,4,30
50007500713,8199,7586,131,152,43,288,4,6199,5814,80,88,31,188,2,8824,7827,298,318,67,326,15,6607,6112,123,143,45,154,0,8831,7724,184,356,270,395,13,6541,6017,87,174,80,160,0,9036,8156,110,291,207,223,12,6865,6298,99,275,80,69,0,9402,8045,262,300,200,524,12,7369,6475,160,174,151,359,12,7369,6475,160,133,313,24,4,21,239
50009500906,972,939,10,1,13,9,0,778,755,7,0,12,4,0,1018,940,4,52,11,11,0,750,710,4,35,4,0,0,885,804,4,61,9,6,0,670,620,4,45,0,0,0,862,808,0,46,8,0,0,709,673,0,30,0,0,0,896,845,8,7,34,4,2,740,696,7,4,30,4,2,740,696,7,1,4,0,0,0,32
50015501505,2954,2823,31,32,52,17,1,2270,2194,15,19,34,6,0,2997,2900,18,31,24,40,0,2270,2200,20,0,30,15,0,2976,2847,27,34,25,57,0,2265,2180,25,0,24,20,0,2981,2883,32,21,0,56,0,2279,2215,28,0,0,32,0,3020,2795,57,24,87,24,8,2408,2241,35,19,67,17,7,2408,2241,35,6,11,11,0,5,99
50015501506,3446,3234,48,64,60,35,2,2831,2666,42,49,40,30,2,3587,3422,63,54,24,32,3,2860,2745,54,25,14,8,0,3620,3467,38,63,20,28,12,3030,2930,35,35,14,8,0,3625,3468,35,48,47,18,14,2915,2796,28,34,43,4,0,3491,3124,75,94,147,39,10,2867,2584,52,79,113,31,8,2867,2584,52,50,17,17,0,13,134
50017501704,1238,1179,19,19,20,2,0,998,963,9,9,16,2,0,1383,1212,27,44,84,0,0,1040,970,4,35,29,0,0,1317,1221,18,12,67,0,0,1035,990,4,10,30,0,0,1304,1230,19,6,48,1,1,980,946,2,4,11,3,0,1233,1140,20,4,37,8,1,980,911,16,4,30,3,0,980,911,16,0,1,6,0,9,37
50019501908,1122,1091,7,14,8,3,0,877,865,5,1,5,1,0,1100,1068,30,13,2,0,0,900,880,15,0,4,0,0,1046,1021,25,8,0,0,0,840,825,15,0,0,0,0,1063,1021,22,1,4,12,0,857,832,21,5,5,4,0,1114,1057,15,14,13,4,2,910,877,11,9,7,1,0,910,877,11,4,0,0,0,0,18
50019501913,879,832,12,7,14,9,0,650,624,8,3,10,2,0,754,713,19,18,0,0,0,605,585,10,10,0,0,0,792,755,11,20,0,0,0,650,625,10,15,0,0,0,965,880,24,15,0,0,0,683,657,8,10,0,0,0,887,804,18,5,33,15,0,707,640,14,5,23,15,0,707,640,14,5,15,0,0,4,29
50019501904,1029,971,19,3,35,2,1,820,775,10,0,30,1,1,1043,1003,7,12,21,0,0,856,821,4,4,19,0,0,1008,972,0,12,16,0,7,781,761,0,4,14,0,0,906,859,0,19,22,0,6,715,689,0,4,20,0,0,1021,951,12,8,35,0,0,831,780,6,2,29,0,0,831,780,6,2,0,11,0,1,31
50003500317,769,736,4,8,9,12,0,620,599,3,6,6,6,0,602,583,8,2,1,8,0,500,485,10,4,4,4,0,746,635,11,17,6,76,0,595,515,10,4,8,60,0,781,673,0,12,29,67,0,572,495,0,4,28,39,0,1182,1097,28,3,15,28,1,923,865,15,2,13,14,1,923,865,15,1,10,3,0,0,29
50003500306,158,155,1,0,1,1,0,128,125,1,0,1,1,0,128,121,4,0,0,4,0,110,102,4,0,0,2,0,116,102,6,0,0,10,0,101,93,4,0,0,2,0,142,125,3,0,0,15,0,122,120,0,0,0,2,0,177,172,1,0,3,2,0,139,135,0,0,3,1,0,139,135,0,0,1,0,0,0,3
50015501507,5227,4991,75,63,60,40,0,4055,3916,43,33,44,19,0,5420,4972,152,190,165,54,4,4205,3965,100,65,74,0,0,5461,4982,200,298,168,18,0,4105,3800,165,50,28,20,0,5485,4944,154,359,177,13,0,4351,4049,126,74,16,12,0,5434,4828,201,141,146,62,4,4424,3972,145,85,126,42,3,4424,3972,145,43,31,18,0,16,199
50017501701,2797,2693,26,18,38,23,3,2083,2015,14,10,30,12,3,2719,2621,76,3,0,19,0,2085,2035,29,0,0,19,0,2718,2566,127,54,52,15,0,2080,1995,70,0,0,15,0,2707,2616,56,56,56,24,0,2064,2002,37,0,0,24,0,2790,2535,45,31,108,33,3,2198,2014,32,19,78,22,3,2198,2014,32,14,15,7,1,18,97
50017501710,4778,4590,54,43,41,51,1,3879,3756,40,23,27,36,1,4711,4588,60,31,3,29,0,3925,3840,44,20,4,25,0,4667,4574,42,20,0,31,0,3885,3805,29,20,0,30,0,4625,4488,40,50,0,6,0,3833,3747,31,50,0,4,0,4774,4350,99,81,119,77,2,3939,3628,79,56,90,49,1,3939,3628,79,37,31,12,1,11,140
50017501703,1292,1256,6,4,10,12,1,1015,992,3,3,7,6,1,1387,1248,14,42,44,33,0,1115,1010,15,35,25,35,0,1290,1152,10,46,35,39,0,1045,940,10,35,25,40,0,1427,1335,7,25,19,8,0,1183,1117,2,20,26,9,0,1244,1132,21,15,45,5,1,1024,929,14,7,40,5,1,1024,929,14,3,4,11,0,5,58
50017501706,977,954,8,2,5,9,0,803,785,6,1,5,7,0,1036,996,0,0,15,25,0,810,780,0,0,15,15,0,984,947,2,0,4,34,0,795,770,4,0,4,25,0,1123,978,60,0,3,82,0,954,824,45,0,4,77,0,988,906,25,12,28,12,1,812,753,18,10,22,7,1,812,753,18,4,2,0,1,0,34
50019501916,1594,1567,8,2,15,3,1,1261,1243,5,2,10,2,1,2435,2357,21,13,17,33,0,1995,1945,10,15,12,14,0,2628,2574,7,12,10,24,0,2190,2150,4,10,8,14,0,2797,2715,8,41,17,15,0,2325,2256,10,42,13,4,0,1526,1408,16,12,65,10,0,1249,1170,5,8,46,6,0,1249,1170,5,6,5,4,0,2,57
50003500311,714,687,11,2,12,4,0,587,567,9,2,8,2,0,690,631,41,2,5,18,0,562,533,20,0,2,5,0,677,603,35,3,7,27,0,544,509,20,0,2,5,0,661,608,52,0,0,1,0,543,514,30,0,0,4,0,698,641,24,3,7,6,0,576,541,13,2,2,6,0,576,541,13,2,4,0,0,5,11
50023502319,691,669,6,9,6,1,0,558,547,3,2,6,0,0,744,722,14,0,2,6,0,615,595,10,0,4,8,0,736,717,6,0,3,10,0,625,610,4,0,4,8,0,965,944,0,0,13,8,0,714,693,0,0,16,8,0,678,601,15,7,28,3,2,543,494,13,2,17,0,1,543,494,13,0,0,3,1,2,30
50017501709,1076,1056,7,3,6,3,1,851,836,5,1,6,2,1,1008,962,34,5,7,0,0,818,788,25,0,4,0,0,1037,995,29,5,8,0,0,873,843,25,0,10,0,0,1000,966,30,4,0,0,0,874,847,26,0,0,0,0,1048,961,32,3,34,2,1,844,779,26,2,27,2,1,844,779,26,1,2,2,0,2,32
50017501716,1039,1012,7,4,8,4,5,849,828,5,4,4,3,3,1105,982,50,9,56,8,0,965,850,40,10,55,10,0,1156,1045,25,8,69,9,0,1005,895,20,10,70,10,0,1226,1111,36,6,69,4,0,1078,958,29,4,70,4,0,1032,943,13,12,36,10,0,839,778,7,8,29,7,0,839,778,7,7,6,5,0,2,34
50009500905,110,107,0,2,1,0,0,85,82,0,2,1,0,0,90,85,4,0,3,1,0,79,76,0,0,1,0,0,93,89,4,0,3,0,0,81,80,0,0,3,0,0,91,86,3,0,3,0,0,81,74,3,0,6,0,0,88,80,1,1,4,1,1,78,71,1,1,3,1,1,78,71,1,0,1,0,0,0,5
50009500903,223,220,0,1,2,0,0,190,187,0,1,2,0,0,192,182,7,1,5,3,0,168,162,1,0,3,1,0,202,187,7,1,6,1,0,180,176,1,0,6,0,0,225,213,6,2,4,2,0,187,183,0,0,0,0,0,217,199,2,2,3,2,1,180,175,0,0,0,1,0,180,175,0,0,0,0,0,0,5
50009500908,290,279,3,3,4,0,0,240,231,1,3,4,0,0,303,292,2,0,2,0,0,259,247,3,0,4,0,0,293,286,3,0,3,0,0,252,242,3,0,2,0,0,318,300,10,0,4,0,0,248,231,4,0,5,0,0,270,251,2,0,7,1,0,214,198,1,0,5,1,0,214,198,1,0,1,0,0,0,14
50009500914,1302,1265,12,6,17,4,0,1064,1035,8,4,15,3,0,1290,1255,21,0,14,2,0,1016,983,22,2,13,2,0,1362,1320,26,2,18,0,0,1052,1011,22,2,17,0,0,1425,1361,25,1,34,0,0,1078,1042,18,0,23,0,0,1246,1166,5,9,44,12,0,1003,941,4,2,34,11,0,1003,941,4,0,6,1,0,0,51
50009500907,1235,1180,13,5,29,8,0,961,919,8,4,25,5,0,1310,1257,21,0,23,5,0,1045,1020,4,0,19,4,0,1285,1238,21,0,14,8,0,1040,1020,4,0,14,10,0,1146,1097,7,0,13,25,0,937,900,0,0,8,24,0,1141,1069,16,17,36,3,4,931,878,9,13,29,2,1,931,878,9,8,2,10,0,1,23
50025502516,5282,4971,93,73,99,53,6,4118,3925,60,34,73,32,4,5068,4689,102,117,123,18,19,3855,3600,80,53,95,20,15,5024,4626,180,103,99,16,0,3920,3660,129,54,59,15,0,5008,4587,142,123,99,14,0,3841,3632,92,48,54,15,0,4832,4322,141,112,172,63,7,3938,3560,95,78,137,44,7,3938,3560,95,40,31,5,1,9,197
50025502501,442,419,5,10,7,5,0,343,326,3,6,6,5,0,465,456,2,0,6,3,0,364,356,2,0,2,2,0,446,435,2,0,5,3,0,345,340,2,0,2,2,0,329,321,4,0,3,0,0,252,246,8,0,0,0,0,380,354,6,1,9,4,0,302,280,6,1,6,3,0,302,280,6,0,3,1,0,6,6
50023502316,1658,1588,27,14,10,19,0,1313,1272,13,7,8,13,0,1800,1665,29,2,96,15,9,1450,1355,25,0,48,10,4,1864,1762,48,3,32,30,9,1495,1435,20,0,8,19,4,1659,1532,32,7,18,36,14,1346,1308,16,0,6,13,6,1753,1600,31,10,37,31,0,1409,1300,26,9,25,14,0,1409,1300,26,6,14,0,0,11,52
50023502317,6207,5757,169,133,85,96,4,5277,4890,154,106,62,86,3,6061,5659,205,90,111,64,6,5155,4785,195,59,85,24,0,6153,5701,275,71,96,58,0,5190,4750,275,44,74,35,0,6221,5629,348,45,76,143,0,5354,4780,345,29,76,126,0,5918,5149,202,252,189,87,5,5108,4473,172,213,155,69,5,5108,4473,172,152,51,13,2,9,236
50005500508,581,570,0,5,5,1,0,477,469,0,2,5,1,0,590,566,11,12,4,7,0,446,438,3,3,4,5,0,594,567,12,11,4,7,0,441,422,4,3,4,7,0,644,606,28,12,6,0,0,497,476,8,0,5,0,0,584,551,1,3,18,1,0,482,457,1,3,15,0,0,482,457,1,0,0,4,0,6,14
50019501920,350,344,0,0,3,3,0,300,296,0,0,2,2,0,350,339,0,0,11,0,0,268,256,0,0,9,0,0,342,328,0,2,9,0,0,269,259,0,2,9,0,0,353,340,13,0,2,0,0,295,294,4,0,1,0,0,357,345,2,0,5,0,0,307,298,1,0,5,0,0,307,298,1,0,0,0,0,0,8
50007500717,4402,4197,58,42,52,61,5,3363,3241,35,17,39,32,4,4536,4477,21,15,32,0,11,3310,3255,20,15,10,0,10,4543,4507,10,13,10,0,11,3475,3440,10,15,0,0,10,4549,4512,0,0,0,0,0,3497,3497,0,0,0,0,0,4698,4262,103,65,121,62,4,3634,3336,84,37,84,34,4,3634,3336,84,14,17,9,3,32,139
50007500724,7144,6817,105,79,31,122,2,5451,5241,66,42,24,77,2,7728,7168,228,97,87,207,0,5815,5535,75,54,30,110,0,7722,7216,232,92,55,177,0,5905,5640,90,59,4,105,0,7703,7202,152,53,20,291,0,5956,5607,54,37,6,244,0,7717,6946,173,130,141,242,13,6161,5652,112,80,93,149,10,6161,5652,112,49,115,9,6,32,186
50007500715,9070,8190,183,216,71,431,5,6948,6414,118,103,40,280,3,10124,8603,252,368,6,937,83,7433,6762,169,110,0,361,0,10351,8487,248,295,6,1356,0,7350,6751,168,110,0,314,0,10534,8546,250,173,9,1649,0,7522,7013,145,56,7,329,0,10330,8576,269,365,172,873,10,8290,7018,198,256,129,623,6,8290,7018,198,185,570,4,3,23,289
50007500712,17103,15989,271,313,124,439,19,13846,13000,202,207,95,350,12,17393,16027,297,375,121,529,41,13803,13065,236,137,120,232,4,17309,15792,478,507,66,441,4,13864,12962,426,197,64,223,4,17272,15485,537,371,144,686,0,13872,12871,445,169,133,256,0,17524,15227,446,586,386,730,18,14318,12663,342,391,304,506,18,14318,12663,342,306,426,25,12,29,515
50007500729,3016,2914,24,24,23,33,0,2291,2235,16,12,17,13,0,3065,2908,20,25,18,94,0,2445,2370,4,14,14,35,0,3080,2922,15,24,13,106,0,2445,2370,4,20,8,40,0,3086,2892,31,38,6,119,0,2300,2196,1,23,3,59,0,3129,2900,50,36,54,52,0,2477,2315,39,24,44,23,0,2477,2315,39,9,16,2,0,10,86
50007500711,3754,3600,71,29,14,46,3,2787,2695,44,17,8,26,1,3839,3739,17,48,0,31,0,2910,2865,14,0,0,30,0,3815,3649,55,47,0,59,0,2870,2805,30,0,0,40,0,3817,3566,74,82,0,83,0,2935,2838,47,0,0,57,0,3912,3541,94,47,63,68,5,3069,2832,57,22,43,43,4,3069,2832,57,15,24,0,0,28,113
50007500718,1938,1867,12,20,18,25,0,1460,1416,9,13,15,12,0,1872,1789,26,9,11,25,0,1462,1428,20,0,4,10,0,1970,1848,39,26,15,39,0,1551,1492,30,4,4,20,0,1847,1730,43,46,5,28,0,1498,1448,32,20,0,7,0,1934,1777,38,14,46,32,2,1574,1453,32,8,39,26,2,1574,1453,32,4,10,5,0,12,58
50007500727,4518,3934,91,142,52,298,5,3914,3505,68,93,36,214,2,5139,4412,245,40,133,317,0,4424,3901,134,38,126,212,0,5480,4710,212,76,130,359,0,4710,4119,114,72,130,273,0,5693,4828,154,72,159,491,0,5075,4423,90,62,134,373,0,5572,4500,228,310,83,429,5,4822,4020,169,210,69,331,4,4822,4020,169,178,294,6,1,18,136
50005500505,3007,2881,11,31,66,18,0,2269,2188,11,12,46,11,0,2895,2764,0,29,51,51,0,2238,2118,0,30,50,40,0,2878,2695,0,120,36,28,0,2363,2228,0,70,35,30,0,2873,2718,0,57,36,62,0,2270,2147,0,28,31,57,0,2920,2657,58,32,76,43,5,2375,2173,42,21,62,30,2,2375,2173,42,14,21,5,2,7,111
50005500515,937,901,13,6,11,7,0,714,694,8,3,8,2,0,988,908,27,18,19,8,0,786,756,20,0,10,0,0,1009,935,34,22,0,21,0,816,796,25,0,0,0,0,975,926,12,21,6,16,0,813,799,9,6,3,0,0,956,882,10,16,31,4,0,770,723,3,7,20,3,0,770,723,3,4,3,1,0,1,35
50019501909,762,731,10,16,7,2,0,614,596,7,6,5,2,0,751,712,12,27,0,0,0,570,555,10,4,0,0,0,728,718,10,0,0,0,0,565,555,10,0,0,0,0,689,680,9,0,0,0,0,545,536,9,0,0,0,0,811,754,8,21,15,3,1,666,625,8,14,8,3,0,666,625,8,3,3,0,0,2,25
50015501510,1676,1628,11,11,19,9,1,1216,1189,8,3,14,2,1,1791,1739,39,12,6,0,0,1336,1296,30,6,2,0,0,1734,1697,25,8,7,0,0,1355,1327,21,2,2,0,0,1716,1691,15,10,2,0,0,1262,1242,9,10,1,0,0,1670,1570,16,16,40,13,1,1311,1242,12,10,28,7,0,1311,1242,12,10,6,2,0,1,38
50007500720,10356,9980,68,119,109,85,3,7767,7538,41,49,92,49,3,10849,10447,0,114,136,175,31,8468,8338,0,10,35,50,20,10893,10568,26,182,131,47,0,8558,8393,25,34,69,14,0,10912,10550,46,178,68,70,0,8637,8434,51,65,63,25,0,10723,9759,179,229,316,150,6,8543,7867,126,109,241,109,6,8543,7867,126,70,71,31,4,23,351
50007500714,2318,2171,21,32,11,83,5,1688,1606,14,13,9,46,3,2277,2148,49,53,5,23,0,1740,1686,13,27,0,5,0,2337,2204,16,54,6,57,0,1809,1727,15,31,0,30,0,2102,1943,15,59,11,72,0,1604,1538,17,17,0,36,0,2362,2118,46,47,34,97,3,1860,1703,31,21,24,67,3,1860,1703,31,11,39,0,0,11,65
50007500707,5355,4667,156,300,87,181,8,4324,3901,94,158,64,118,7,4979,4153,96,319,75,334,0,3905,3420,60,140,45,220,0,4836,4192,92,155,44,341,0,3805,3420,65,90,15,205,0,4583,4082,81,266,63,109,5,3630,3285,48,161,14,67,0,5428,4359,192,442,74,301,2,4420,3737,116,263,50,210,0,4420,3737,116,210,173,0,0,22,162
50007500705,5381,4392,162,402,90,360,8,4647,3952,123,237,74,267,6,5897,4201,264,602,100,760,16,4359,3765,181,254,75,70,0,5564,4016,262,623,160,549,13,4404,3624,172,315,109,156,0,5160,3743,340,308,80,668,11,4129,3287,239,229,57,268,0,5377,4054,252,366,186,527,4,4740,3708,200,270,145,403,2,4740,3708,200,193,349,21,0,20,249
50007500722,674,654,3,3,14,0,0,513,497,3,3,10,0,0,652,624,14,0,14,0,0,530,510,10,0,10,0,0,595,564,12,0,19,0,0,470,450,10,0,10,0,0,704,662,12,0,30,0,0,537,511,10,0,18,0,0,794,707,18,12,26,13,1,621,554,14,8,23,10,1,621,554,14,4,9,4,1,6,29
50021502104,1258,1214,22,5,6,12,0,963,938,13,2,4,7,0,1342,1305,0,0,20,17,0,1000,980,0,0,20,0,0,1381,1329,32,0,17,3,0,1010,980,10,0,15,0,0,1453,1373,25,4,32,8,0,1101,1064,0,0,31,2,0,1237,1141,24,14,23,23,4,1016,946,16,8,20,12,2,1016,946,16,4,9,1,1,4,35
50021502126,560,554,1,2,3,1,0,450,445,1,2,3,0,0,639,623,6,0,0,10,0,495,480,4,0,0,10,0,575,564,4,0,0,7,0,455,445,4,0,0,4,0,604,581,19,2,0,4,0,459,442,10,0,0,1,0,545,507,12,6,11,0,1,466,441,10,2,4,0,1,466,441,10,0,0,0,0,2,13
50021502119,1741,1700,12,9,11,2,6,1327,1299,7,5,11,1,3,1696,1666,0,15,7,14,0,1360,1345,0,4,4,10,0,1704,1688,0,9,0,15,0,1350,1340,0,4,0,4,0,1754,1754,0,0,0,0,0,1350,1351,0,0,0,0,0,1763,1574,19,23,36,7,9,1396,1264,12,15,22,4,8,1396,1264,12,5,0,0,6,7,102
50005500506,493,477,5,3,8,1,0,375,367,2,0,6,0,0,517,493,6,3,3,6,3,399,387,6,2,3,0,0,498,475,2,3,6,8,5,381,372,0,2,6,0,0,626,594,2,2,5,7,16,435,424,0,0,2,0,0,575,538,5,5,10,11,0,428,397,5,4,9,8,0,428,397,5,0,5,0,0,4,17
50007500730,2025,1957,17,15,19,20,0,1526,1487,9,5,17,10,0,2180,2038,27,0,72,40,0,1642,1597,15,0,20,10,0,2191,2108,33,11,0,36,0,1712,1662,20,4,0,20,0,2328,2181,20,16,2,107,0,1777,1693,8,14,1,72,0,2062,1890,33,30,52,31,1,1704,1578,27,12,43,25,1,1704,1578,27,6,9,4,1,8,71
50007500701,1182,1139,11,11,15,5,1,923,895,7,4,13,4,0,1290,1232,23,0,15,20,0,1015,995,15,0,0,4,0,1238,1164,21,5,24,24,0,960,930,15,4,4,10,0,1144,1087,25,3,10,19,0,913,883,12,4,3,9,0,1301,1187,22,12,34,20,1,1003,938,12,5,26,11,0,1003,938,12,1,6,0,0,2,44
50021502109,432,424,3,2,3,0,0,331,325,3,0,3,0,0,378,371,1,0,6,0,0,315,310,4,0,4,0,0,423,411,2,1,5,4,0,345,335,4,0,4,4,0,361,351,2,1,0,4,0,301,295,4,0,0,4,0,368,345,3,1,9,2,0,315,295,3,1,7,1,0,315,295,3,0,0,0,0,0,17
50021502127,613,585,3,11,15,4,1,485,464,1,4,13,4,1,637,619,0,0,18,0,0,495,475,0,0,20,0,0,598,598,0,0,0,0,0,450,450,0,0,0,0,0,775,775,0,0,0,0,0,590,587,0,0,0,0,0,553,502,12,7,10,10,1,442,403,6,2,9,8,1,442,403,6,0,6,2,0,4,21
50021502124,4054,3941,37,22,18,38,4,3308,3229,25,14,13,27,1,4065,3744,69,124,123,52,0,3265,3070,40,55,70,50,0,4134,3888,32,87,42,82,0,3369,3214,25,25,20,80,0,4114,4019,33,1,2,59,0,3369,3280,26,0,2,60,0,3924,3637,68,37,80,58,0,3263,3065,40,26,51,42,0,3263,3065,40,14,32,16,0,4,92
50021502120,4134,4003,35,24,21,53,2,3358,3263,29,14,14,39,2,4343,4041,20,7,7,264,0,3536,3419,3,0,7,110,0,4634,4270,102,15,5,239,0,3712,3493,78,4,5,140,0,4534,4243,99,25,24,137,0,3761,3571,78,10,21,79,0,4108,3692,98,95,84,88,3,3460,3158,65,64,70,67,3,3460,3158,65,43,56,6,3,6,123
50021502117,2991,2886,23,19,39,24,2,2388,2319,12,14,31,12,2,2846,2765,0,19,37,25,0,2355,2275,0,20,35,25,0,2813,2758,0,14,0,41,0,2255,2200,0,14,0,40,0,2795,2573,0,21,21,18,0,2220,2180,0,16,11,21,0,2862,2540,52,29,108,25,8,2353,2135,33,12,82,16,1,2353,2135,33,5,7,9,0,4,160
50021502121,3998,3790,55,66,39,52,0,3289,3148,38,36,31,38,0,3606,3484,63,23,10,34,0,2968,2895,18,10,1,35,0,3174,3046,56,24,11,49,0,2765,2672,24,10,1,50,0,2990,2865,48,17,26,25,0,2534,2446,28,0,18,25,0,3936,3419,219,83,98,58,2,3337,2924,196,44,83,40,1,3337,2924,196,30,32,12,1,7,135
50021502102,3966,3854,26,21,33,35,0,3122,3053,14,9,27,20,0,3796,3609,39,8,98,42,0,2995,2845,40,10,95,0,0,3773,3680,27,0,16,50,0,2900,2860,25,0,15,0,0,3749,3516,25,32,65,97,0,2991,2894,25,0,38,30,0,4129,3801,55,50,123,45,0,3265,3044,38,27,81,33,0,3265,3044,38,13,24,10,0,6,130
50021502114,226,221,2,0,3,0,0,185,181,2,0,2,0,0,212,196,7,0,6,2,0,159,150,3,0,3,3,0,201,174,4,0,0,23,0,137,133,0,0,0,3,0,243,232,3,0,0,8,0,198,200,0,0,0,0,0,210,195,6,4,3,5,1,175,161,6,3,3,5,1,175,161,6,0,2,0,0,1,5
50021502106,1340,1312,8,0,13,5,0,1047,1024,7,0,10,4,0,1328,1301,25,0,1,0,0,1001,990,11,0,1,1,0,1348,1320,24,0,0,2,0,1018,1002,10,0,0,1,0,1191,1176,11,0,0,4,0,929,923,0,0,0,4,0,1284,1183,23,14,22,16,1,1034,955,19,5,20,14,1,1034,955,19,4,7,0,0,0,49
50021502123,4263,4010,96,78,52,43,9,3392,3221,58,46,41,28,5,4115,3880,51,171,9,5,5,3321,3203,21,85,8,0,0,3915,3656,50,202,4,5,5,3163,3070,16,73,5,0,0,3718,3410,87,110,90,5,5,3118,2930,64,56,91,0,0,3779,3393,100,78,126,43,5,3163,2891,65,38,101,28,4,3163,2891,65,26,19,20,2,7,133
50021502122,4100,3867,64,88,59,25,5,3232,3076,35,52,48,20,5,3514,3387,80,36,22,2,2,2950,2868,48,19,21,0,0,3637,3416,70,143,74,43,1,3131,3031,42,39,27,0,0,3965,3715,60,177,103,28,1,3587,3413,43,91,60,0,0,3984,3413,96,129,185,71,5,3227,2813,61,82,150,53,3,3227,2813,61,59,34,17,1,7,235
50025502519,1232,1177,25,13,10,10,0,994,952,22,6,9,8,0,1015,989,12,0,12,2,0,865,850,4,0,10,4,0,1025,955,10,27,25,7,0,865,835,0,0,25,4,0,1302,1223,8,29,26,16,0,1113,1075,0,0,22,13,0,1291,1178,31,17,33,9,1,1093,997,24,15,27,6,1,1093,997,24,5,6,3,0,14,44
50025502514,1723,1654,19,14,26,11,1,1401,1354,11,9,19,9,0,1803,1747,20,0,24,12,0,1458,1408,20,0,24,4,0,1681,1625,19,0,27,12,0,1393,1348,15,0,24,4,0,1697,1650,15,0,23,9,0,1416,1373,20,0,19,5,0,1645,1488,48,16,43,12,2,1398,1272,34,9,35,12,0,1398,1272,34,6,6,3,0,13,64
50025502507,1867,1790,21,12,8,34,2,1538,1487,14,6,7,21,1,1935,1909,5,0,0,14,0,1567,1562,4,0,0,4,0,1899,1845,12,0,12,20,0,1597,1562,10,0,10,10,0,1883,1777,78,0,6,17,0,1492,1398,79,0,3,11,0,1865,1717,41,25,40,23,0,1536,1442,29,11,20,14,0,1536,1442,29,6,5,0,0,10,44
50025502505,530,519,1,0,5,5,0,395,386,0,0,5,4,0,545,534,1,0,5,3,0,426,419,2,0,2,2,0,522,513,2,0,4,4,0,405,395,2,0,2,2,0,472,459,8,0,4,0,0,368,359,1,0,2,0,0,540,505,1,5,15,5,0,439,410,1,5,14,1,0,439,410,1,3,1,1,0,4,19
50025502515,2702,2514,77,54,30,27,4,2265,2122,57,44,20,17,4,2637,2454,54,75,26,34,0,2240,2080,55,70,24,18,0,2700,2512,46,84,27,40,0,2250,2085,45,75,25,12,0,2447,2217,39,139,10,32,0,2057,1916,41,72,15,21,0,2617,2297,87,62,60,67,4,2198,1972,72,40,40,42,4,2198,1972,72,31,22,5,1,15,80
50025502512,1767,1716,18,12,8,14,2,1429,1400,11,6,4,9,0,1598,1572,0,13,0,0,13,1309,1284,0,15,0,0,15,1652,1592,14,31,13,0,11,1413,1373,4,30,0,0,10,1800,1698,33,55,27,0,10,1544,1465,20,49,0,0,9,1919,1785,38,30,40,19,3,1568,1469,26,23,23,15,3,1568,1469,26,10,7,7,0,10,39
50025502511,1037,975,17,20,26,8,0,812,772,10,12,15,6,0,852,817,0,11,24,0,0,696,661,0,10,25,0,0,774,739,0,14,23,0,0,647,607,0,15,25,0,0,812,778,0,11,23,0,0,664,633,0,10,24,0,0,1005,900,23,26,31,10,1,821,763,8,10,22,7,1,821,763,8,0,4,2,0,2,42
50025502524,1876,1813,29,9,9,14,2,1520,1478,20,5,8,7,2,1517,1412,60,35,11,5,0,1290,1215,45,10,4,4,0,1819,1685,85,35,7,8,0,1530,1430,70,15,4,10,0,1791,1605,91,24,5,45,0,1507,1413,77,0,2,20,0,2255,2060,76,15,48,21,3,1909,1758,52,12,30,21,2,1909,1758,52,8,15,4,1,4,67
50025502503,3852,3420,130,182,61,100,6,3055,2795,78,89,43,68,4,3644,3379,72,85,14,110,0,2828,2716,34,14,4,52,0,3417,3265,42,105,8,17,0,2648,2589,13,20,0,17,0,3065,2931,58,90,0,0,0,2561,2520,10,36,0,0,0,3830,3229,183,198,92,125,4,3125,2705,118,125,75,92,3,3125,2705,118,75,79,11,0,17,120
50025502504,3986,3558,104,116,58,158,9,3287,2964,78,80,45,120,7,3863,3397,230,125,173,98,0,3081,2746,180,14,15,67,0,3987,3653,91,141,86,89,0,3098,2854,90,18,15,52,0,4089,3770,97,123,72,90,0,3354,3095,93,39,8,56,0,3952,3387,124,135,130,117,9,3324,2918,95,86,98,81,5,3324,2918,95,49,72,4,0,19,167
50027502714,904,875,12,2,4,12,0,716,700,9,1,4,3,0,1002,953,24,10,1,20,0,820,795,15,0,4,10,0,933,897,7,14,1,19,0,770,755,4,0,4,10,0,765,750,9,0,2,4,0,673,666,3,0,2,5,0,916,844,20,11,11,13,0,777,724,12,3,11,9,0,777,724,12,2,3,2,0,3,31
50027502715,666,657,4,2,1,3,0,541,535,3,0,1,2,0,610,608,2,0,0,0,0,470,470,0,0,0,0,0,464,461,3,0,0,0,0,380,380,0,0,0,0,0,439,436,3,0,0,0,0,392,389,0,0,0,0,0,687,653,8,4,6,10,1,555,538,3,1,5,1,0,555,538,3,0,0,1,0,3,10
50027502705,936,897,3,3,21,12,0,780,757,1,2,15,5,0,934,910,7,0,17,0,0,805,785,4,0,15,0,0,1001,983,5,0,14,0,0,865,845,4,0,15,0,0,1078,1042,16,0,20,0,0,902,863,14,0,17,0,0,903,838,13,9,16,18,0,756,716,7,1,15,8,0,756,716,7,0,4,4,0,5,20
50011501107,1405,1365,10,3,25,2,1,1036,1005,10,2,17,2,1,1459,1411,13,5,30,0,0,1115,1085,15,4,15,0,0,1450,1359,22,6,56,6,0,1090,1040,15,4,30,0,0,1586,1506,46,7,23,4,0,1124,1073,14,4,26,0,0,1363,1291,17,14,33,4,0,1069,1019,14,7,27,2,0,1069,1019,14,5,1,5,0,2,23
50027502703,947,909,11,2,11,14,0,761,736,7,1,8,9,0,826,806,8,6,2,4,0,670,655,10,0,4,4,0,836,814,6,6,2,8,0,670,650,4,0,4,10,0,1069,1032,4,10,3,20,0,784,757,5,0,5,20,0,992,924,18,12,11,16,0,792,757,5,6,6,14,0,792,757,5,4,9,1,0,0,16
50027502712,3414,3179,41,43,23,126,3,2588,2454,25,18,14,75,3,3335,3115,64,4,0,82,37,2505,2410,20,4,0,44,25,3335,3117,106,3,6,67,38,2570,2435,55,4,4,49,25,3353,3118,101,0,6,128,0,2547,2461,46,0,3,21,0,3612,3192,109,51,64,139,2,2825,2553,73,28,37,85,1,2825,2553,73,20,63,1,0,28,87
50027502716,1139,1078,27,8,18,12,0,942,901,19,3,12,7,0,1208,1178,13,9,6,0,0,975,953,12,3,7,0,0,1120,1093,9,13,5,0,0,942,919,12,3,7,0,0,1120,1105,4,1,6,0,0,1003,989,0,0,7,0,0,1099,1016,23,10,29,17,1,943,886,16,3,22,11,1,943,886,16,0,9,1,1,5,25
50027502704,2030,1951,15,20,28,17,2,1604,1549,11,14,19,12,1,1990,1897,27,18,50,0,0,1585,1512,27,17,30,0,0,2052,1942,24,22,65,0,0,1638,1556,27,17,42,0,0,2120,1968,46,37,67,3,0,1640,1537,46,33,39,3,0,1942,1779,41,25,65,6,0,1584,1450,30,16,52,5,0,1584,1450,30,12,3,1,0,15,73
50023502321,1705,1637,24,13,16,16,3,1325,1282,15,9,11,7,3,1613,1553,26,12,0,22,0,1165,1150,4,4,0,4,0,1652,1560,33,12,0,47,0,1160,1135,14,4,0,4,0,1688,1629,21,24,0,14,0,1269,1252,16,10,0,0,0,1977,1834,46,22,33,24,0,1638,1537,38,11,24,14,0,1638,1537,38,5,4,3,0,9,42
50025502523,1357,1326,8,6,8,6,3,1054,1034,4,5,7,3,1,1622,1515,12,8,53,34,13,1310,1270,4,4,15,10,0,1567,1472,16,8,42,29,8,1235,1200,4,4,10,10,0,1427,1356,11,10,37,13,0,1082,1049,5,1,11,4,0,1344,1249,23,11,43,9,2,1059,1000,14,7,26,5,0,1059,1000,14,3,0,0,0,0,42
50023502305,2887,2770,46,32,14,28,4,2319,2239,32,16,12,21,4,2816,2714,53,13,28,7,7,2315,2230,40,8,18,4,4,2790,2690,48,9,35,9,9,2295,2215,35,10,24,10,10,2795,2725,28,4,0,4,0,2265,2239,16,0,0,0,0,2849,2578,70,63,69,47,3,2355,2138,56,47,64,27,1,2355,2138,56,28,14,3,0,8,108
50023502306,1433,1387,9,15,18,11,2,1079,1050,7,8,13,5,2,1328,1223,7,3,40,58,0,1055,990,4,0,30,19,0,1439,1333,6,4,49,51,0,1135,1070,4,0,30,30,0,1594,1530,4,0,39,21,0,1173,1138,2,0,15,9,0,1443,1285,28,13,66,26,0,1116,1016,19,9,44,15,0,1116,1016,19,5,6,5,0,5,60
50019501917,1662,1620,16,7,15,4,0,1283,1256,11,2,12,2,0,1520,1432,0,3,67,18,16,1165,1100,0,0,64,4,0,1430,1394,0,5,27,4,0,1095,1070,0,0,24,4,0,1547,1498,22,2,25,0,0,1215,1182,4,0,15,0,0,1722,1595,19,10,79,11,1,1371,1275,12,8,64,7,1,1371,1275,12,7,6,31,0,1,39
50009500909,32,31,0,0,1,0,0,24,23,0,0,1,0,0,26,24,0,0,0,0,0,23,21,0,0,0,0,0,27,24,0,0,0,0,0,24,24,0,0,0,0,0,17,16,1,0,0,0,0,12,13,0,0,0,0,0,16,16,0,0,0,0,0,12,12,0,0,0,0,0,12,12,0,0,0,0,0,0,0
50001500116,588,564,7,2,12,6,0,467,446,6,2,12,5,0,532,489,19,0,25,0,0,435,412,3,0,23,0,0,536,479,19,0,37,0,0,428,392,3,0,35,0,0,491,454,13,0,28,0,0,404,366,3,0,26,0,0,739,639,28,12,19,32,6,636,550,26,6,16,29,5,636,550,26,4,15,2,0,0,39
50001500114,1250,1217,6,6,9,10,0,964,943,5,3,7,6,0,1321,1280,4,4,0,16,0,1050,1030,4,0,0,15,0,1212,1165,2,5,4,19,0,960,935,4,0,4,20,0,1130,1086,3,0,8,12,0,831,810,3,0,9,11,0,1239,1131,24,23,14,12,0,983,903,16,14,13,11,0,983,903,16,11,9,4,0,8,32
50001500118,1265,1211,31,14,7,4,0,998,963,23,5,7,2,0,1073,912,94,11,48,11,0,790,735,4,4,35,10,0,1113,975,85,11,42,3,0,855,815,4,4,25,4,0,1232,1072,96,5,46,3,0,937,898,2,5,35,5,0,1260,1140,40,11,33,17,1,1022,935,34,8,21,8,1,1022,935,34,2,5,4,0,3,39
50003500301,2317,2237,18,13,26,25,1,1868,1817,16,6,17,13,1,2559,2437,43,0,10,69,11,1995,1930,39,0,8,0,0,2664,2507,69,0,7,81,0,1985,1900,60,0,4,20,0,2633,2361,74,83,26,89,0,1910,1740,45,0,19,13,0,2457,2268,39,20,67,23,1,1981,1849,25,8,45,19,1,1981,1849,25,6,8,2,0,12,79
50003500302,7997,7542,133,154,42,123,10,6392,6079,83,96,36,84,9,7796,7068,242,178,127,168,13,6241,5828,153,114,89,44,10,7993,7126,319,290,70,95,71,6453,5913,176,220,46,36,58,7754,6949,306,259,74,106,30,6152,5715,141,150,75,25,15,7795,6817,252,243,212,191,12,6264,5581,168,143,156,151,9,6264,5581,168,89,124,14,0,22,266
50019501905,1086,1042,14,8,23,0,0,853,825,6,2,20,0,0,1057,1026,0,5,26,0,0,850,830,0,4,20,0,0,970,939,0,6,23,0,0,825,805,0,4,15,0,0,938,877,0,0,52,0,0,781,758,0,0,28,0,0,1100,1032,18,2,34,8,1,856,808,7,1,34,4,1,856,808,7,0,3,13,0,1,24
50001500115,677,645,17,2,4,9,0,536,511,15,1,3,6,0,663,641,13,1,1,1,3,557,546,10,1,1,0,0,673,650,13,1,1,2,5,560,548,6,1,1,1,0,677,619,34,0,5,1,7,534,504,21,8,9,2,0,646,600,10,2,21,3,8,538,508,7,2,14,3,3,538,508,7,0,1,1,0,0,21
50001500109,1100,1064,10,8,10,11,2,895,873,6,2,10,4,1,1197,1157,18,5,17,0,0,1000,965,20,0,14,0,0,1174,1145,11,7,9,2,0,975,955,10,0,10,4,0,1137,1115,12,7,0,8,0,940,924,8,0,0,4,0,990,937,4,3,22,5,3,834,796,4,0,18,1,3,834,796,4,0,0,4,2,1,27
50015501501,348,324,7,1,15,0,0,274,259,4,1,9,0,0,374,348,7,7,7,5,0,296,276,7,3,8,0,0,371,347,8,3,4,6,0,298,282,7,3,5,0,0,389,364,9,1,7,4,0,295,273,12,0,10,0,0,358,311,5,1,28,6,0,282,258,1,0,17,3,0,282,258,1,0,3,1,0,2,17
50003500310,763,752,5,4,1,1,0,623,614,4,3,1,1,0,684,679,0,0,5,0,0,545,540,0,0,8,0,0,609,599,0,0,10,0,0,470,460,0,0,8,0,0,672,656,0,0,16,0,0,549,533,0,0,16,0,0,702,676,2,3,9,2,0,599,580,2,2,8,1,0,599,580,2,2,1,0,0,0,14
50005500511,709,698,1,1,9,0,0,559,548,1,1,9,0,0,729,682,27,12,13,2,0,586,561,12,3,11,2,0,660,620,17,12,14,2,0,544,521,7,3,14,2,0,663,603,14,12,19,2,0,576,553,4,4,14,2,0,682,647,6,5,20,4,0,549,518,4,4,20,4,0,549,518,4,1,0,0,0,0,26
50005500509,732,714,3,5,8,0,1,574,559,3,2,8,0,1,628,610,4,12,6,0,0,515,505,0,8,4,0,0,701,677,4,15,9,0,0,560,545,0,8,10,0,0,748,709,4,14,20,0,0,609,598,0,9,8,0,0,715,679,6,4,13,7,0,590,564,4,3,8,6,0,590,564,4,2,4,0,0,1,15
50007500706,5097,4646,92,174,36,154,9,4065,3780,63,95,31,96,6,4761,4171,107,181,49,264,72,3815,3525,60,99,41,20,0,4808,4246,142,219,28,201,0,3822,3565,105,83,27,35,0,4901,4184,286,166,8,264,0,3992,3538,245,68,8,103,0,5635,4689,146,381,121,266,6,4605,3985,110,193,88,189,5,4605,3985,110,162,159,9,1,26,153
50021502128,2079,2033,13,7,15,10,1,1688,1658,10,3,12,5,0,2094,2068,21,0,0,5,0,1755,1730,20,0,0,4,0,2112,2060,26,5,14,11,0,1710,1675,25,4,4,0,0,2279,2200,28,4,20,29,0,1696,1660,28,0,6,0,0,2129,1954,31,34,65,15,0,1724,1606,20,22,50,7,0,1724,1606,20,13,2,4,0,5,74
50021502108,706,679,10,3,13,1,1,578,558,7,3,9,1,1,568,548,3,4,7,6,0,460,440,4,4,4,4,0,607,590,4,3,5,5,0,480,465,4,4,4,4,0,741,725,6,6,0,4,0,587,573,3,4,0,4,0,735,678,16,6,9,6,0,622,573,13,6,8,6,0,622,573,13,4,4,0,0,3,25
50021502115,1477,1418,24,10,14,15,2,1137,1104,17,2,10,5,2,1287,1198,24,27,51,6,0,990,940,8,20,20,0,0,1239,1070,26,32,110,55,0,950,870,8,20,50,0,0,1338,1092,107,21,193,38,0,1016,941,8,14,48,0,0,1424,1306,33,24,30,15,0,1114,1044,21,8,26,6,0,1114,1044,21,8,4,0,0,1,36
50023502320,1719,1654,20,10,13,24,2,1357,1311,17,4,10,14,1,1713,1568,72,5,25,48,0,1400,1310,40,4,10,35,0,1737,1581,88,7,30,52,0,1395,1300,50,4,10,29,0,1697,1586,58,9,0,38,0,1387,1337,19,10,0,19,0,1844,1723,34,24,22,26,3,1507,1429,23,20,14,13,0,1507,1429,23,7,13,2,0,0,33
50019501918,536,518,2,3,7,6,0,431,418,2,3,5,3,0,553,537,0,7,7,1,0,396,390,0,7,0,0,0,623,581,16,13,12,1,0,463,442,7,10,3,0,0,541,510,7,14,8,1,0,422,412,2,16,4,0,0,534,485,14,5,13,7,0,447,413,9,2,12,7,0,447,413,9,2,6,4,0,2,11
50027502724,3553,3352,61,44,60,41,3,2839,2711,43,30,37,20,3,3415,3144,108,14,79,43,0,2780,2605,105,14,35,14,0,3388,3239,84,10,30,7,0,2815,2690,85,10,35,4,0,3354,3249,53,12,29,0,0,2743,2652,52,10,30,0,0,3559,3239,60,68,99,31,5,2897,2672,51,33,71,20,3,2897,2672,51,21,15,3,0,14,121
50011501110,1201,1138,24,8,24,7,0,927,883,16,4,20,4,0,906,847,53,0,6,0,0,675,655,15,0,4,0,0,780,764,5,0,11,0,0,635,620,4,0,10,0,0,1000,988,5,0,5,2,0,812,804,4,0,1,5,0,1184,1103,19,12,30,9,2,947,887,12,7,25,7,2,947,887,12,4,6,7,0,0,31
50011501111,2308,2183,16,26,73,9,1,1749,1672,8,9,51,7,1,2585,2469,46,0,85,12,0,1955,1895,20,0,43,0,0,2729,2525,59,15,160,20,0,2050,1925,25,0,100,0,0,2572,2402,58,32,146,1,0,2020,1905,24,0,67,0,0,2346,2164,37,13,100,17,2,1822,1677,27,11,83,12,2,1822,1677,27,8,4,31,1,3,71
50011501112,2190,2096,23,17,49,6,0,1633,1568,18,9,33,5,0,2357,2265,55,16,6,15,0,1795,1755,20,0,4,15,0,2371,2304,0,10,22,37,0,1830,1770,0,0,25,35,0,2436,2382,0,7,13,34,0,1861,1822,0,0,9,36,0,2136,1934,46,22,94,19,1,1607,1472,35,7,65,5,1,1607,1472,35,6,3,13,1,7,70
50001500105,2775,2645,48,29,35,30,3,2171,2089,40,7,30,19,0,2736,2670,35,15,4,22,0,2290,2240,30,0,0,15,0,2730,2643,20,17,4,25,30,2280,2235,14,0,0,20,15,2729,2689,6,7,1,9,24,2300,2302,2,0,0,5,4,2646,2450,79,23,61,28,2,2239,2080,69,22,47,17,1,2239,2080,69,8,9,7,0,7,59
50001500120,2588,2365,67,106,41,33,3,2006,1842,49,74,25,25,3,2612,2563,45,4,0,0,0,2140,2105,30,4,0,0,0,2593,2483,53,5,17,20,0,2075,2015,34,4,15,4,0,2607,2512,39,19,15,9,0,2167,2106,25,20,11,3,0,2553,2336,54,46,74,36,4,2072,1907,34,35,60,24,2,2072,1907,34,25,13,10,1,7,75
50023502310,1353,1310,15,11,5,12,1,1071,1043,12,6,4,5,1,1244,1189,12,23,11,16,4,970,920,10,8,0,15,0,1084,1053,11,14,0,6,0,870,840,10,14,0,4,0,1062,1045,4,0,0,13,0,915,899,8,0,0,15,0,1364,1274,23,19,18,15,3,1128,1066,14,11,14,10,2,1128,1066,14,7,5,0,0,7,29
50003500318,424,411,5,1,3,6,0,346,335,4,1,2,5,0,305,291,0,0,15,0,0,259,247,0,0,12,0,0,337,318,0,0,14,4,0,281,266,0,0,12,4,0,275,256,0,0,17,3,0,230,221,0,0,8,3,0,355,340,1,0,6,3,0,300,289,1,0,5,3,0,300,289,1,0,3,0,0,0,7
50003500303,7767,7401,141,109,78,48,6,6109,5867,89,64,56,38,3,7383,6962,213,90,109,75,16,6059,5837,102,10,106,0,4,7102,6662,157,146,75,57,131,5967,5692,98,22,74,58,32,7292,6890,141,160,46,46,121,6220,5975,80,52,27,44,27,7538,6799,182,226,170,107,13,6033,5503,116,155,122,86,10,6033,5503,116,97,52,10,4,24,227
50019501910,629,609,5,7,7,1,0,478,467,4,3,4,0,0,512,480,22,0,8,0,0,426,396,22,0,5,1,0,483,462,13,0,6,1,0,404,388,13,0,1,1,0,615,599,5,0,8,5,0,500,486,6,0,1,0,0,632,586,15,5,24,2,0,515,486,7,4,17,0,0,515,486,7,4,0,3,0,0,15
50003500314,3590,3457,41,37,25,36,1,2847,2764,32,18,18,17,1,3472,3368,39,16,29,20,0,2555,2490,40,0,20,0,0,3445,3402,28,10,33,0,0,2590,2560,30,0,0,0,0,3446,3393,31,10,43,0,0,2605,2568,32,0,0,0,0,3598,3330,76,44,57,38,1,2896,2702,59,22,51,19,1,2896,2702,59,12,14,6,0,2,101
50001500104,1185,1150,13,8,8,7,0,906,884,9,5,6,3,0,986,931,12,19,25,12,3,807,762,12,3,20,7,0,1033,974,11,23,23,11,3,835,784,12,7,20,7,0,1090,984,50,11,17,16,10,873,823,6,2,12,17,0,1207,1114,28,16,20,19,0,951,883,23,7,12,15,0,951,883,23,4,9,0,0,0,32
50001500117,1136,1107,10,2,9,8,1,893,872,8,0,6,6,0,1087,1044,9,16,8,10,0,865,840,10,0,10,4,0,1149,1105,7,16,9,13,0,930,905,4,0,10,10,0,1176,1118,6,24,17,11,0,969,946,2,0,15,4,0,1221,1132,22,5,39,9,2,960,914,9,2,22,4,2,960,914,9,0,2,0,2,5,28
50001500119,1771,1717,10,4,20,17,0,1349,1316,7,1,15,8,0,1972,1852,34,35,13,22,0,1485,1455,25,4,4,0,0,1962,1873,28,15,11,17,0,1530,1495,25,4,4,0,0,1921,1847,41,11,9,15,0,1476,1426,39,1,3,0,0,1756,1633,40,9,51,12,1,1405,1315,32,5,42,4,0,1405,1315,32,1,1,2,0,4,50
50013501305,1631,1564,18,8,32,15,1,1306,1258,12,6,22,10,1,1666,1551,24,34,42,15,0,1355,1265,25,10,44,14,0,1712,1617,26,34,21,14,0,1370,1305,25,10,18,14,0,1636,1561,0,41,13,16,0,1263,1225,0,15,13,14,0,1674,1555,33,22,42,21,5,1399,1317,20,5,37,12,3,1399,1317,20,2,10,0,0,3,47
50009500915,208,205,0,0,2,1,0,169,167,0,0,2,0,0,180,169,8,1,5,2,0,155,150,2,0,2,2,0,185,176,7,1,5,2,0,167,161,2,0,5,0,0,221,206,9,1,6,2,0,193,184,3,0,7,0,0,211,201,1,0,4,1,1,184,175,1,0,4,1,0,184,175,1,0,0,0,0,0,8
50005500514,1025,987,17,3,18,5,1,798,771,12,1,14,3,1,1052,1003,22,25,5,14,0,801,779,1,1,6,10,0,1065,1010,24,22,7,19,0,786,750,6,1,6,18,0,1005,953,43,24,4,0,0,732,700,38,2,6,0,0,913,855,10,9,30,1,0,710,670,5,5,19,0,0,710,670,5,1,0,1,0,0,33
50009500904,1223,1178,11,5,23,8,0,992,963,7,2,17,4,0,1124,1069,4,21,7,23,0,941,901,4,20,4,10,0,1190,1137,3,9,19,23,0,971,931,4,10,20,10,0,1114,1066,5,0,29,14,0,954,908,2,0,30,15,0,1157,1091,22,3,26,5,2,953,908,11,1,15,5,0,953,908,11,0,1,1,0,4,28
50009500916,169,167,1,0,2,0,0,150,148,1,0,2,0,0,146,135,4,0,4,3,0,125,122,0,0,3,0,0,151,144,4,0,4,0,0,133,126,0,0,4,0,0,160,149,7,0,4,1,0,146,142,0,0,4,0,0,153,147,1,0,3,0,0,141,136,0,0,2,0,0,141,136,0,0,0,0,0,0,5
50015501503,1323,1282,12,7,16,6,1,980,958,6,2,12,2,1,1211,1170,0,7,29,5,0,965,935,0,4,20,4,0,1317,1251,17,9,46,7,0,1055,1000,10,4,34,4,0,1254,1210,11,0,39,0,0,1015,980,5,0,32,0,0,1338,1261,10,8,28,9,0,1045,989,6,5,24,7,0,1045,989,6,0,4,10,0,3,33
50017501719,3389,3278,48,13,25,24,2,2645,2582,23,4,19,15,1,3464,3435,11,0,0,18,0,2810,2780,10,0,0,20,0,3475,3445,11,0,0,19,0,2835,2805,10,0,0,20,0,3498,3450,13,0,0,30,0,2734,2697,17,0,0,35,0,3515,3268,62,30,93,23,4,2863,2674,47,10,80,13,0,2863,2674,47,9,10,8,0,10,105
50017501714,1284,1253,5,15,8,4,0,1040,1018,3,8,8,2,0,1208,1185,4,6,9,0,0,1035,1020,4,0,10,0,0,1225,1204,4,5,9,0,0,1010,995,4,0,10,0,0,1210,1183,13,5,9,0,0,997,985,15,0,5,0,0,1337,1249,10,8,34,10,4,1072,1017,5,2,22,6,2,1072,1017,5,0,2,0,1,2,45
50003500312,405,376,10,10,0,12,0,318,303,5,5,0,7,0,395,355,23,2,2,7,0,318,302,10,0,2,3,0,383,342,22,2,5,17,0,306,291,10,0,2,3,0,375,322,12,25,9,12,0,288,245,7,100,2,1,0,387,342,10,8,6,12,0,309,280,7,4,4,7,0,309,280,7,1,5,0,0,2,14
50025502525,419,406,4,5,4,4,0,340,332,2,2,3,2,0,405,393,3,4,4,3,0,328,323,1,1,1,1,1,405,392,4,4,2,4,0,330,323,4,1,1,1,1,399,385,6,3,0,7,0,320,308,2,2,0,0,0,449,418,11,7,5,3,0,379,359,10,7,2,0,0,379,359,10,4,0,0,0,0,6
50009500912,104,97,6,0,0,1,0,85,80,4,0,0,1,0,88,82,3,0,1,1,0,74,73,1,0,1,1,0,89,83,2,0,1,1,0,81,76,1,0,2,0,0,91,86,3,1,1,1,0,73,71,0,0,5,0,0,87,84,0,0,3,0,0,71,68,0,0,3,0,0,71,68,0,0,0,0,0,0,3
50007500709,5109,4413,101,279,49,300,4,4012,3607,58,121,38,207,2,4883,3920,153,314,46,468,9,3481,3096,90,91,43,165,0,4918,3808,167,462,68,423,9,3634,3130,99,127,72,210,0,4743,3791,114,339,19,465,9,3586,3254,80,134,20,132,0,5051,3981,137,361,113,452,10,4032,3347,92,183,83,320,5,4032,3347,92,142,291,8,1,15,136
50007500732,7231,5894,161,605,102,502,7,5932,5065,112,322,79,370,7,7196,5519,177,262,71,1089,0,5477,4710,153,128,54,434,0,7184,5411,197,216,79,1222,14,5256,4583,149,53,64,414,0,7304,5972,149,292,33,837,12,5624,5161,115,95,28,214,0,7997,5633,247,873,223,992,15,6749,5075,186,503,183,768,11,6749,5075,186,413,695,19,3,27,331
50007500704,5132,4344,147,316,65,281,10,4581,4033,122,181,50,196,10,5411,4262,93,692,9,382,0,4465,3939,67,336,10,99,0,5355,4363,153,546,23,338,0,4640,4086,128,290,10,113,0,4709,3854,214,499,31,166,3,4106,3636,154,231,17,91,0,5321,4000,235,487,135,459,3,4666,3708,204,289,110,333,3,4666,3708,204,228,279,4,0,24,219
50005500513,217,205,5,6,0,1,0,162,155,2,4,0,1,0,226,208,10,4,5,0,0,180,170,4,1,2,0,0,204,188,5,2,5,0,0,169,163,1,1,5,0,0,203,184,4,3,5,0,0,176,161,1,2,10,0,0,208,171,1,7,27,1,0,171,150,1,5,16,1,0,171,150,1,1,0,0,0,3,16
50021502118,3432,3261,53,61,19,43,4,2850,2715,42,46,18,35,3,3333,3108,47,89,102,14,0,2780,2580,35,80,75,10,0,3312,3117,38,69,77,34,0,2745,2560,40,60,55,29,0,3279,3111,29,63,42,46,0,2813,2652,32,51,30,45,0,3020,2757,60,42,91,32,4,2451,2268,45,20,71,24,2,2451,2268,45,10,14,9,0,11,94
50021502129,1150,1121,11,9,6,6,0,954,931,8,8,6,4,0,978,957,0,0,11,10,0,825,800,0,0,10,10,0,985,967,0,0,9,9,0,845,825,0,0,10,10,0,946,930,0,0,9,7,0,811,795,0,0,9,5,0,1214,1148,13,10,20,8,1,1018,964,7,8,20,6,1,1018,964,7,7,5,1,0,8,26
50021502105,2571,2490,10,15,11,43,0,2063,2016,6,4,8,27,0,2497,2364,73,15,0,40,0,2140,2045,65,0,0,30,0,2358,2252,72,12,0,17,0,2075,1985,64,8,0,15,0,2304,2251,13,21,0,15,0,1955,1930,4,4,0,16,0,2412,2245,17,19,29,38,5,2026,1898,11,7,23,32,3,2026,1898,11,7,27,0,0,5,78
50021502125,1056,1031,7,4,3,5,0,885,867,6,2,3,3,0,1177,1124,14,13,14,12,0,935,895,4,4,14,10,0,1155,1082,17,11,15,30,0,945,890,4,4,19,30,0,1274,1196,16,23,14,22,0,986,926,4,14,14,24,0,1096,1029,15,11,20,5,0,930,880,12,6,14,4,0,930,880,12,6,3,1,0,1,27
50007500703,5654,4982,193,212,49,245,6,5348,4756,179,165,43,220,6,5644,4816,177,342,15,330,0,4771,4322,173,186,10,71,0,5961,4964,177,484,17,341,0,5018,4576,176,192,10,62,0,6602,5125,224,749,9,534,0,5382,4640,212,269,4,247,0,6247,5110,232,361,67,427,4,5661,4753,197,233,59,372,3,5661,4753,197,189,280,7,0,21,214
50021502111,1059,1005,12,13,8,22,0,878,840,7,8,6,16,0,971,923,13,3,0,32,0,835,800,0,4,0,30,0,1076,1022,12,0,0,43,0,885,845,0,0,0,35,0,974,936,0,1,0,30,0,785,756,0,5,0,30,0,1149,1068,24,10,26,19,0,950,884,22,7,22,15,0,950,884,22,2,13,0,0,0,29
50021502110,811,769,13,4,7,12,0,709,681,10,3,4,11,0,726,670,0,0,0,47,0,590,550,0,0,0,40,0,681,594,5,0,0,72,0,525,470,4,0,0,50,0,678,573,21,10,10,57,0,522,465,21,0,0,27,0,1407,1284,35,13,23,30,1,1187,1107,24,9,13,16,1,1187,1107,24,8,16,1,0,4,27
50011050113,1164,1081,20,18,29,16,4,887,836,14,11,18,10,3,1133,1131,0,0,0,3,0,807,807,0,0,0,0,0,1081,1045,0,35,0,0,0,798,783,0,20,0,0,0,999,939,0,34,24,0,0,732,705,0,20,9,0,0,1052,943,18,9,42,28,4,832,754,12,5,34,15,4,832,754,12,2,10,8,0,3,43
50011501118,1032,958,18,17,25,14,1,789,742,10,10,17,7,1,1141,875,70,0,103,0,0,778,639,25,0,90,25,0,1008,809,62,72,66,0,0,734,649,15,0,65,0,0,955,914,0,36,5,0,0,759,764,0,0,6,0,0,1109,952,33,35,64,16,0,844,748,17,14,43,11,0,844,748,17,8,11,5,0,3,52
50011501114,1308,1217,24,21,30,16,3,998,939,13,10,22,10,2,1258,1079,31,62,74,37,0,934,847,25,29,26,8,0,1273,1171,43,47,13,0,0,1008,917,33,48,11,0,0,1402,1324,38,31,13,0,0,1112,1072,15,29,10,0,0,1270,1114,29,40,63,21,0,988,882,17,31,50,6,0,988,882,17,23,6,19,0,1,40
50011501116,930,866,16,15,23,13,1,711,671,11,11,15,10,0,984,909,0,65,0,9,0,729,693,0,34,0,3,0,1024,974,0,34,2,15,0,808,776,0,14,0,15,0,1012,978,0,31,1,0,0,801,764,0,11,2,2,0,925,786,40,22,50,16,3,704,615,28,12,29,13,3,704,615,28,11,10,3,1,4,32
50011501117,1364,1267,25,24,33,16,1,1038,979,11,11,24,10,0,1176,1022,0,146,2,7,0,959,875,0,76,4,5,0,1354,1242,0,75,4,33,0,1084,1016,0,31,4,35,0,1336,1142,0,192,3,1,0,1066,982,0,105,2,1,0,1377,1201,26,49,62,29,3,1100,981,20,33,38,20,3,1100,981,20,24,14,4,0,4,53
50011501115,1116,1037,20,19,26,16,2,850,802,10,9,19,8,2,1128,895,29,44,29,44,0,810,707,20,36,18,27,0,1027,910,45,57,14,0,0,855,751,32,56,14,0,0,1092,998,50,37,7,0,0,913,798,45,40,3,0,0,1144,966,34,32,55,44,1,891,747,23,26,48,33,1,891,747,23,18,33,13,0,4,53
50027502702,244,237,5,1,2,0,0,190,187,2,0,1,0,0,281,273,5,5,1,1,0,214,203,6,5,0,0,0,294,289,4,3,1,1,0,211,206,5,3,0,0,0,228,224,3,1,1,1,0,173,178,3,0,0,0,0,229,223,4,1,0,0,0,189,185,3,0,0,0,0,189,185,3,0,0,0,0,0,1
50023502307,1607,1556,13,10,15,20,0,1257,1229,9,6,11,6,0,1556,1486,31,0,22,17,0,1265,1230,15,0,14,4,0,1776,1696,20,5,24,33,0,1455,1410,10,4,14,15,0,1763,1673,28,20,15,23,0,1325,1275,21,18,8,10,0,1661,1540,26,20,41,20,1,1341,1270,21,7,30,6,1,1341,1270,21,5,4,1,0,1,39
50025502513,1078,1016,23,18,8,14,3,927,881,17,11,5,12,3,1230,1140,35,50,3,22,0,1055,985,35,20,4,15,0,1253,1136,53,39,4,38,0,1085,990,55,10,4,29,0,1294,1177,53,33,3,46,0,1119,1028,55,3,3,34,0,1722,1492,63,89,32,44,3,1552,1348,55,78,26,41,3,1552,1348,55,52,38,0,0,12,47
50019501903,987,954,12,9,21,1,1,762,737,5,3,17,1,1,980,942,0,0,38,0,0,746,713,0,0,31,0,0,953,918,0,6,32,0,0,750,720,0,6,26,0,0,1031,984,34,3,8,0,0,756,715,28,9,10,0,0,1042,955,26,7,47,6,1,786,728,7,5,40,6,1,786,728,7,0,0,4,0,0,47
50013501302,2067,1997,23,19,30,6,1,1640,1592,15,9,22,4,1,2193,1933,69,27,161,3,13,1775,1535,60,14,160,4,0,2177,1887,80,33,175,2,18,1785,1510,80,14,175,4,0,2138,1869,107,37,122,3,25,1769,1526,104,13,119,3,0,2086,1920,33,26,65,21,8,1718,1606,23,17,45,10,8,1718,1606,23,8,3,5,0,3,70
50003500313,109,105,1,0,1,2,0,86,84,1,0,1,0,0,80,75,0,0,4,0,0,66,63,0,0,3,0,0,87,82,0,0,4,2,0,73,69,0,0,3,0,0,98,91,0,0,6,1,0,74,66,0,0,9,1,0,126,114,2,4,6,1,1,97,88,2,2,5,1,1,97,88,2,0,0,1,0,0,6
50001500107,298,284,4,1,7,2,0,248,240,2,1,5,0,0,326,302,3,0,7,3,0,264,249,0,0,7,0,0,321,301,4,0,6,0,0,249,236,0,0,5,0,0,383,372,2,0,5,0,0,298,281,4,4,4,4,0,301,275,6,3,9,2,1,251,229,4,1,8,2,1,251,229,4,1,0,0,0,5,12
50005500517,809,776,4,2,14,4,0,602,581,3,2,12,2,0,837,783,33,14,14,1,0,673,643,14,4,11,2,0,759,710,21,10,16,3,0,626,595,7,4,16,2,0,737,671,15,13,21,1,0,626,591,8,3,17,3,0,759,691,9,5,24,3,0,603,550,8,2,20,3,0,603,550,8,1,3,6,0,10,25
50021502116,546,532,5,2,2,5,0,447,436,5,2,1,3,0,367,339,28,0,0,0,0,290,290,0,0,0,0,0,354,319,35,0,0,0,0,290,290,0,0,0,0,0,350,322,27,0,0,1,0,266,265,0,0,0,0,0,504,465,14,8,6,9,1,424,402,7,2,3,5,0,424,402,7,0,4,0,0,1,10
50021502131,2326,2246,19,31,18,15,2,1828,1786,10,10,14,8,1,2398,2261,79,0,15,9,0,1840,1790,40,0,15,0,0,2358,2214,88,0,0,14,0,1800,1760,40,0,0,0,0,2224,2063,119,0,5,8,0,1801,1751,52,0,2,0,0,2214,2044,26,42,63,19,1,1789,1680,21,15,38,13,0,1789,1680,21,13,9,0,0,3,63
50027502720,736,715,3,5,11,4,0,587,569,3,5,11,1,0,723,712,6,2,2,3,0,615,605,4,4,4,4,0,668,667,0,0,1,0,0,575,575,0,0,4,0,0,712,703,0,0,2,7,0,602,592,0,0,2,5,0,718,653,24,4,14,14,0,600,556,17,2,9,5,0,600,556,17,0,3,0,0,1,23
50019501914,748,728,7,0,9,4,0,604,587,7,0,6,4,0,609,569,29,0,8,2,0,503,468,28,0,5,3,0,573,545,17,0,7,3,0,480,456,17,0,3,3,0,621,608,3,0,3,3,0,517,508,5,0,2,10,0,638,610,7,4,15,3,1,532,508,5,4,13,2,0,532,508,5,1,2,0,0,0,16
50001500123,419,399,8,5,5,2,0,324,312,6,3,2,1,0,354,326,3,5,7,3,0,288,268,3,1,5,3,0,368,341,3,5,6,3,0,295,281,3,3,5,3,0,364,330,15,3,6,5,3,288,275,2,0,14,1,0,405,370,8,3,16,1,0,315,292,5,2,14,1,0,315,292,5,2,1,1,0,1,13
50015501509,673,657,2,2,10,1,0,517,502,2,2,9,1,0,712,662,17,15,18,9,0,564,524,13,5,21,0,0,710,663,20,7,9,13,0,567,538,13,5,9,0,0,751,697,22,7,18,8,0,592,564,12,8,11,0,0,686,642,4,7,20,4,4,562,531,1,2,15,2,4,562,531,1,0,0,5,0,9,16
50009500913,0,0,0,0,0,0,0,0,0,0,0,0,0,0,0,0,0,0,0,0,0,0,0,0,0,0,0,0,0,0,0,0,0,0,0,0,0,0,0,0,0,0,2,2,0,0,0,0,0,2,0,3,0,0,0,0,2,0,1,0,1,0,0,2,0,1,0,1,0,0,2,0,1,0,0,0,0,0,1
50001500106,164,159,3,1,1,0,0,145,141,3,0,1,0,0,151,138,5,0,7,0,0,125,113,1,0,7,0,0,150,136,4,0,11,0,0,117,108,1,0,10,0,0,115,104,2,0,5,0,0,96,92,0,0,11,0,0,172,157,2,0,7,3,1,149,138,0,0,6,2,1,149,138,0,0,1,0,0,3,7
50001500108,323,300,3,3,15,2,0,262,243,2,2,14,1,0,349,328,5,2,7,5,0,281,271,4,4,7,4,0,347,324,5,2,6,2,0,266,254,4,4,5,4,0,460,448,5,1,7,3,0,342,338,2,0,6,4,0,359,336,3,2,13,1,0,289,274,2,1,10,1,0,289,274,2,0,1,1,0,1,10
50003500308,375,352,5,2,10,6,0,297,283,4,1,6,3,0,307,282,13,0,0,11,0,260,243,11,0,0,8,0,276,244,15,0,0,16,0,239,217,11,0,0,8,0,433,380,11,0,0,41,0,376,347,15,0,0,11,0,531,488,20,6,5,7,0,434,398,15,5,3,5,0,434,398,15,3,5,0,0,1,12
50023502324,998,952,7,12,21,4,0,779,754,4,6,14,1,0,990,950,9,14,14,6,0,775,760,4,8,4,4,0,1025,976,7,22,16,8,0,785,760,4,19,4,4,0,927,892,5,17,3,4,0,741,722,3,14,3,5,0,964,859,15,16,36,10,1,784,705,12,9,27,6,1,784,705,12,7,5,0,0,7,48
50009500901,24,24,0,0,0,0,0,24,24,0,0,0,0,0,21,21,0,0,0,0,0,18,18,0,0,0,0,0,20,20,0,0,0,0,0,21,19,0,0,0,0,0,21,21,0,0,0,0,0,19,16,0,0,2,0,0,21,16,0,2,2,1,1,19,16,0,0,1,1,1,19,16,0,0,0,0,0,0,3
50021502130,264,256,1,6,1,1,0,220,216,1,2,1,1,0,320,308,4,0,8,0,0,255,240,4,0,10,0,0,363,354,4,0,3,0,0,265,260,4,0,4,0,0,280,277,0,0,3,0,0,215,216,0,0,4,0,0,239,221,8,0,5,0,0,197,184,7,0,3,0,0,197,184,7,0,0,0,0,2,4
50017501713,1173,1137,3,8,22,2,3,906,883,3,2,18,1,1,1029,982,4,15,23,15,0,815,780,4,0,15,10,0,1070,1003,4,22,34,16,0,850,810,4,4,14,10,0,903,857,4,8,28,10,0,728,709,3,1,11,4,0,1199,1096,17,17,35,10,2,950,886,12,11,21,2,2,950,886,12,8,2,3,0,0,39
50015501504,855,830,11,3,8,3,1,668,648,7,2,8,3,1,914,887,19,7,5,0,0,684,664,15,4,2,0,0,883,864,14,6,6,0,0,695,678,9,2,2,0,0,909,894,6,5,2,0,0,708,687,8,3,0,0,0,886,823,14,9,11,16,2,734,687,12,3,9,11,1,734,687,12,3,8,0,1,4,19
50009500917,62,59,0,1,3,0,0,51,50,0,0,1,0,0,62,62,0,0,0,0,0,54,54,0,0,0,0,0,63,61,0,0,0,0,0,54,53,0,0,0,0,0,83,78,0,0,0,0,0,74,72,4,0,0,0,0,70,63,3,2,1,0,1,63,59,1,1,0,0,1,63,59,1,0,0,0,0,0,3
50009500911,261,256,3,1,0,1,0,216,211,3,1,0,1,0,267,261,4,1,4,2,0,228,220,4,2,4,2,0,263,257,4,2,4,0,0,225,220,4,2,2,0,0,307,290,7,1,4,0,0,257,243,17,0,8,0,0,262,238,5,0,11,6,1,224,206,4,0,8,6,0,224,206,4,0,1,1,0,0,12
50025502010,728,705,6,4,9,5,0,600,585,3,2,9,2,0,645,641,2,2,0,0,0,570,565,4,4,0,0,0,643,635,5,2,0,1,0,555,550,4,4,0,4,0,631,619,5,5,0,2,0,488,478,3,5,0,3,0,771,691,16,17,26,6,3,627,566,10,11,18,5,2,627,566,10,6,1,0,1,12,31
50021502112,745,732,3,7,1,3,0,604,597,2,1,1,3,0,784,755,11,0,10,8,0,600,580,4,0,10,10,0,805,768,20,0,8,9,0,605,580,10,0,10,10,0,666,624,14,0,23,5,0,499,464,3,0,25,3,0,794,732,10,6,18,3,1,643,592,8,0,15,3,1,643,592,8,0,2,1,0,4,36
50003500315,824,799,9,5,9,3,4,653,636,7,3,8,1,1,964,947,0,0,11,3,0,750,745,0,0,4,0,0,982,960,0,0,14,3,0,745,740,0,0,10,0,0,897,857,17,8,6,5,0,716,686,16,11,4,0,0,861,817,10,8,17,4,0,703,668,9,6,12,3,0,703,668,9,6,3,0,0,0,17
50001500121,486,474,5,2,6,2,0,391,382,5,2,4,1,0,443,432,7,2,1,1,3,373,364,5,3,3,0,0,451,435,8,1,2,3,3,375,367,4,3,3,3,0,468,426,25,3,4,3,5,375,349,24,0,2,3,0,446,415,9,0,8,4,0,380,355,8,0,4,4,0,380,355,8,0,2,0,0,1,14
50009500910,88,84,0,1,2,1,0,77,74,0,1,2,0,0,89,88,1,0,1,0,0,78,76,1,0,1,0,0,91,86,1,0,1,0,0,77,74,1,0,1,0,0,94,88,3,0,1,0,0,85,81,0,0,2,0,0,81,77,0,0,2,2,0,74,70,0,0,2,2,0,74,70,0,0,0,0,0,0,4
50009500919,4,4,0,0,0,0,0,4,4,0,0,0,0,0,3,3,0,0,0,0,0,3,3,0,0,0,0,0,4,4,0,0,0,0,0,3,3,0,0,0,0,0,2,2,0,0,0,0,0,2,1,0,0,0,0,0,2,1,0,0,0,0,0,2,1,0,0,0,0,0,2,1,0,0,0,0,0,0,1
50003500305,8,8,0,0,0,0,0,7,7,0,0,0,0,0,6,6,0,0,0,0,0,5,5,0,0,0,0,0,6,6,0,0,0,0,0,6,5,0,0,0,0,0,7,6,0,0,0,0,0,6,4,0,0,0,0,0,9,5,1,3,0,1,0,8,5,1,3,0,0,0,8,5,1,2,0,0,0,0,0
50007500702,30,24,3,0,3,0,0,24,22,1,0,1,0,0,28,28,0,0,0,0,0,23,22,0,0,0,0,0,30,28,0,0,0,1,0,24,23,0,0,0,0,0,27,26,0,0,0,0,0,20,18,0,0,0,0,0,29,23,0,0,2,1,1,21,18,0,0,1,1,1,21,18,0,0,0,0,0,1,2
50009500902,0,0,0,0,0,0,0,0,0,0,0,0,0,0,0,0,0,0,0,0,0,0,0,0,0,0,0,0,0,0,0,0,0,0,0,0,0,0,0,0,0,0,0,0,0,0,0,0,0,0,0,0,0,0,0,0,0,0,0,0,0,0,0,0,0,0,0,0,0,0,0,0,0,0,0,0,0,0,0
50009500918,0,0,0,0,0,0,0,0,0,0,0,0,0,0,0,0,0,0,0,0,0,0,0,0,0,0,0,0,0,0,0,0,0,0,0,0,0,0,0,0,0,0,0,0,0,0,0,0,0,0,0,0,0,0,0,0,0,0,0,0,0,0,0,0,0,0,0,0,0,0,0,0,0,0,0,0,0,0,0
