GEOID20,Tot_2016_pres,D_2016_pres,R_2016_pres,Tot_2018_gov,D_2018_gov,R_2018_gov,Tot_2018_sen,D_2018_sen,R_2018_sen,Tot_2020_sen,D_2020_sen,R_2020_sen,Tot_2020_pres,D_2020_pres,R_2020_pres
2300311300,223,86,123,186,55,114,187,6,79,234,64,159,231,98,130
2302509655,262,66,173,188,54,125,185,8,113,257,55,186,253,73,176
2302545110,409,159,225,366,156,192,367,23,162,480,133,311,484,185,284
2302551114,254,66,178,202,57,135,202,10,111,255,52,194,259,74,180
2302567238,19,5,14,14,4,10,15,0,9,6,1,5,5,1,4
2300902865,3151,2263,713,2919,2146,625,2947,418,534,3615,2298,1038,3609,2707,806
2300923200,4233,1801,2086,3627,1733,1674,3644,347,1454,4786,1806,2604,4770,2260,2320
2300911800,59,24,31,53,24,26,55,6,23,82,25,53,87,38,45
2300980040,208,48,141,174,41,127,177,10,100,231,53,170,231,69,159
2300919770,240,67,150,156,50,93,154,7,84,225,43,162,223,66,148
2302564850,1140,284,770,894,263,569,898,46,525,1187,236,881,1191,324,835
2302559005,1936,676,1074,1560,639,824,1575,107,777,2063,604,1313,2055,826,1159
2300353602,5,2,3,5,3,2,4,0,3,0,0,0,0,0,0
2302553636,30,6,22,27,6,19,26,2,18,36,4,28,39,12,26
2302576190,26,6,14,23,10,12,24,1,8,29,9,18,28,13,13
2302568910,4022,1688,2050,3190,1558,1485,3238,246,1261,4198,1354,2433,4223,1896,2220
2302549835,1796,641,1024,1418,607,725,1436,95,636,1878,466,1242,1885,694,1131
2302532895,94,28,58,82,26,46,83,7,46,90,14,58,88,32,54
2302501395,1148,363,706,885,350,481,896,61,440,1221,289,811,1228,402,798
2302556520,1076,312,682,849,253,539,866,50,488,1153,235,863,1160,328,802
2302562995,261,73,155,218,89,118,219,13,98,300,65,209,301,101,196
2302523410,526,168,323,438,175,235,435,28,204,565,128,390,568,183,375
2300908815,2593,1044,1338,2176,987,1023,2189,189,890,2867,960,1701,2874,1292,1484
2300916935,1080,454,543,942,413,473,955,57,400,1174,429,679,1173,551,583
2300901185,170,58,99,136,50,77,139,13,69,189,52,130,190,65,115
23011086515,4275,1841,2104,3598,1669,1731,3605,287,1483,4711,1688,2726,4710,2207,2366
23011040175,2031,707,1158,1699,642,933,1721,92,809,2178,630,1399,2190,859,1263
23011024950,775,347,374,673,338,300,672,44,257,837,322,459,835,392,422
23011004020,2009,833,1064,1719,754,890,1739,107,723,2228,790,1308,2229,1005,1169
23011047770,1029,462,476,920,440,419,917,79,347,1167,469,632,1165,582,561
2302916865,38,6,30,26,7,18,26,2,15,39,6,31,40,5,35
2302957780,494,193,274,372,174,176,374,25,159,485,174,291,485,210,268
23027086760,2163,873,1111,1842,835,910,1849,115,825,2347,794,1414,2350,1045,1248
23027039055,549,235,268,454,207,205,460,30,197,586,208,319,595,268,309
23027078255,1044,452,475,753,385,315,781,143,284,949,362,511,957,449,456
2301506050,2044,988,901,1812,931,790,1828,140,633,2229,1010,1123,2224,1242,924
23011807407,993,579,332,816,514,253,830,142,215,1235,660,479,1241,790,406
23011807404,1040,607,348,851,537,265,863,149,225,1147,613,446,1142,729,377
23011807402,981,570,330,798,502,249,811,138,212,1073,573,413,1072,683,351
23011807406,1154,668,389,938,590,293,960,166,250,1353,725,524,1358,864,450
23011807403,989,576,333,813,514,252,825,141,216,725,389,281,726,460,243
23011807405,1046,609,353,860,542,268,878,151,229,1249,671,482,1251,798,416
23011807401,1027,597,344,839,529,261,854,145,224,1175,629,454,1176,749,390
23011021004,2453,1129,1122,2139,1087,928,2139,218,756,2800,1156,1481,2831,1480,1257
23011013470,1655,525,1014,1329,528,716,1331,79,624,1804,508,1164,1798,648,1101
23011012735,2463,927,1350,2027,869,1042,2013,154,923,2610,869,1583,2604,1119,1398
2301518475,1054,451,514,936,426,459,943,65,383,1164,444,645,1166,548,581
2301570240,617,335,229,564,325,202,574,44,174,724,365,330,722,434,262
2301579550,2744,1143,1412,2279,1036,1109,2291,192,925,2947,1024,1703,2954,1308,1572
23011004475,1517,549,844,1256,503,679,1247,86,597,1642,473,1056,1641,614,986
23011012350,1476,524,862,1207,467,650,1207,80,539,1573,464,1005,1571,611,919
23011063835,597,284,269,531,265,234,525,40,211,715,261,410,718,344,351
23011082945,2158,799,1188,1848,727,1000,1839,125,798,2392,765,1498,2395,1011,1320
23027035450,322,105,189,265,122,132,268,28,119,341,112,200,339,135,191
23027074475,993,449,472,898,453,397,904,84,360,1063,437,559,1072,535,509
23027039504,882,530,280,827,546,241,826,118,200,904,484,321,907,596,274
23027039503,756,457,243,709,470,205,714,102,174,921,491,327,919,607,275
23027066635,1524,695,711,1233,630,533,1260,110,442,1614,673,818,1619,852,723
2302915920,286,71,202,243,80,153,241,12,138,315,66,237,317,87,219
2302920960,717,247,425,567,253,283,578,46,265,820,223,562,818,273,529
2302953500,235,60,159,177,56,111,179,9,96,234,47,181,234,64,169
2301535695,1567,553,876,1367,567,741,1379,87,619,1700,541,1052,1701,686,953
23027047245,530,194,297,497,209,259,498,56,226,610,195,366,614,245,356
23011021001,2032,1125,746,1738,1027,615,1736,202,474,2184,1076,953,2189,1269,841
23011062190,1630,800,711,1472,758,622,1470,111,533,1838,770,947,1833,953,820
23011054560,3481,1454,1718,2856,1275,1367,2902,214,1127,3650,1276,2115,3652,1699,1857
23027046790,630,290,280,533,290,215,534,62,170,659,284,303,655,350,267
2302914940,72,21,48,57,15,39,56,3,29,66,14,52,66,18,45
2302942100,488,186,250,407,211,179,409,24,160,568,178,369,569,218,338
2301507485,1835,944,769,1698,908,709,1699,137,574,2140,993,1031,2138,1288,809
2301541280,0,0,0,0,0,0,0,0,0,2,1,1,2,1,1
2302935905,325,120,177,255,119,128,256,20,124,347,89,239,348,125,213
2302928660,82,26,49,66,23,37,65,5,32,81,22,57,81,31,49
2300907975,635,409,190,573,369,175,577,68,144,698,348,278,692,455,220
2300926350,792,306,427,644,274,326,651,64,300,848,287,492,853,380,453
23011068385,2590,947,1414,2243,851,1269,2230,120,1057,2972,908,1896,2972,1197,1692
23011086165,1352,409,815,1099,347,678,1114,74,594,1444,364,974,1441,482,901
23027066565,836,373,391,743,372,320,742,82,261,940,333,526,943,435,482
23027052845,1010,533,409,920,523,360,921,85,305,1117,546,472,1117,677,409
23027039502,732,517,169,705,516,156,710,79,128,784,496,225,783,603,160
23027039501,715,499,162,679,497,149,690,76,126,869,546,248,863,665,176
2302941960,934,390,455,716,385,288,736,85,276,902,307,514,897,399,462
2302902480,689,265,373,525,218,283,511,33,225,668,169,467,675,242,422
23027035240,421,282,116,386,287,83,379,37,71,445,275,143,448,312,120
2301516235,1322,774,455,1191,754,373,1205,131,295,1495,810,603,1487,990,464
2302921730,784,411,310,679,414,226,681,73,191,843,370,419,841,479,340
23011059110,1651,582,938,1390,548,762,1396,98,635,1794,545,1159,1788,698,1036
23011086970,3610,1697,1605,2961,1504,1277,2957,264,1036,3780,1581,1963,3764,1984,1653
2301569645,338,102,197,270,107,144,273,22,124,360,108,223,359,132,214
2301585010,1400,610,688,1200,560,575,1205,105,487,1490,520,841,1488,695,755
2301501010,469,264,176,465,273,167,469,67,129,526,267,214,520,323,174
23027004125,559,227,282,459,210,214,468,47,192,597,184,368,602,262,320
2302535345,477,111,339,362,101,243,368,28,209,489,78,381,492,133,355
2301548645,1236,793,381,1151,747,358,1157,135,305,1379,773,502,1370,933,404
2300339300,793,328,411,629,219,339,628,40,233,766,227,513,769,328,424
2301752575,6,3,3,8,3,5,8,0,1,4,1,3,6,3,3
2300761840,721,288,384,619,257,331,620,62,250,761,219,515,762,297,450
2301758270,960,324,548,766,266,414,771,48,355,918,225,633,912,325,562
2301701325,529,196,280,431,165,229,433,27,184,536,192,300,539,224,293
2300311785,100,26,69,83,27,51,83,6,31,102,23,70,104,37,67
2300342520,2167,1188,847,1696,969,611,1739,214,461,2120,905,1106,2126,1155,942
2302919870,319,114,180,279,131,129,286,29,124,326,98,208,326,129,191
2301745285,1313,549,648,981,477,414,974,113,330,1271,461,727,1279,562,678
2301727505,116,42,62,102,40,50,103,10,42,123,45,71,124,49,66
2301780635,914,341,494,793,335,387,799,55,318,1040,371,620,1044,457,558
2301708150,854,369,429,704,337,322,718,85,265,960,391,522,963,473,467
2301778465,56,13,39,45,10,35,46,2,32,63,14,47,64,16,47
23031004860,10020,5551,3736,8093,4588,3016,8167,1130,2189,11139,5722,4520,11154,7097,3714
23031067475,1541,539,876,1259,454,723,1264,105,586,1791,524,1162,1798,712,1036
23031009410,4789,1911,2543,4099,1590,2336,4112,329,1707,5320,1958,3008,5310,2442,2692
23031014485,815,335,398,720,311,376,718,58,281,948,345,534,950,434,479
2301710005,510,153,242,419,136,220,432,28,206,541,128,380,547,156,375
2301754000,2592,1065,1316,2183,958,1012,2204,177,848,2880,1163,1519,2874,1415,1366
2301945005,740,195,509,554,181,336,561,26,320,731,145,552,740,192,535
2301957936,273,200,43,193,100,32,199,54,22,314,210,74,308,242,58
2301363590,3522,2041,1211,3000,1907,944,2994,460,769,3992,2054,1554,3997,2520,1366
2301923620,820,261,494,637,226,368,647,40,313,881,214,628,883,282,586
2301952710,226,73,143,208,72,126,208,3,117,282,72,199,279,91,183
23031039195,1623,647,845,1341,549,692,1340,131,538,1852,672,1026,1853,822,950
23031657251,3315,1463,1569,2402,1136,1104,2330,263,818,3370,1334,1816,3383,1686,1592
23031055085,5468,3003,2151,4677,2619,1771,4692,541,1350,6258,3120,2771,6263,3748,2374
23031022955,4248,2276,1707,3653,2057,1400,3707,635,1169,4753,2421,2087,4764,2869,1792
23031081475,6558,3303,2812,5871,2987,2549,5880,729,2071,8024,3606,4084,8033,4513,3341
23031056870,1004,370,553,800,328,424,777,82,330,1067,347,624,1072,474,565
2301756310,2169,700,1272,1734,536,992,1681,110,836,2349,631,1563,2338,816,1459
23031000275,1463,547,822,1212,448,686,1214,97,526,1643,522,1039,1645,658,932
2301741365,704,316,336,624,300,281,600,72,233,768,321,409,771,403,354
2301733315,827,315,443,653,274,347,661,61,275,930,291,560,933,377,529
2301764185,241,77,143,202,79,105,204,10,96,245,67,158,247,90,147
2301775035,533,189,300,448,135,203,440,38,220,558,168,351,556,208,325
2301756625,2668,1043,1375,2045,766,949,2087,147,851,2866,995,1672,2875,1294,1498
23031036745,2418,1368,912,2239,1269,872,2258,220,694,2787,1488,1203,2767,1796,928
23031036535,7386,4260,2653,6551,3816,2426,6591,735,1926,8318,4390,3502,8301,5425,2688
23031001605,2464,1073,1200,2033,900,1008,2046,236,800,2845,1128,1536,2845,1420,1350
23031646753,1389,731,577,1184,631,488,1185,145,375,2013,1012,873,2008,1242,711
2301783890,989,343,545,733,276,379,725,46,309,957,290,596,962,376,553
2301717250,732,287,383,636,283,318,639,34,266,828,315,468,832,408,393
2301764290,2808,1147,1403,2209,997,996,2206,191,833,2871,1009,1632,2883,1289,1506
23031038425,3180,947,1949,2305,787,1370,2340,233,1154,3534,1007,2310,3549,1245,2183
23023027295,748,405,282,694,410,260,696,34,208,843,439,353,846,531,295
23023006260,1718,594,1009,1494,533,860,1504,83,727,1872,557,1219,1888,763,1082
23023076960,5923,3135,2333,5127,2878,1883,5158,385,1539,6602,3132,3037,6603,3986,2396
23023062645,1872,739,963,1605,699,797,1632,118,660,2102,752,1208,2091,944,1059
2302974125,621,201,369,480,192,274,483,38,226,652,190,417,659,243,402
2302981685,67,23,39,55,21,30,55,6,23,67,20,47,68,24,40
2302913750,210,43,151,169,49,106,171,14,100,229,56,162,229,68,156
23023033554,529,312,178,470,301,139,473,55,105,604,330,217,601,403,179
23023033552,646,376,217,565,363,163,573,64,132,739,405,265,743,495,222
23023033551,597,348,200,532,339,155,531,57,124,687,376,247,692,462,206
23023033557,688,402,231,610,391,179,613,67,142,776,426,278,773,515,230
23023033556,702,411,236,614,396,181,630,71,146,725,397,259,726,483,215
23023033553,759,443,256,670,428,198,675,75,156,836,458,300,836,559,249
23023033555,767,448,256,675,431,199,682,78,156,811,446,290,814,541,243
23023087460,1979,834,1003,1736,763,857,1761,107,718,2167,808,1206,2164,1046,1065
2302936010,664,242,378,525,217,286,533,29,267,714,203,488,716,246,448
2302985185,200,87,104,195,101,83,199,24,85,225,75,137,222,91,126
23001077800,3315,1092,2014,2637,897,1528,2645,139,1317,3443,1015,2255,3449,1302,2057
23001387405,1487,816,547,1146,757,298,1109,298,255,2354,1208,1003,2362,1407,879
23001020604,1831,805,891,1605,730,745,1619,131,686,2084,827,1120,2075,1041,978
23001020605,2543,1126,1208,1984,915,912,2007,179,855,2691,1073,1391,2673,1354,1219
23001020602,2632,1348,1062,2164,1206,811,2170,218,753,2570,1195,1218,2578,1455,1040
23001064570,2780,872,1704,2079,733,1199,2118,147,1051,2903,844,1889,2895,1045,1769
2302917355,170,51,103,127,55,60,133,12,53,185,51,120,182,69,109
23001387404,2322,1014,1132,1924,872,882,1961,162,740,2612,1105,1347,2620,1384,1148
23001046160,1654,543,981,1364,447,831,1375,58,705,1786,521,1178,1779,683,1042
23001020601,2393,1111,1047,1898,912,826,1925,204,741,2756,1286,1312,2775,1567,1123
23001387403,2198,1490,555,1603,1193,295,1604,454,266,2415,1411,856,2443,1616,741
23001387407,2449,1047,1218,1852,849,868,1866,194,735,2121,1095,911,2108,1270,792
2301726910,1763,817,770,1512,792,606,1500,218,468,1952,890,959,1951,1071,815
2301787355,762,276,405,636,249,318,635,52,296,855,278,536,855,334,481
23005026525,5482,3471,1647,5070,3309,1527,5162,551,1181,6245,3762,2147,6236,4373,1679
23005605431,4073,3167,683,3613,2865,587,3673,761,440,4242,2787,904,4281,3461,645
23005605412,3016,2275,466,2717,2222,352,2709,898,257,3334,2329,555,3288,2714,428
23005012300,328,234,66,277,202,66,278,31,44,333,219,102,333,258,66
23005605422,3348,2702,371,3060,2647,282,3059,1067,210,4104,2910,465,4053,3531,361
23005048085,2271,833,1280,1963,738,1110,1901,177,889,2511,854,1520,2510,1050,1392
23005024495,7994,4919,2638,7542,4440,2794,7464,700,2036,9128,5100,3667,9103,6213,2678
2301749275,271,137,109,250,119,112,249,17,92,288,138,135,288,163,118
2301775595,249,116,116,214,101,94,216,17,83,283,124,141,285,167,108
2301732370,737,251,398,613,208,318,623,39,289,782,226,499,782,326,428
2301739422,27,7,16,27,10,15,26,2,13,30,7,23,31,12,19
2301771755,348,129,170,283,123,127,287,30,106,383,142,213,392,186,181
2301742835,17,2,15,15,6,8,15,1,8,15,5,7,16,6,10
2301380215,2116,772,1183,1689,678,915,1692,129,743,2252,693,1383,2258,929,1262
2301335135,63,38,15,60,48,8,63,14,7,68,49,16,67,55,9
2301351620,287,191,67,266,193,63,270,35,49,326,190,117,323,223,85
23031657252,3339,1525,1519,2351,1116,1059,2371,307,835,4229,1814,2060,4207,2193,1868
23031657253,3402,1497,1665,2605,1143,1304,2635,300,1005,3361,1130,2021,3418,1571,1734
2302151105,195,59,120,177,66,102,180,14,84,203,56,142,207,73,133
2302100100,399,102,256,307,107,179,308,12,152,417,94,305,419,122,289
2302144830,148,44,96,105,35,60,108,6,63,160,31,115,165,47,112
2302105560,53,20,32,45,18,25,44,2,23,59,17,38,58,22,36
2302146580,390,140,224,322,116,183,322,22,169,402,113,260,402,145,244
2301755960,1070,427,561,905,373,459,887,62,382,1178,436,688,1178,541,606
23031000730,1823,819,887,1539,723,708,1552,139,580,2005,772,1119,2009,994,950
23031037270,5623,3504,1749,4838,3183,1383,4961,973,1202,6445,3826,2270,6465,4465,1813
23031087985,8742,4971,3266,7654,4484,2732,7740,1069,2254,9753,5253,4115,9733,6182,3360
23031646752,1580,773,677,1313,645,600,1314,119,456,1838,925,803,1842,1139,655
2300374405,153,68,53,128,48,67,131,8,46,162,27,119,161,71,86
2300360825,4290,1794,2106,3214,1258,1658,3278,228,1195,4249,1335,2689,4266,1879,2271
2300319210,147,38,96,108,40,60,108,5,54,150,31,112,150,40,106
2300332685,34,4,23,30,4,22,29,1,17,39,8,30,42,8,33
2300367790,488,110,358,370,92,246,365,12,226,515,75,412,521,124,388
2300369930,309,76,220,239,68,151,243,9,128,303,54,240,309,78,228
2301929185,688,187,441,519,152,347,524,32,306,705,146,511,714,193,496
2301949065,1737,581,1028,1306,483,767,1332,72,677,1750,435,1224,1750,590,1121
2300310565,3787,1524,1998,2867,1087,1512,2916,172,1075,3804,937,2679,3830,1627,2144
2300313900,210,85,112,159,61,84,160,7,61,216,53,152,217,93,123
2300333980,2704,948,1576,2019,734,1100,2044,122,864,2738,741,1848,2755,1057,1643
2300373472,389,178,187,316,148,146,318,18,101,404,143,239,403,201,198
2300321380,672,219,409,572,185,337,576,28,243,716,165,513,719,244,468
2300326735,611,266,313,460,222,216,472,30,155,608,204,379,607,238,362
2300365025,238,128,96,206,128,63,209,29,47,246,100,136,246,122,121
2301930795,4425,1945,2107,3522,1665,1689,3627,264,1490,4911,1834,2827,4910,2477,2270
2301910810,94,17,72,69,9,55,69,2,52,88,7,75,87,14,73
23031041750,2553,1047,1303,2136,881,1118,2139,213,841,2963,1019,1765,2964,1329,1541
23031070030,4172,2246,1619,3314,1885,1238,3307,616,1025,4663,2358,2041,4669,2777,1738
23031016725,1235,471,669,1016,349,604,1025,81,469,1387,435,877,1389,588,758
2302153628,78,28,47,65,25,37,68,3,32,87,28,56,88,39,48
2302118195,2120,796,1140,1728,730,881,1770,161,762,2342,684,1490,2348,924,1359
2302129535,1015,383,583,871,344,474,887,57,398,1083,343,692,1087,458,604
2302156765,481,152,284,372,134,210,376,17,191,490,119,348,494,150,334
2302165865,715,211,456,554,205,323,545,35,285,755,195,513,757,258,480
2302185710,84,20,58,76,22,53,71,1,46,90,15,73,90,20,70
2301941435,231,62,155,194,45,140,189,8,124,257,38,207,256,57,193
2301955680,2371,876,1316,2028,831,1084,2011,132,963,2559,797,1633,2578,1101,1408
2301902795,15513,8224,6013,12359,7160,4469,12470,1543,3848,16291,7555,7579,16295,9553,6079
2301924110,545,179,331,440,155,248,443,24,204,580,146,395,574,192,367
2301955225,3909,2046,1517,3116,1744,1188,3154,372,1018,4290,1871,2096,4291,2390,1672
2301914310,1134,307,739,878,288,557,890,38,489,1245,254,928,1250,367,849
23005719902,3020,2214,617,2949,2199,619,2963,460,444,2870,1798,817,2907,2228,588
23005028870,4807,2038,2402,4174,1805,2137,4208,362,1745,5424,2100,2975,5426,2681,2563
23005719904,2965,1870,920,2599,1706,747,2586,436,575,3297,1911,1141,3257,2286,888
23005719903,3089,1947,963,2718,1780,781,2703,451,601,3418,1977,1185,3385,2371,925
23005066145,12650,6952,4928,11616,6148,4922,11617,1100,3625,15186,7664,6819,15175,9588,5229
23005002655,911,273,561,777,249,492,779,65,403,1003,255,691,1005,354,625
23005605432,3718,2723,755,3367,2558,666,3432,574,528,3548,2247,948,3574,2774,721
23001019105,2553,1093,1268,2187,932,1142,2226,173,924,2822,1043,1575,2810,1376,1336
23001040665,1295,475,705,1106,438,582,1076,77,487,1386,454,885,1402,579,785
23001029255,2539,817,1545,2026,624,1250,2031,114,1048,2656,691,1834,2655,924,1667
23001040035,4849,1711,2754,3934,1546,2062,3991,315,1747,5283,1764,3141,5275,2213,2860
23001044585,1539,519,873,1255,453,671,1271,75,639,1707,512,1059,1713,657,991
23001038565,1273,418,752,1025,374,566,1033,77,488,1370,397,898,1369,510,820
2301987390,130,23,99,98,18,74,97,4,64,136,17,114,136,19,116
2301957150,490,139,323,381,136,221,366,18,176,508,100,384,523,151,363
2301936325,728,204,462,562,190,339,568,28,300,768,177,556,774,245,515
2301914380,1505,371,1059,1136,295,787,1154,57,742,1570,306,1202,1581,394,1150
2301917530,1783,577,1064,1392,546,765,1344,93,638,1858,463,1284,1852,624,1172
23005605441,4740,3557,929,3904,3100,639,3897,816,470,4689,3105,1020,4671,3750,766
2301955565,5401,3449,1448,4266,2987,1030,4372,984,805,5250,3184,1607,5246,3768,1203
2301912105,704,141,533,572,130,424,580,31,398,761,129,611,756,166,581
23001079585,876,221,579,700,194,457,707,25,408,916,195,684,919,278,617
23005015430,5339,3211,1758,5104,2985,1911,5143,413,1428,6089,3260,2545,6051,4118,1804
23005605421,4334,3711,382,3911,3456,306,3940,1087,218,4845,3671,523,4871,4380,352
2301906925,5170,2183,2590,4006,1893,1895,4034,332,1649,5298,1956,3067,5314,2560,2574
2301901500,84,34,47,67,22,38,68,5,35,84,25,48,84,36,46
2301917950,719,234,432,596,241,320,606,46,277,737,214,490,735,268,447
2300302762,42,13,28,31,11,19,31,1,16,34,10,23,33,11,22
2300383785,138,42,93,102,35,64,103,2,56,148,40,103,150,45,103
2300343255,1128,362,694,918,275,576,922,47,402,1158,278,827,1165,410,728
2300378570,937,505,392,668,348,270,710,75,220,874,317,511,883,465,406
2300340595,496,113,357,372,86,250,365,20,194,524,99,389,534,143,382
2300348575,162,69,85,114,45,58,115,5,41,156,55,96,160,62,93
2300379865,292,155,127,228,130,83,235,15,41,294,128,157,293,155,134
2300325615,1656,665,890,1350,510,689,1350,88,498,1709,481,1133,1710,681,987
2300365200,163,59,92,127,51,64,125,14,37,167,55,105,172,64,104
2301912525,330,66,245,226,57,161,223,3,139,325,36,272,328,62,262
2301945810,2218,921,1163,1834,845,854,1845,102,707,2401,744,1514,2411,1060,1313
2301939475,2454,710,1577,1895,664,1115,1914,134,1013,2589,582,1850,2610,822,1727
2301932510,3509,1110,2174,2842,1026,1686,2851,201,1504,3970,1093,2714,3986,1462,2433
2300319420,470,220,231,357,174,157,362,36,124,465,145,288,463,199,257
2300341715,229,66,140,172,55,105,171,16,78,253,57,185,256,79,169
2300305385,396,95,284,320,66,239,321,20,178,395,54,320,402,98,299
2300364780,442,201,214,364,185,149,369,33,111,484,170,294,485,223,254
2300343710,754,195,519,593,150,411,578,30,284,741,141,562,745,224,512
23005087845,5557,3737,1506,5243,3446,1572,5354,629,1137,6435,3990,2142,6414,4836,1442
23005084303,1720,1102,500,1529,1040,412,1552,147,326,1862,1099,626,1857,1303,496
23005084305,1805,1157,527,1612,1096,434,1633,155,344,2194,1301,737,2202,1544,593
23005084304,1807,1161,525,1623,1100,440,1638,156,346,1977,1168,662,1974,1388,526
23005084307,1953,1253,569,1743,1183,471,1770,171,371,2459,1451,825,2458,1724,657
23005084306,1831,1173,534,1627,1106,440,1652,160,345,1878,1109,626,1875,1313,499
23005084302,1674,1076,485,1496,1019,403,1520,148,318,1842,1089,616,1842,1293,493
23005084301,1770,1138,514,1586,1081,427,1610,156,339,1808,1068,605,1803,1267,478
23005027025,77,43,26,63,29,30,63,2,24,57,27,29,57,38,19
23005086025,9932,4345,4869,8337,3685,4182,8383,776,3131,11523,4672,6138,11522,5844,5292
23005011125,2107,826,1119,1714,702,894,1724,171,738,2295,826,1316,2311,1047,1187
23031646756,1487,895,493,1243,760,418,1241,144,313,1846,927,803,1844,1137,651
23031080530,3898,1385,2193,3086,1135,1740,3115,259,1387,4510,1486,2714,4506,1881,2477
23031646754,1851,1099,660,1684,981,630,1671,111,481,1849,931,808,1848,1142,656
2302137095,19,9,9,23,8,13,22,0,10,11,3,8,13,5,8
2302166950,385,103,258,325,98,212,323,21,191,427,81,321,430,118,306
2302106400,88,25,60,89,27,60,92,6,53,118,32,82,117,41,76
2300911265,584,332,205,453,298,141,458,49,111,500,290,180,503,350,136
2300917145,1208,690,454,1054,652,357,1050,93,306,1337,664,591,1333,815,497
2300957920,791,449,280,710,426,249,720,89,209,854,376,384,851,517,307
2300938180,1082,485,517,967,462,436,975,99,398,1208,488,640,1219,623,577
2300920405,41,10,26,30,12,16,30,3,17,40,13,24,43,18,25
2300975455,250,103,122,206,84,108,210,19,103,265,97,154,267,133,129
2300930970,1296,511,679,1092,472,566,1098,87,490,1468,488,879,1481,666,780
2300902165,70,16,45,55,17,34,52,4,29,68,21,42,67,27,39
2300943430,286,92,165,237,91,132,233,26,126,308,85,204,311,114,191
2302524320,3285,1261,1748,2575,1185,1239,2590,215,1127,3409,1123,2006,3410,1443,1849
2300974965,653,287,301,557,276,248,564,55,225,720,279,392,729,358,349
2300928450,1023,413,560,899,405,455,913,81,419,1121,383,685,1122,482,613
2300969750,203,100,87,178,89,81,179,9,75,189,73,103,190,90,94
2302941610,782,377,360,694,413,243,706,87,250,891,355,487,888,462,407
2302957082,259,186,59,141,77,34,143,35,25,264,159,92,265,193,69
2302909585,1455,579,764,1125,491,547,1163,91,451,1519,473,976,1525,633,858
2302931530,481,130,323,378,127,231,383,39,216,542,137,380,541,170,364
23027077625,559,218,289,449,197,226,449,47,210,592,174,379,597,236,341
2302975770,37,13,22,32,13,18,32,1,16,31,11,19,32,13,18
2301587075,2183,871,1166,1832,801,905,1860,143,749,2336,873,1301,2330,1126,1115
2301546335,57,40,6,61,45,7,60,12,3,63,44,7,63,52,7
2302517285,24,5,19,17,4,13,19,0,15,24,3,20,24,5,19
2302542660,2230,820,1264,1844,771,954,1859,130,833,2393,676,1515,2395,938,1414
2302531740,874,224,601,671,209,411,680,48,372,896,195,653,903,269,611
2302514555,716,253,411,580,242,317,578,44,291,786,216,508,778,286,472
2302902970,120,48,66,84,41,38,86,10,33,112,40,71,112,42,68
2300724775,3867,1996,1486,3228,2032,1138,3300,514,949,3936,1773,1835,3936,2249,1545
2300749520,429,131,257,354,139,192,364,28,179,461,106,305,466,156,294
2300734820,461,191,234,414,224,168,409,35,140,510,182,280,507,234,254
2300714205,96,38,44,81,39,32,82,8,24,111,34,64,111,60,44
23023006365,1844,883,805,1650,875,680,1667,121,568,2078,939,970,2082,1135,858
2300774825,575,175,350,481,191,265,487,23,226,615,141,431,620,204,397
2300719865,416,141,236,355,155,180,353,21,149,499,148,316,494,192,289
2300785850,2166,879,1068,1852,892,845,1778,143,679,2169,777,1259,2179,982,1114
2300751400,12,5,6,9,3,6,11,0,5,5,1,4,4,1,3
2300724005,396,132,216,334,132,174,341,28,150,447,134,275,446,174,253
2300749345,915,313,499,787,359,374,790,63,323,962,286,571,961,395,529
2302108325,602,213,333,462,201,229,470,39,228,686,198,431,694,250,412
23001060020,3209,1255,1688,2721,1086,1430,2742,212,1269,3523,1168,2165,3538,1529,1910
2301376365,1475,792,582,1267,685,506,1285,138,393,1678,712,824,1677,970,666
2301365130,1645,938,622,1494,873,546,1506,149,448,1842,923,807,1828,1120,665
2301344165,51,33,18,45,28,11,46,5,9,51,23,25,50,36,14
23001387401,2489,1529,805,2073,1382,563,2054,464,489,2036,1192,725,2055,1358,629
2301380425,924,326,508,777,325,402,791,68,355,991,321,589,993,419,541
2300737025,650,248,334,568,265,268,583,41,217,702,262,392,706,325,350
23005605452,4496,2942,1322,4012,2638,1200,4047,519,908,4697,2690,1681,4694,3278,1284
23005010180,6422,4518,1596,5676,3967,1516,5681,558,1125,7032,4515,2161,7001,5406,1465
2300770760,30,15,13,23,11,11,22,1,9,26,12,13,25,16,8
23005028240,9747,5038,3953,8882,4063,4428,8518,992,2973,11226,5199,5376,11192,6528,4286
23005061945,2831,1274,1384,2531,1124,1274,2524,195,1008,3162,1257,1713,3163,1606,1475
23005605451,2821,2028,611,2438,1793,560,2425,490,405,3427,2221,913,3410,2622,693
23005605411,3502,2909,382,3156,2737,332,3180,777,245,3460,2411,505,3508,3038,361
23005031390,3405,1897,1319,3160,1799,1212,3224,190,977,3928,1972,1746,3914,2404,1426
2301927190,558,168,345,442,146,271,456,35,246,606,136,422,608,179,410
2301945670,1596,721,743,1286,632,575,1300,133,496,1717,608,991,1715,802,847
2301919868,153,70,70,130,63,62,131,10,54,157,55,93,158,71,84
2301959950,727,186,485,520,160,332,540,28,301,749,163,545,748,232,506
2301901115,466,154,274,365,134,215,365,13,170,479,119,334,479,171,294
2301937075,70,16,53,48,7,39,49,1,35,67,2,61,67,8,59
2301957045,216,37,165,175,49,118,174,6,104,222,37,169,225,56,165
2301922710,74,26,47,67,24,41,67,2,35,106,22,74,105,36,66
2301938705,1558,428,1027,1176,360,755,1149,70,689,1665,348,1237,1673,482,1152
2301938530,519,138,359,397,116,260,389,15,230,508,105,375,511,142,351
2301921030,923,375,494,770,364,367,772,49,318,953,300,603,955,373,566
2301923865,639,200,386,524,177,323,530,29,290,726,185,515,729,218,496
23005053860,2588,1506,924,2412,1371,938,2427,257,706,3002,1507,1306,2984,1882,1020
23005007170,2946,1234,1477,2576,1164,1225,2576,251,1050,3281,1362,1735,3292,1674,1532
2301947560,100,23,71,90,31,43,90,7,40,122,24,91,122,39,81
23031004720,3920,1552,2090,3006,1302,1518,3045,439,1276,4381,1669,2454,4399,2020,2234
23031050325,2829,1175,1422,2272,987,1148,2295,270,964,3124,1183,1784,3132,1481,1561
23031033665,2574,1024,1332,2239,817,1312,2248,155,947,2929,1000,1758,2914,1282,1539
23031039405,2045,703,1197,1639,565,989,1643,147,774,2315,683,1473,2312,865,1360
23005605413,843,705,107,733,606,109,737,148,68,1949,1610,186,1925,1763,133
23005821054,1746,997,590,1477,914,485,1486,270,349,2277,1209,888,2285,1489,727
23005719901,3261,2440,674,2853,2151,580,2855,437,418,2988,1904,801,3077,2436,560
23005073670,5419,2162,2879,4603,1829,2531,4582,415,1940,6112,2233,3550,6099,2850,3085
23005821055,2304,1238,940,2075,1138,839,2059,245,580,1979,1050,773,1983,1293,636
2300765655,91,45,40,87,46,40,88,14,26,104,50,49,103,66,36
2300758445,530,195,290,429,196,209,438,39,174,548,171,340,553,214,322
2300782235,0,0,0,0,0,0,0,0,0,0,0,0,0,0,0
2302569505,592,235,317,475,226,231,483,44,225,535,135,307,536,210,312
2300947630,1397,925,390,1285,886,348,1285,156,278,1513,898,507,1500,1077,382
2300977415,858,401,397,755,366,339,768,96,293,995,384,534,993,514,452
2300972865,1103,652,401,969,597,328,968,124,289,1136,591,450,1146,736,382
23011061700,987,430,476,820,386,375,806,67,306,1043,383,601,1035,472,534
23011027085,3066,1458,1364,2584,1370,1037,2591,246,875,3303,1405,1684,3301,1712,1474
23011000590,1121,325,702,917,292,558,922,63,482,1199,284,844,1204,382,789
23011078190,23,7,15,20,7,12,19,1,10,21,5,15,21,7,14
2301372585,895,449,384,755,415,304,734,91,224,1003,474,474,1003,580,404
2301326805,744,273,426,636,270,338,643,47,303,805,244,526,803,312,478
23005719905,2474,1533,784,1992,1293,586,2006,394,461,3837,2530,1012,3803,2883,830
2302505000,526,193,303,430,181,222,435,38,185,580,135,391,583,217,350
2302531355,474,155,294,380,123,229,376,21,200,483,116,337,490,153,327
2302573845,342,123,182,285,131,132,289,19,125,380,97,240,383,138,238
2302559705,49,11,33,41,17,21,41,0,20,54,5,42,53,12,40
2300905700,1788,1097,561,1631,1043,504,1634,202,438,1992,1096,754,1994,1324,626
2302547140,115,15,94,85,15,66,83,2,58,122,10,107,124,13,107
2302549205,430,154,226,364,161,173,370,32,156,489,146,292,484,187,267
2302509935,1122,365,648,831,307,472,841,71,410,1158,299,760,1161,388,751
2300955505,1383,628,652,1158,558,516,1156,116,451,1435,543,793,1433,698,695
23027037585,447,132,282,369,125,220,377,34,193,482,112,323,480,149,316
23011080880,807,428,322,717,388,290,719,56,237,879,408,411,875,511,344
2302916410,275,72,183,213,60,134,214,12,114,342,56,263,341,80,253
23011024670,1680,780,763,1409,680,631,1410,100,516,1758,721,919,1751,913,770
23011021003,2319,1043,1090,1861,874,873,1862,131,732,2768,1129,1395,2693,1346,1244
2301506855,497,284,194,451,269,159,453,39,133,569,300,225,567,371,185
23027046475,546,249,247,515,281,213,510,68,182,608,235,291,606,311,267
2301549660,1152,553,519,1035,512,471,1037,91,376,1325,596,655,1319,737,560
23027039755,1528,891,511,1375,838,471,1393,160,387,1667,875,668,1666,1070,552
23027061210,406,158,224,318,132,170,320,18,138,429,138,256,426,172,243
2302913820,294,83,190,240,88,139,239,14,130,335,86,235,337,120,205
2302958165,461,172,267,396,178,193,396,37,160,475,154,302,473,208,259
23027039505,816,368,390,614,327,256,621,59,238,806,319,424,800,406,377
23027009270,669,215,405,506,212,276,514,34,252,644,192,405,648,237,390
23027056450,863,311,468,761,284,433,763,47,342,951,293,593,944,385,538
2302943640,307,102,185,242,105,132,241,16,114,318,61,239,318,103,209
2302913610,10,2,8,8,2,6,10,0,6,8,2,6,8,2,6
2302976895,107,18,84,89,15,67,87,2,53,107,14,86,108,21,87
2302957090,244,163,47,145,82,29,154,41,15,235,156,65,237,198,35
2302903810,33,10,21,29,10,19,29,0,19,46,7,35,45,11,32
23011078745,2414,912,1338,2078,836,1103,2011,143,925,2567,843,1578,2569,1087,1397
23011021002,2157,1137,854,1847,1055,686,1882,167,581,2050,941,988,2094,1209,823
23027026420,427,173,209,374,167,178,374,38,156,467,170,248,472,203,237
23027007870,568,209,299,492,205,272,495,51,228,597,193,357,597,249,318
23011046405,2357,872,1273,2024,821,1043,2030,127,909,2591,869,1567,2595,1091,1400
2300325755,2123,994,999,1650,808,741,1631,156,459,2274,817,1344,2281,1080,1144
2301774685,214,98,98,192,114,71,188,22,52,255,105,133,254,127,121
2301709550,89,29,52,84,27,50,83,7,48,92,26,62,92,31,58
2301938005,59,18,32,54,17,30,56,1,29,68,22,41,69,29,38
2301704825,1622,841,661,1395,743,549,1416,113,456,1785,800,882,1787,985,729
23031646751,1600,841,671,1342,703,560,1349,118,422,1716,862,747,1719,1060,605
2302914100,93,33,55,91,33,54,88,6,48,97,24,69,96,33,60
2302985290,109,41,56,88,39,40,89,12,37,130,42,80,131,56,70
2302961035,429,103,286,302,94,185,299,14,163,415,81,312,415,104,301
2302903670,279,114,141,213,83,125,212,17,103,294,92,194,294,99,191
23001040770,1443,555,729,1054,495,467,1070,117,410,1402,464,841,1401,546,811
2302945600,672,268,362,510,241,241,508,41,198,731,254,436,736,330,392
23001387402,3080,1332,1521,2584,1103,1299,2598,204,1050,3064,1160,1743,3079,1496,1489
2301708710,1076,374,620,904,260,421,905,73,415,1097,349,697,1105,441,638
2301760405,800,272,463,658,229,383,651,66,298,879,257,548,880,332,522
2301729710,460,215,211,393,181,183,399,51,147,535,218,282,537,281,243
2301731670,640,208,379,529,157,258,532,31,249,723,219,459,728,281,429
2301985230,0,0,0,0,0,0,0,0,0,0,0,0,0,0,0
2301363660,2290,1393,741,2061,1291,676,2104,220,543,2545,1390,999,2551,1712,778
2302170655,289,85,184,271,86,162,269,19,141,273,67,191,275,85,186
2302146020,1061,353,633,791,323,421,813,64,382,1129,297,761,1132,379,719
23031646755,1524,875,549,1292,734,486,1270,172,358,1833,920,800,1834,1134,645
2301933490,2000,725,1125,1741,667,995,1756,94,836,2138,659,1360,2137,880,1203
2301978015,0,0,0,0,0,0,0,0,0,0,0,0,0,0,0
2300315395,146,33,102,112,26,75,109,4,64,161,23,126,164,39,120
2300348960,335,98,224,291,88,188,294,17,149,372,78,281,374,116,254
2301948505,936,331,547,809,295,477,816,42,409,1004,277,673,999,370,600
2301944270,353,106,222,285,100,161,277,15,137,348,89,247,347,107,229
2302130095,680,224,402,533,214,288,543,38,245,720,187,480,719,246,459
2301974055,712,208,434,575,183,370,576,36,320,771,168,563,768,219,525
23005048820,3271,1362,1660,2891,1259,1466,2910,214,1313,3630,1388,2025,3623,1738,1761
23001387406,2860,1065,1572,2398,944,1297,2442,187,1109,2908,931,1819,2852,1188,1572
2301986305,194,36,151,154,49,99,151,8,81,203,39,153,208,61,145
2301981055,32,5,26,31,10,15,28,2,16,38,7,28,42,9,33
23005821051,1875,1014,713,1600,896,616,1617,234,463,2057,1090,804,2064,1346,658
2301937760,363,113,237,239,98,119,240,32,118,357,92,244,360,102,249
2300387215,665,233,393,522,192,283,528,28,220,667,163,479,666,242,410
2300327855,2,0,2,0,0,0,0,0,0,1,0,1,1,0,1
2300312000,280,100,156,220,76,124,224,9,76,279,72,193,280,98,177
2300379270,142,41,86,109,35,65,108,0,47,145,37,98,143,54,79
2300332195,49,11,33,50,10,36,50,2,29,62,9,48,63,12,50
2300342450,44,14,27,29,9,19,29,3,19,43,8,32,43,12,30
2300330690,101,48,52,85,34,47,84,1,39,109,28,77,110,49,61
2300354385,383,103,255,288,97,175,288,15,142,404,79,305,410,112,287
2301906680,807,338,412,668,317,301,669,71,265,894,286,570,892,382,486
2300301710,609,210,348,442,150,251,452,21,184,608,147,423,618,233,377
2300380285,828,286,483,586,218,308,587,36,244,822,204,569,820,281,519
2300339965,468,89,359,341,59,251,349,9,204,502,62,425,510,94,412
2300355435,84,13,69,65,20,43,64,2,37,87,22,60,90,22,68
2300360300,251,89,153,203,72,111,209,9,87,270,61,197,266,100,160
2300307065,310,86,202,233,66,153,232,15,104,292,53,231,294,78,215
2300300800,161,70,85,121,59,57,121,11,47,165,67,90,170,75,95
23031048750,846,287,502,725,269,402,716,64,334,968,282,610,968,366,576
2300335065,401,124,250,325,115,183,323,14,149,452,97,329,452,133,307
2300928975,39,14,21,35,13,22,35,1,20,42,14,26,42,18,24
2300953620,2,1,1,1,0,1,2,0,1,1,0,1,1,0,1
2300955890,429,138,261,378,113,252,383,24,214,487,111,359,487,155,324
2300986655,300,114,153,280,118,151,280,22,130,328,117,193,331,147,179
2300914905,152,101,41,135,92,34,133,19,30,141,71,52,139,96,36
23011079025,386,158,195,356,193,150,355,32,116,405,145,217,408,188,209
2302900380,668,212,410,546,222,298,545,30,273,707,198,466,710,238,452
2302501885,482,161,276,377,155,205,376,24,179,506,115,346,513,169,333
2302900660,306,81,208,236,74,154,237,15,131,309,72,222,310,74,225
23023058515,1409,622,693,1285,626,594,1309,98,469,1583,653,849,1579,802,747
2300716165,205,91,92,181,93,80,181,21,58,213,82,122,210,99,104
23005066775,1116,425,601,928,358,530,915,89,424,1285,438,769,1285,535,721
2300781300,276,110,148,271,124,123,271,17,114,304,115,169,301,151,144
2301378115,1344,587,666,1230,538,619,1209,108,518,1569,554,905,1570,734,788
2301333840,1028,542,419,937,533,358,938,105,302,1121,536,487,1125,660,444
2302103740,82,30,48,78,29,46,81,4,30,94,31,59,96,48,48
2301934190,677,250,388,496,202,273,501,35,230,636,189,413,646,223,391
23005605442,2989,2058,795,2540,1778,648,2564,424,457,3676,2422,978,3659,2835,756
2300702235,242,77,146,195,69,109,196,7,93,261,75,171,264,97,164
23005821053,1862,1033,704,1553,860,584,1560,206,453,2348,1247,917,2354,1536,752
23023081930,1212,577,563,1117,555,493,1104,75,377,1409,588,758,1402,745,631
2301379130,768,452,250,676,435,200,691,87,150,840,452,345,844,537,288
2300975280,986,494,419,900,500,361,902,96,321,1107,477,546,1098,602,465
2302569155,608,246,320,515,240,257,511,32,214,639,203,384,631,272,343
2302507380,48,12,32,36,13,19,38,3,17,49,10,34,49,16,29
2302547455,255,89,155,201,78,113,197,12,100,280,59,201,279,74,199
2301571955,422,220,179,408,207,178,408,19,128,498,223,259,494,309,173
2300977345,927,481,382,819,454,319,838,117,256,1047,473,485,1050,596,423
2300907800,565,349,177,536,353,165,533,74,142,635,355,232,629,431,189
2302912175,177,51,114,162,63,91,167,7,87,220,49,159,217,69,145
23011030550,1601,1102,375,1473,1051,361,1489,157,301,1797,1053,576,1796,1291,446
2301774510,173,78,89,158,66,82,161,12,61,185,71,106,186,84,102
2302912455,627,202,367,508,197,282,503,45,253,644,161,448,647,214,418
2302979375,51,12,34,38,10,25,37,3,23,50,13,35,51,18,33
23001020603,2274,952,1129,1914,845,947,1935,139,784,2269,894,1218,2270,1134,1062
2302978675,66,21,40,51,20,30,54,2,23,58,13,44,58,17,41
2301315780,864,375,441,735,344,359,742,62,307,969,343,574,966,429,521
2301309725,3405,2451,804,3211,2354,747,3268,356,584,3885,2541,1101,3871,2962,834
2301717740,1244,419,710,986,355,536,979,77,466,1305,358,852,1309,465,805
2301910670,1584,463,1021,1284,433,785,1289,90,708,1789,419,1263,1791,566,1186
2300348120,20,7,12,16,4,9,16,0,8,23,4,16,23,7,16
2300382770,247,86,146,197,72,110,199,16,87,270,64,187,268,93,174
23031646757,1284,738,447,1092,705,316,1088,167,239,1651,831,717,1659,1023,585
2301922535,1341,448,786,1112,402,631,1128,74,583,1459,370,1005,1464,508,905
2300328590,224,123,93,182,98,68,182,17,52,231,88,134,233,108,119
2301973600,191,35,148,142,35,101,145,3,86,205,22,170,209,38,169
2300327120,50,14,31,34,11,19,31,0,13,56,6,45,56,11,42
2300369260,145,38,99,120,42,73,118,11,72,154,28,119,158,47,111
2300358060,196,61,119,165,46,110,162,7,82,213,36,163,215,63,146
2300345180,133,37,82,91,30,57,90,5,44,135,22,106,136,43,91
2300333385,680,149,500,523,114,368,530,18,302,697,110,541,697,159,525
2302168140,145,43,93,123,36,78,121,2,66,132,21,109,133,34,96
23027026280,654,222,382,525,191,294,529,38,254,689,158,477,683,222,442
2301522675,810,426,322,707,379,297,712,59,229,894,434,414,895,515,349
2302511820,23,4,16,24,6,17,24,2,13,121,30,74,118,42,73
2300761875,156,51,97,138,50,85,136,13,67,147,47,95,146,58,86
2300735625,2515,1153,1186,2119,1038,950,2135,185,786,2680,986,1503,2683,1233,1378
2301356135,1004,500,432,887,453,393,879,93,306,1084,464,550,1072,590,455
23005031600,1460,573,762,1228,526,608,1247,106,527,1586,550,925,1584,749,798
23005821052,1980,1195,632,1757,1164,496,1761,340,355,2597,1377,1010,2589,1688,826
2302181405,117,48,62,88,48,36,87,10,31,116,35,69,120,51,67
2302517460,405,148,228,319,136,161,318,38,151,435,111,295,439,153,277
23011043080,1627,752,771,1428,662,708,1421,94,551,1704,631,986,1701,841,812
23027076610,431,191,191,371,184,156,377,53,135,447,170,235,449,230,212
23027075525,770,288,405,685,280,361,687,69,317,832,257,510,831,343,455
2302951375,107,38,65,91,41,43,91,5,33,123,27,89,125,38,81
2302963940,168,91,72,148,90,51,153,9,47,184,85,98,184,102,80
2301746105,85,26,53,63,21,35,64,4,27,96,31,61,95,38,54
2300330725,49,8,37,30,11,18,30,3,16,47,13,34,46,11,34
2301906575,664,187,443,519,161,325,524,19,301,692,154,511,697,190,486
2301918580,24,3,20,21,4,17,20,0,17,18,3,14,19,5,13
2301927645,2546,941,1414,2030,811,1098,2052,158,982,2805,819,1838,2806,1120,1616
2301967160,34,15,19,30,14,16,30,3,10,41,11,30,41,22,19
2301973250,172,34,130,124,24,91,124,3,81,158,19,134,161,26,135
2301913365,508,171,294,395,146,227,395,27,207,534,128,363,535,189,325
2300362400,78,14,61,61,16,41,58,1,34,80,11,66,81,23,58
2300343990,128,44,79,89,30,50,90,5,34,124,25,94,122,34,85
2300357936,0,0,0,0,0,0,0,0,0,0,0,0,0,0,0
2300346685,410,97,297,302,77,205,306,17,158,430,63,344,436,97,336
2300955855,41,14,26,39,12,27,37,6,25,43,5,35,44,10,31
2300775980,322,155,146,272,151,100,274,33,81,333,136,166,338,174,155
23005041067,173,110,52,160,105,50,157,12,28,190,104,78,192,134,53
2302137970,72,33,39,74,31,40,73,6,30,114,36,75,114,40,71
23031054980,890,569,287,849,542,272,847,149,213,1061,609,427,1067,739,312
2300710740,448,266,127,421,252,145,425,33,109,538,279,232,531,352,164
2301301465,853,396,397,757,393,314,748,92,268,924,371,459,921,483,408
2302510495,50,27,23,41,11,29,45,5,24,61,20,37,61,24,36
2302582840,49,15,31,43,20,20,42,3,22,54,16,35,53,21,30
23027079480,478,194,245,404,195,183,409,29,158,508,174,286,505,229,262
2300926595,32,7,23,24,6,15,21,1,10,33,11,22,31,12,19
2300315990,51,22,28,48,17,26,49,2,22,57,17,38,56,26,30
2300383540,49,24,24,49,23,22,49,4,14,55,19,32,55,30,24
2301960790,91,18,70,58,11,42,58,8,41,90,17,69,91,19,71
2301978780,1132,561,484,986,540,393,992,93,338,1229,500,651,1232,653,526
2300347175,26,1,24,21,1,19,22,0,16,26,0,26,27,2,25
2300974580,600,353,214,511,326,166,504,52,126,646,330,266,645,413,221
2300967300,738,400,288,674,395,242,675,80,214,845,417,372,849,516,322
2300712595,732,278,376,643,301,299,645,44,266,812,248,495,803,317,461
2300710915,284,91,139,230,90,119,206,20,110,311,68,222,314,89,215
23005060685,1060,561,422,996,516,416,1001,100,359,1219,540,588,1214,692,490
23023001570,341,224,98,324,226,85,330,34,66,376,209,132,376,263,104
2301315125,1,1,0,0,0,0,0,0,0,0,0,0,0,0,0
2301506120,1363,735,542,1204,648,494,1214,91,381,1410,654,702,1405,823,546
2301347962,0,0,0,0,0,0,0,0,0,0,0,0,0,0,0
2301909200,188,41,131,148,48,93,145,9,80,207,36,158,207,57,145
2301934365,738,196,491,602,175,399,604,40,376,611,96,485,613,121,485
2300978925,311,123,164,274,120,134,280,24,115,351,115,212,352,160,182
2301584140,504,243,219,464,243,195,475,31,176,553,243,278,555,306,232
2300301220,119,29,82,92,28,62,93,10,53,124,24,95,124,27,96
2300311335,142,74,58,109,55,43,109,7,25,137,47,88,135,60,73
2300386865,133,53,73,101,38,56,101,7,36,126,43,76,126,50,72
2300349415,367,148,185,267,104,129,277,18,116,354,111,222,323,138,178
2302963275,322,115,183,270,114,141,271,16,102,353,108,231,355,129,222
2301944340,58,17,36,44,15,28,46,3,29,70,13,54,69,17,48
2300943578,0,0,0,0,0,0,0,0,0,0,0,0,0,0,0
2300787680,30,10,17,35,19,14,36,4,13,39,19,18,39,21,15
2301731110,186,85,85,147,70,70,151,16,64,199,87,103,199,102,92
2302944760,98,30,62,90,29,55,89,5,50,105,21,80,103,28,70
23023058070,0,0,0,0,0,0,0,0,0,0,0,0,0,0,0
2301532715,0,0,0,0,0,0,0,0,0,0,0,0,0,0,0
