GEOID20,Tot_2016_pres,D_2016_pres,R_2016_pres,Tot_2016_gov,D_2016_gov,R_2016_gov,Tot_2016_sen,D_2016_sen,R_2016_sen,Tot_2020_sen,D_2020_sen,R_2020_sen,Tot_2020_pres,D_2020_pres,R_2020_pres,Tot_2020_gov,D_2020_gov,R_2020_gov,Tot_2018_gov,D_2018_gov,R_2018_gov
33003FREE01,958,425,476,925,411,493,945,438,484,1079,583,475,1090,538,538,1080,333,732,801,347,443
33003WAKE01,2789,873,1741,2711,889,1657,2745,973,1622,3235,1420,1729,3270,1240,1986,3292,724,2539,2055,638,1387
33003EFFI01,859,317,481,833,352,438,850,352,430,924,438,467,926,391,526,925,271,640,626,246,371
33003BART01,1951,1094,730,1912,1018,835,1934,1082,809,2147,1415,713,2170,1374,773,2142,896,1232,1704,910,775
33003TAMW01,1630,739,761,1573,723,757,1606,805,707,1766,962,752,1768,899,838,1763,644,1094,1322,619,676
33003MOUL01,3240,1148,1888,3175,1130,1950,3211,1181,1948,3634,1700,1899,3646,1605,1997,3609,855,2739,2645,860,1764
33001ALTO01,3543,1152,2201,3478,1163,2166,3514,1192,2204,3886,1597,2217,3903,1438,2420,3892,757,3093,2693,745,1932
33001BELM01,3705,1272,2192,3635,1411,2045,3690,1503,2008,4011,1875,2022,4052,1609,2365,4014,813,3133,2710,858,1818
33001NEWH01,1381,544,737,1352,589,704,1362,561,741,1524,763,721,1534,697,810,1526,440,1065,1130,453,653
33001LACO01,1436,561,784,1411,556,805,1434,598,794,1749,861,863,1772,773,976,1754,421,1317,1268,436,818
33001LACO03,1475,697,688,1453,687,711,1487,721,714,1403,830,550,1463,824,617,1461,472,970,1044,457,575
33001GILM01,2283,788,1333,2212,867,1241,2261,898,1241,2474,1151,1262,2478,1020,1423,2462,622,1808,1738,593,1116
33015FREM01,2754,965,1591,2703,990,1580,2739,1060,1533,2805,1275,1456,2839,1151,1635,2827,635,2154,2047,661,1350
33015WNDM01,8890,3507,4825,8730,2998,5447,8864,3382,5226,9787,4738,4876,9900,4567,5196,9746,2403,7241,6673,2384,4218
33015DERR02,4170,1678,2277,4072,1606,2236,4164,1775,2149,4356,2189,2060,4410,2021,2320,4374,1223,3087,2814,1133,1633
33015DERR01,4230,1709,2309,4134,1631,2267,4229,1804,2177,4407,2212,2088,4475,2054,2354,4434,1244,3127,2852,1149,1653
33015DERR03,4277,1724,2335,4177,1648,2289,4281,1824,2205,4473,2246,2121,4517,2074,2379,4484,1256,3164,2895,1168,1678
33015DERR04,4236,1714,2316,4146,1634,2273,4246,1808,2190,4438,2231,2105,4492,2066,2359,4445,1244,3141,2870,1155,1668
33015PORT02,3157,2296,678,3056,2066,892,3136,2190,862,3360,2625,659,3393,2645,699,3302,1928,1333,2682,1919,734
330150RYE01,4060,2211,1579,4010,1923,1982,4066,2086,1896,4403,2789,1563,4440,2781,1620,4427,1757,2638,3558,1714,1816
33015SNDN01,3572,1207,2144,3462,1167,2100,3525,1334,1993,3919,1749,2082,3975,1632,2273,3953,967,2919,2716,928,1732
33015HMTN01,10310,4953,4802,10056,4504,5233,10244,4954,4997,11385,6518,4651,11502,6150,5212,11414,3598,7674,8403,3737,4593
33015PORT04,2343,1374,812,2265,1295,870,2315,1370,870,2604,1768,789,2680,1781,861,2605,1114,1450,1948,1093,834
33015PORT03,2449,1528,779,2377,1385,889,2432,1449,898,2742,1916,752,2782,1906,830,2729,1256,1433,2074,1223,823
33015SALE01,16222,6068,9312,15589,5516,9343,15909,6427,8714,17542,8546,8716,17841,7638,9969,17660,4289,13202,11466,4036,7293
33015NMAR01,5464,3157,1836,5335,2968,2080,5440,3183,1983,5929,4053,1696,6004,3953,1925,5909,2644,3150,4455,2572,1821
33015DANV01,2594,860,1580,2483,824,1501,2541,978,1408,2762,1190,1483,2816,1082,1686,2785,621,2106,1859,623,1204
33015PLAI01,4428,1672,2531,4268,1538,2530,4361,1779,2339,4527,2194,2235,4612,2045,2504,4536,1296,3162,3097,1171,1872
33015EPPI01,4005,1625,2117,3901,1634,2050,3977,1744,2018,4409,2230,2079,4437,2047,2311,4308,1146,3106,3145,1238,1862
33015NOTT01,3115,1365,1511,3067,1357,1537,3112,1414,1544,3487,1876,1507,3496,1769,1641,3490,1056,2381,2485,1066,1383
33015EXET01,9426,5514,3286,8703,4939,3386,9382,5466,3598,10242,6940,3101,10289,6820,3321,10213,4660,5443,7821,4405,3344
33015NEWT01,2749,991,1593,2664,973,1514,2716,1066,1486,2950,1347,1528,2994,1277,1680,2967,789,2123,2000,763,1200
33015DFLD01,2877,1091,1607,2840,1127,1559,2879,1112,1637,3185,1497,1585,3208,1360,1786,3194,808,2338,2295,875,1369
33015LOND01,14237,5968,7338,13835,5536,7668,14174,5956,7654,15728,8161,7267,15873,7738,7905,15767,4302,11303,10769,4300,6354
33015KING01,3700,1422,2081,3612,1328,2054,3697,1492,2000,4050,1883,2094,4094,1731,2311,4062,1054,2966,2836,1049,1751
33013PEMB01,4023,1810,1919,3960,1883,1862,4011,1908,1910,4303,2424,1757,4325,2189,2057,4311,1302,2948,2922,1304,1582
33013WEBS01,1171,499,602,1146,552,540,1162,524,585,1227,633,567,1241,548,669,1229,357,861,875,361,493
33013WARN01,1814,874,790,1758,913,781,1731,901,828,1922,1121,744,1928,1050,844,1936,760,1144,1499,737,740
33013BRAD01,998,442,485,982,461,472,996,474,478,1058,602,418,1067,563,478,1061,363,674,784,357,419
33013ALLE01,2221,874,1203,2174,965,1080,2212,1023,1071,2292,1172,1040,2325,1050,1233,2273,556,1674,1572,564,980
33013FRAN01,1354,479,780,1340,600,664,1349,589,683,1440,695,701,1460,589,845,1441,366,1043,976,373,588
33013FRAN03,1481,617,757,1442,644,713,1463,681,707,1591,852,739,1624,753,846,1587,457,1127,1142,459,661
33013CONC08,2046,1069,888,2021,1166,780,2061,1168,805,2342,1543,732,2360,1415,905,2293,918,1332,1659,839,793
33013CONC09,1956,1136,721,1903,1146,700,1895,1171,699,1929,1327,550,1959,1285,648,1822,843,952,1462,824,618
33013DUNB01,1828,681,1026,1794,683,1039,1817,682,1076,2021,941,1038,2030,877,1121,2022,547,1449,1472,522,938
33015GRND01,2633,1396,1074,2593,1218,1278,2621,1334,1220,2912,1789,1084,2919,1723,1160,2882,1009,1855,2334,1067,1249
33017MILT01,2350,847,1339,2281,883,1274,2319,947,1240,2508,1164,1269,2539,1015,1476,2512,552,1904,1729,556,1143
33017ROCH05,2598,1034,1388,2509,1069,1300,2563,1202,1224,2844,1540,1226,2870,1318,1498,2857,732,2081,1960,718,1213
33017ROCH04,2418,1048,1190,2363,1101,1116,2407,1166,1105,2655,1517,1056,2677,1374,1251,2659,807,1799,1844,780,1017
330170LEE01,2669,1630,824,2609,1532,965,2652,1590,971,2948,2003,883,2976,1957,971,2924,1325,1579,2275,1348,897
33017SOME03,1077,500,513,1053,517,487,1066,538,473,1150,678,438,1161,624,520,1153,390,742,773,345,418
33003OSSI01,2207,770,1294,2158,819,1235,2191,891,1199,2451,1072,1321,2486,965,1487,2464,567,1858,1628,552,1059
33003JACK01,689,430,212,686,406,267,689,418,257,787,577,205,786,567,212,785,424,328,632,403,227
33017DOVE06,2428,1248,1025,2344,1172,1084,2394,1227,1083,2598,1684,857,2627,1579,995,2580,965,1573,1974,962,988
33003WOLF01,4334,1871,2176,4257,1744,2369,4313,1862,2308,4747,2424,2237,4777,2355,2371,4732,1466,3218,3669,1515,2125
33003CONW01,5268,2717,2204,5064,2481,2321,5197,2747,2235,5762,3539,2108,5849,3380,2380,5731,2102,3559,4039,2117,1871
33003SAND01,1016,578,360,994,575,403,1011,591,409,1140,741,387,1143,718,413,1124,526,584,919,523,391
33003CHAT01,206,79,103,198,78,106,205,82,107,238,112,119,244,106,130,244,76,164,166,70,94
33003ALBA01,410,195,182,394,207,171,403,212,174,446,272,163,449,250,190,445,162,276,333,181,146
33011MANC08,5058,2144,2633,4945,2175,2565,5034,2213,2591,5367,2905,2349,5413,2672,2652,5319,1441,3814,3796,1464,2288
33011MANC09,4259,2052,1956,4123,1992,1908,4209,2083,1926,4462,2631,1692,4510,2430,1995,4243,1345,2815,3044,1326,1670
33011DRNG01,1061,383,586,1034,399,567,1055,418,572,1138,495,602,1158,462,670,1146,292,836,811,309,486
33011BEDF01,13570,5851,6816,13405,5087,7911,13533,5183,8008,14686,7856,6630,14739,7521,7052,14694,4077,10493,10973,4075,6815
33011NASH05,5717,2752,2573,5568,2622,2703,5664,2717,2727,6033,3570,2334,6084,3351,2654,5999,2087,3824,4312,2022,2238
33011NASH03,4577,2482,1769,4407,2310,1848,4508,2349,1930,4946,3120,1706,4984,2994,1925,4901,1915,2880,3425,1802,1569
33011MERR01,14923,6405,7397,14820,6329,7867,15124,6520,8059,16569,9229,6925,16697,8725,7669,16582,4835,11474,11576,4885,6535
33011NASH04,3410,2077,1117,3244,1936,1087,3359,2104,1060,3312,2235,975,3382,2132,1180,3306,1432,1790,2101,1285,780
33017DOVE01,2839,1863,733,2779,1810,833,2814,1879,812,3194,2397,678,3196,2328,794,3183,1691,1410,2237,1520,666
33011WILT01,2279,1028,1061,2220,1064,1042,2267,1075,1061,2455,1374,1000,2473,1330,1090,2448,881,1528,1805,824,950
33011NBOS01,3394,1381,1792,3344,1350,1826,3410,1362,1923,3899,1984,1831,3922,1826,2036,3885,1102,2737,2862,1109,1722
33011ANTR01,1529,668,748,1489,695,687,1512,701,719,1563,838,673,1575,761,779,1567,535,1006,1192,564,605
33011MANC01,5582,2988,2231,5485,2811,2472,5559,2860,2525,5589,3530,1934,5603,3352,2165,5514,2057,3387,4475,2104,2324
33011MANC03,3056,1834,983,2914,1632,1084,3003,1786,1033,3442,2311,993,3476,2228,1174,3414,1528,1776,2373,1384,924
33007BERL03,918,453,408,906,476,383,915,499,383,935,567,342,940,496,430,932,319,593,658,316,328
33007BERL01,878,437,392,869,460,364,881,482,364,892,538,330,902,478,410,896,307,568,634,302,318
33007BERL02,2178,1064,966,2126,1118,892,2177,1186,892,2200,1325,803,2223,1173,1012,2197,755,1386,1554,742,774
33017DOVE02,2947,1903,856,2893,1809,961,2977,1925,922,3246,2391,742,3266,2311,900,3233,1676,1495,2385,1562,770
33011GRFD01,931,433,414,911,447,399,920,449,414,1007,550,438,1010,529,466,1003,357,636,744,349,375
33011NASH09,5248,2784,2158,5105,2570,2370,5199,2608,2421,5651,3577,1960,5695,3362,2250,5647,2060,3508,3952,2005,1884
33011AMHE01,7351,3777,3271,7410,3384,3751,7558,3406,3940,8120,4866,3101,8137,4796,3208,7996,2913,4960,6287,2941,3269
33011GOFF01,9834,4146,5009,9541,4067,5088,9742,4170,5197,10107,5333,4574,10190,4967,5040,10129,2714,7284,7215,2932,4183
33011TEMP01,873,405,400,840,395,394,867,384,442,955,543,395,961,518,432,946,360,574,751,365,366
33017NDUR01,1673,578,981,1650,613,939,1659,650,946,1849,815,991,1864,727,1109,1832,392,1411,1333,455,855
33007DIXG01,0,0,0,0,0,0,0,0,0,0,0,0,0,0,0,0,0,0,0,0,0
33007RAND01,259,160,79,250,153,93,259,165,90,275,200,74,277,186,83,272,128,143,218,144,72
33011MANC04,3540,1875,1372,3397,1807,1380,3485,1918,1324,3560,2203,1218,3593,2078,1433,3546,1313,2132,2384,1219,1109
33011MANC02,4797,2461,1976,4651,2341,2083,4747,2447,2109,5079,3156,1796,5103,2997,2021,5060,1908,3062,3808,1886,1858
33011NIPS01,2848,769,1894,2762,753,1846,2796,781,1860,3107,1047,1986,3123,962,2099,3116,586,2479,2181,614,1542
33011MANC05,2877,1571,1078,2739,1467,1099,2832,1620,1038,2813,1759,936,2865,1670,1121,2812,1041,1685,1824,923,857
33011MONT01,1567,757,686,1527,707,759,1538,703,777,1773,1030,700,1778,1011,730,1758,673,1062,1327,640,669
33017SOME04,1020,533,437,1001,527,423,1018,566,407,1303,855,420,1297,787,488,1283,503,761,833,420,397
33007CARR01,484,213,245,482,217,248,481,227,240,536,300,228,538,266,267,534,159,371,393,163,228
33007STEW01,354,95,231,332,129,191,347,124,212,396,155,234,413,117,291,394,65,326,257,82,166
33011HUDS01,13357,5306,7220,12895,5100,7157,13186,5426,7150,14401,7244,6848,14593,6632,7744,14451,3726,10546,9367,3531,5682
33011PETE01,3930,2487,1179,3864,2399,1319,3954,2450,1362,4392,3133,1163,4400,3090,1246,4321,2355,1906,3390,2167,1168
33011WEAR01,5113,1734,2957,5005,1885,2849,5083,1932,2886,5473,2461,2866,5521,2211,3213,5496,1248,4174,3713,1266,2366
33011MANC06,5029,2220,2493,4944,2192,2578,5005,2243,2601,5377,3033,2248,5414,2761,2574,5363,1574,3728,3830,1543,2244
33007COLE01,1053,359,593,1004,409,542,1031,415,569,1050,475,556,1074,418,630,1056,239,808,749,284,445
33007GORH01,1548,770,693,1506,768,678,1531,828,663,1665,1012,616,1681,904,748,1660,565,1065,1166,567,579
33011MILF01,8280,3816,3850,8069,3658,3920,8236,3866,3964,9098,5135,3690,8961,4644,4123,8887,2609,6121,6403,2816,3447
33011MANC10,4129,1990,1844,3979,1982,1738,4070,2030,1817,4217,2511,1580,4246,2294,1855,3988,1264,2631,3038,1353,1635
33011MANC11,3336,1695,1378,3203,1621,1373,3288,1745,1304,3652,2227,1250,3645,2107,1439,3452,1211,2108,2336,1128,1105
33011MANC07,3934,1962,1700,3794,1969,1626,3879,2044,1619,3907,2318,1439,3936,2168,1678,3895,1285,2503,2681,1239,1386
33001LACO02,1147,469,612,1129,469,582,1148,518,571,1260,644,581,1270,585,665,1255,336,896,871,346,509
33001BARN01,2612,924,1520,2587,1017,1454,2601,1033,1454,2912,1308,1528,2922,1150,1698,2908,662,2181,1990,699,1247
33007PITB01,477,121,343,466,133,320,475,144,322,535,192,340,545,158,380,542,66,474,383,73,306
33019UNIT01,813,281,473,774,334,401,783,331,403,878,283,565,892,335,531,878,189,674,592,190,389
33019LEMP01,685,226,428,639,231,388,668,250,405,713,301,387,726,274,440,708,145,552,500,184,311
33019CLAR03,1883,839,926,1834,872,885,1856,914,848,1900,1005,851,1912,904,976,1877,533,1309,1313,557,741
33019SUNA01,2125,928,1044,2109,892,1122,2135,906,1135,2414,1322,1040,2431,1309,1086,2413,764,1617,1827,712,1093
33009BRIS01,1666,626,900,1628,657,859,1666,701,871,1851,902,896,1865,842,994,1846,495,1317,1272,475,778
33009ASHL01,1113,504,520,1087,517,513,1111,536,531,1202,680,492,1218,632,562,1194,382,792,886,419,449
33009EASN01,198,118,65,195,132,54,198,115,74,231,160,64,234,167,64,233,127,98,191,129,57
33009LEBA01,2426,1670,578,2373,1563,741,2424,1611,748,2676,2020,596,2685,2020,635,2646,1513,1104,2056,1408,624
33017BARR01,5268,2375,2469,5203,2368,2518,5293,2498,2539,6002,3408,2429,6004,3142,2733,5937,1901,3964,4322,1904,2331
33007DUMM01,179,65,99,172,79,93,175,71,100,182,82,94,184,67,113,184,53,128,124,59,63
33007ODEL01,0,0,0,0,0,0,0,0,0,0,0,0,0,0,0,0,0,0,0,0,0
33009BATH01,552,211,292,540,222,295,549,213,314,612,288,312,623,259,353,613,171,431,464,206,248
33009HANO01,7849,6561,926,7400,5674,1523,7761,5992,1646,7027,6027,911,7117,6210,841,6840,5020,1742,6133,5032,1066
33009HAVE01,2165,785,1186,2105,759,1204,2140,774,1238,2123,1021,1042,2144,925,1180,2111,560,1516,1655,617,1000
33009HOLD01,1330,704,546,1296,713,545,1315,691,592,1483,907,553,1481,890,569,1476,618,843,1145,636,494
33009FRCA01,758,483,233,732,463,249,736,447,278,712,451,244,801,542,248,806,379,418,639,406,225
33009WENT01,532,175,323,521,196,307,529,190,317,611,265,327,616,280,323,615,155,444,396,130,260
33017DOVE03,3477,1960,1298,3394,1846,1440,3464,1908,1449,3877,2523,1272,3903,2446,1405,3859,1560,2242,2997,1551,1415
33017ROCH03,2588,1017,1370,2528,1060,1313,2566,1111,1304,2995,1556,1345,3037,1420,1549,3004,840,2094,1931,751,1146
33009BRID01,722,267,423,598,299,275,708,275,415,861,399,450,853,364,472,848,231,607,604,234,367
33005KEEN05,3005,1817,972,2813,1690,1107,2969,1816,1073,3101,2269,763,3141,2200,889,3103,1594,1447,2300,1533,743
33005KEEN01,2279,1462,640,2121,1290,675,2220,1506,607,1643,1221,355,1767,1301,443,1641,876,720,1437,1096,319
33005NELS01,428,259,138,420,245,156,436,270,156,452,289,152,451,275,164,437,223,208,360,237,117
33005WINC01,1795,840,829,1725,853,737,1769,892,723,1972,1089,815,2019,986,988,1965,692,1222,1342,685,618
33005CHES01,2207,1166,910,2151,1107,977,2186,1188,932,2329,1419,861,2392,1390,958,2368,1052,1282,1844,1000,823
33005SWAN01,3866,1807,1828,3769,1763,1802,3840,1900,1740,3799,2200,1539,3830,2008,1763,3750,1295,2404,2919,1393,1484
33005KEEN02,2524,1648,692,2416,1614,693,2476,1700,660,2570,1870,623,2609,1849,712,2615,1396,1161,1939,1374,527
33019CHAR01,2386,1041,1159,2333,1136,1070,2374,1143,1100,2461,1335,1044,2481,1185,1239,2458,712,1692,1685,732,924
33009LISB01,729,262,395,704,287,370,718,290,383,783,396,360,796,353,431,790,223,553,513,213,281
33009ENFI01,2594,1445,931,2533,1426,996,2569,1457,1005,2743,1826,848,2765,1777,930,2738,1184,1513,1980,1102,847
33019CORN01,1070,570,400,1021,551,430,1042,570,430,1099,692,381,1109,679,408,1142,468,660,871,481,379
33009LYME01,1188,890,232,1138,824,287,1177,847,304,1300,1070,216,1305,1074,218,1274,869,397,1021,772,244
33009LEBA03,2532,1686,657,2445,1605,743,2490,1665,736,2786,2070,660,2799,2053,713,2768,1523,1206,2069,1401,646
33005SULL01,408,196,172,395,203,175,404,210,180,402,235,153,412,216,186,399,139,248,316,155,153
33005KEEN04,2561,1581,791,2454,1513,825,2525,1618,803,2874,2000,785,2901,1921,920,2855,1406,1394,2047,1336,681
33005FITZ01,1268,577,623,1235,574,605,1265,593,599,1347,719,596,1367,666,682,1313,442,834,1001,484,498
33007KILK01,0,0,0,0,0,0,0,0,0,0,0,0,0,0,0,0,0,0,0,0,0
33019WASH01,705,247,400,680,258,397,697,268,401,795,349,431,797,314,467,797,207,577,536,194,338
33019CLAR01,1582,716,715,1515,701,696,1551,751,679,1633,915,662,1650,819,781,1637,544,1048,1058,496,540
33019ACWO01,567,274,240,552,283,242,564,298,234,549,311,227,569,293,269,562,229,325,458,236,212
33019NEWP01,2974,1085,1665,2900,1122,1600,2938,1203,1555,3097,1475,1522,3138,1301,1773,3097,716,2332,2081,742,1296
33005STOD01,772,350,378,763,372,363,765,359,374,879,463,396,849,419,430,919,353,554,618,278,325
33005MRLB01,1192,711,408,1146,705,398,1175,732,407,1264,843,388,1269,806,441,1249,540,683,936,604,318
33009CANA01,1895,938,850,1885,941,857,1916,995,836,2059,1217,805,2086,1162,890,2056,741,1291,1438,724,699
33019PLFD01,1517,957,458,1465,888,528,1486,926,511,1663,1145,481,1685,1135,522,1656,817,823,1274,777,478
33019GOSH01,452,153,260,429,164,242,445,177,247,478,208,254,481,186,284,477,118,349,326,115,209
33009THOR01,1516,736,651,1478,789,575,1501,750,673,1714,1006,660,1731,958,737,1690,573,1087,1131,567,537
33009WOOD01,784,378,335,762,409,306,778,377,367,847,524,306,858,480,364,852,263,568,617,281,324
33009WARR01,472,180,261,455,195,238,468,219,235,469,230,215,478,189,275,476,123,339,347,145,191
33009PLYM01,3822,2143,1394,3720,2069,1433,3816,2180,1432,3334,2251,938,3415,2214,1123,3314,1530,1690,2573,1672,829
33011MASO01,872,306,477,836,317,457,850,292,511,935,407,483,946,380,535,951,253,672,689,269,407
33011GRNV01,967,379,493,955,426,450,975,445,447,1044,526,483,1054,501,532,1052,305,721,668,287,365
33001TILT01,1877,780,973,1842,868,874,1860,872,901,1999,1069,879,2025,938,1044,2021,529,1451,1363,540,800
33001SANB01,1920,748,1035,1887,828,977,1920,840,995,2030,992,1003,2045,875,1134,2018,558,1432,1519,580,915
33001MERE01,4117,1709,2160,4045,1706,2208,4107,1761,2232,4385,2324,1964,4407,2139,2208,4381,1185,3137,3235,1216,1976
33001LACO05,1057,416,561,1022,430,523,1032,481,479,1062,510,520,1076,440,608,1078,246,814,707,271,418
33001LACO04,1212,490,632,1190,544,585,1205,600,555,1356,735,587,1380,672,682,1370,387,951,913,374,522
33001GILF01,4747,1973,2504,4636,1909,2552,4700,2065,2497,5264,2720,2473,5313,2508,2748,5217,1372,3796,3733,1399,2299
33013NLON01,3078,1807,1101,2976,1557,1338,3041,1666,1291,3146,2067,1039,3182,2081,1059,3123,1390,1710,2578,1364,1189
33013HOOK01,8172,3436,4225,7948,3327,4331,8077,3454,4348,8530,4438,3937,8585,4060,4387,8530,2159,6282,5954,2263,3613
33013SUTT01,1234,607,560,1235,611,576,1246,615,594,1348,788,530,1348,753,574,1352,520,815,1017,497,510
33013NFLD01,2404,884,1330,2304,1012,1147,2359,1023,1205,2592,1327,1202,2619,1122,1435,2631,666,1912,1717,655,1020
33013CONC05,2484,1697,640,2442,1614,761,2468,1615,807,2663,2025,602,2659,1981,650,2643,1552,1075,2081,1376,694
33013CONC06,2095,1241,663,2037,1279,618,2071,1300,651,2048,1457,517,2183,1407,740,2136,1049,1044,1531,958,525
33013CANT01,1599,815,671,1579,851,673,1598,824,723,1747,1076,625,1754,1009,718,1729,707,993,1371,709,639
33013CONC02,2158,1088,899,2113,1168,844,2130,1160,857,2323,1498,759,2333,1368,923,2331,882,1404,1545,795,731
33013CONC01,2414,1266,939,2365,1375,884,2392,1348,946,2561,1670,823,2576,1545,979,2575,1007,1523,1829,966,822
33013ANDO01,1439,703,673,1408,728,626,1431,735,642,1571,896,650,1588,844,726,1587,623,945,1103,545,537
330130BOW01,5076,2570,2119,5013,2446,2412,5062,2435,2509,5495,3409,1992,5512,3256,2167,5511,2031,3436,4253,2045,2175
33013CHIC01,1593,646,851,1594,707,813,1595,693,838,1753,846,853,1736,770,930,1725,451,1249,1234,441,766
33013HENN01,2723,1429,1060,2656,1395,1128,2694,1423,1151,2681,1642,960,2711,1569,1075,2663,1002,1596,2026,1057,936
33005GILS01,458,197,231,449,217,208,444,225,199,506,272,220,516,240,263,505,160,337,365,164,194
33015ATKI01,4522,1671,2595,4407,1464,2775,4477,1679,2644,5064,2448,2514,5104,2250,2795,5078,1283,3749,3550,1229,2279
33005DUBL01,1041,598,370,1019,588,398,1046,593,417,1100,692,385,1109,687,404,1090,492,588,891,506,371
33015BREN01,2585,1145,1267,2536,1068,1371,2567,1134,1332,2894,1549,1288,2914,1505,1372,2871,893,1945,2130,884,1221
33015CHSR01,2958,1092,1727,2939,1069,1755,2986,1163,1714,3426,1556,1785,3469,1465,1951,3434,820,2562,2380,803,1547
33009DORC01,218,51,136,212,73,117,212,72,121,233,111,115,233,105,124,231,71,153,158,44,105
33015NTHW01,2627,1056,1385,2584,1106,1355,2616,1148,1353,2850,1450,1318,2868,1329,1483,2828,807,1967,2019,805,1182
33015STRM01,4941,2593,2005,4859,2220,2497,4921,2433,2373,5455,3409,1964,5485,3306,2115,5442,2026,3377,4247,1987,2226
33015SEAB01,4535,1595,2743,4336,1587,2520,4436,1875,2341,4846,2181,2555,4639,1973,2595,4892,1144,3665,3141,1114,1993
33009LITT01,2930,1241,1436,2903,1290,1466,2914,1250,1541,3109,1701,1333,3115,1557,1507,3103,925,2130,2235,975,1206
33015RAYM01,5378,1921,3151,5253,2006,2950,5369,2153,2931,5933,2660,3083,6000,2378,3517,5921,1328,4494,3890,1318,2514
33005RIND01,3477,1292,1961,3382,1206,1989,3429,1294,1954,3618,1508,1987,3658,1443,2144,3581,930,2579,2555,931,1579
33005HINS01,1774,917,733,1699,924,702,1743,974,670,1857,1139,667,1910,1048,829,1850,713,1099,1314,725,576
33007WHIT01,1153,472,563,1111,540,505,1143,531,557,1310,731,549,1321,631,669,1302,400,888,896,403,467
33007SARG01,0,0,0,0,0,0,0,0,0,0,0,0,0,0,0,0,0,0,0,0,0
33013PITF01,1975,691,1125,1900,749,1008,1935,779,1041,2067,913,1091,2095,807,1230,2080,455,1588,1412,480,888
33013HOPK01,3904,2240,1427,3898,2237,1557,3950,2204,1649,4161,2817,1275,4163,2688,1400,4164,2026,2094,3346,1862,1451
33007NORU01,1016,387,539,966,416,485,990,482,459,1035,516,504,1056,424,614,1043,237,795,684,270,405
33007ERRO01,198,54,135,188,60,123,192,72,116,212,79,131,216,71,144,215,29,183,164,52,109
33007STRT01,276,132,126,267,144,106,271,150,98,299,172,120,300,159,140,297,90,199,206,109,92
33013FRAN02,1007,391,512,985,431,484,998,436,492,1054,519,506,1069,462,590,1061,281,753,673,253,408
33013CONC07,2661,1675,801,2640,1705,864,2657,1687,908,2772,2031,683,2771,1904,822,2762,1437,1297,2198,1370,798
33013HILL01,552,176,341,538,203,286,552,198,327,620,262,338,635,224,403,633,133,486,416,135,272
33013EPSO01,2646,919,1546,2603,1040,1431,2576,1014,1517,2890,1342,1477,2927,1180,1702,2908,636,2228,1990,682,1288
33011HOLL01,5228,2529,2310,5111,2257,2671,5201,2323,2738,5808,3333,2362,5825,3277,2468,5646,2005,3582,4305,1953,2288
33011NASH02,4801,2483,1977,4667,2355,2068,4767,2395,2181,5034,3154,1767,5075,2985,2004,5000,1886,3038,3565,1796,1723
33005HARR01,692,446,202,683,459,202,694,454,213,756,564,173,760,553,201,756,433,315,625,449,174
33011LYND01,1080,470,503,1057,481,513,1076,479,526,1121,578,506,1138,564,541,1134,370,742,821,359,443
33011PELH01,7714,2719,4624,7461,2532,4668,7655,2892,4433,8687,3974,4476,8854,3480,5253,8758,2020,6609,5557,1897,3563
33017ROCH01,2684,1071,1407,2601,1121,1330,2657,1179,1319,2931,1576,1290,2956,1420,1470,2935,807,2093,2125,838,1255
33011LITC01,4910,1923,2720,4810,1851,2772,4912,1926,2813,5343,2706,2512,5410,2497,2824,5351,1210,4064,3650,1269,2346
33017DURH01,9631,6501,2450,9109,5896,2913,9472,6287,2967,7577,5836,1525,7810,5970,1712,7496,4332,3020,6552,4806,1618
33017SOME01,1409,683,624,1375,682,620,1396,694,635,1468,895,533,1464,825,613,1468,565,881,1048,481,550
33005KEEN03,2304,1424,736,2275,1384,770,2328,1460,751,2518,1767,703,2534,1695,800,2507,1225,1244,1857,1200,630
33009ALEX01,972,343,546,936,383,492,952,379,523,1074,491,542,1080,440,616,1070,267,775,745,266,463
33009LAND01,253,105,127,248,107,132,218,62,146,269,133,129,285,126,155,259,79,178,206,82,120
33005JAFF01,2835,1311,1284,2762,1300,1300,2828,1363,1313,3000,1677,1250,3018,1528,1410,3017,1055,1902,2218,1043,1155
33019CLAR02,2172,974,1039,2127,981,1046,2174,1069,981,2250,1295,893,2251,1172,1031,2233,716,1472,1574,713,836
33009LINC01,853,408,367,829,393,377,845,408,403,912,531,361,923,513,397,907,265,630,649,296,340
33009LIVE01,0,0,0,0,0,0,0,0,0,0,0,0,0,0,0,0,0,0,0,0,0
33009RUMN01,880,365,457,862,382,433,881,390,448,945,434,489,956,410,527,944,281,644,721,278,433
33019SPRI01,829,344,422,805,340,419,821,351,431,882,459,402,889,437,436,881,298,569,671,263,392
33009BETH01,1443,796,573,1422,762,565,1449,754,616,1671,1075,552,1671,1021,620,1642,694,910,1211,696,496
33009ORAN01,173,73,85,171,80,82,173,85,78,192,91,96,196,80,110,191,57,127,142,65,75
33005WALP01,2118,1169,755,2085,1145,853,2118,1223,800,2337,1520,745,2347,1470,834,2325,998,1282,1762,1001,738
33019GRAN01,2096,1265,699,2069,1162,855,2095,1214,834,2432,1686,690,2447,1669,747,2394,1158,1210,1843,1087,731
33007COLU01,348,109,219,333,111,210,346,124,213,354,148,198,351,114,235,364,70,287,258,89,162
33007LANC01,1636,657,841,1590,697,815,1622,689,866,1708,901,767,1725,817,874,1719,490,1189,1222,547,657
33011HILS01,3018,1198,1588,2947,1302,1464,2989,1322,1502,3237,1585,1520,3276,1475,1722,3231,955,2214,2296,884,1351
33011FRNT01,976,471,444,1003,470,491,1032,483,508,1146,607,518,1152,592,534,1129,400,706,907,409,482
33001LACO06,1807,670,1026,1773,719,988,1791,772,957,1947,932,988,1959,847,1094,1958,467,1478,1393,497,884
33015PORT05,2619,1874,574,2541,1662,810,2593,1750,771,2823,2189,588,2857,2207,623,2802,1573,1203,2208,1510,683
33015CAND01,2600,855,1553,2561,907,1539,2588,908,1558,2753,1150,1538,2782,1039,1702,2764,568,2143,2041,599,1426
33015KENS01,1408,642,668,1383,601,710,1400,658,695,1537,829,674,1557,805,726,1542,520,1001,1180,512,649
33015PORT01,2818,1839,789,2749,1699,961,2808,1798,930,2964,2108,773,2989,2124,823,2959,1479,1442,2297,1481,790
33015NEWF01,1160,603,474,1150,469,657,1164,609,525,1250,738,483,1255,719,512,1254,414,825,1020,422,586
33015SOHA01,591,246,315,562,237,315,595,254,314,634,327,294,652,304,326,644,215,420,473,204,264
33015AUBU01,3588,1307,2031,3479,1233,2097,3534,1308,2086,3919,1779,2037,3930,1619,2265,3883,778,3058,2855,861,1966
33013CONC03,1588,919,536,1561,956,540,1576,932,591,1737,1215,491,1748,1142,580,1740,818,903,1293,737,547
33003BROO01,447,156,262,441,160,260,450,173,261,541,246,281,545,218,315,537,128,400,387,129,251
33013DANB01,700,247,386,676,292,341,685,274,363,723,324,375,725,290,414,725,182,525,507,191,305
33013CONC04,2081,1322,605,2026,1313,594,2052,1346,619,2135,1562,505,2140,1504,589,2129,1182,921,1625,1065,525
33015EKIN01,1560,608,830,1519,528,918,1548,604,875,1667,820,806,1692,781,889,1664,449,1194,1302,466,820
33003EATO01,291,157,109,285,141,132,290,155,130,307,197,104,309,188,117,305,129,172,252,131,119
33017ROCH02,2771,1150,1425,2698,1141,1414,2732,1215,1396,2902,1539,1271,2927,1389,1490,2896,777,2062,2121,791,1288
33017SOME05,802,404,327,769,410,307,793,453,285,942,601,307,956,555,386,947,363,559,571,302,255
33003MADI01,1481,721,654,1468,697,718,1479,749,689,1701,996,689,1703,926,760,1683,595,1073,1240,620,606
33011MANC12,4336,2149,1910,4244,2074,1975,4331,2159,1969,4748,2828,1785,4802,2707,2020,3544,642,2813,3368,1561,1747
33011NASH01,5810,2946,2487,5669,2767,2678,5784,2801,2775,5899,3574,2193,5967,3426,2450,5895,2159,3650,4475,2113,2297
33011NASH07,4124,2171,1692,4024,2096,1718,4105,2183,1729,4223,2651,1484,4281,2493,1727,4216,1607,2531,2854,1440,1360
33011HANC01,1221,713,433,1199,689,473,1219,705,487,794,383,371,1298,875,408,1277,658,605,1088,626,451
33017DOVE05,2556,1381,951,2507,1353,1027,2546,1392,1031,2744,1751,904,2768,1677,1035,2746,1091,1606,2000,1067,904
33017DOVE04,3148,1763,1152,3075,1720,1219,3117,1770,1247,3396,2264,1051,3425,2167,1202,3379,1428,1888,2561,1392,1135
33011NASH06,4282,2307,1701,4103,2167,1671,4203,2298,1669,4026,2497,1401,4288,2553,1651,4195,1647,2464,2928,1551,1333
33017MIDD01,937,289,602,900,325,507,927,343,529,1021,441,562,1042,378,643,1037,210,815,708,217,480
33017FARM01,3147,1127,1785,3046,1206,1656,3107,1296,1630,3393,1572,1727,3433,1365,2000,3406,789,2541,2245,784,1410
33007CLAR01,180,68,95,171,78,85,171,78,85,179,80,93,183,72,108,180,39,132,124,51,69
33007SECO01,0,0,0,0,0,0,0,0,0,0,0,0,0,0,0,0,0,0,0,0,0
33007STAR01,299,98,186,288,119,149,296,121,160,290,135,148,295,106,188,293,61,227,224,80,143
33007SHEL01,255,125,116,254,119,121,259,122,126,249,137,108,254,131,122,248,85,160,210,95,112
33017STFD01,2586,1118,1296,2529,1128,1306,2559,1131,1347,2772,1474,1241,2783,1330,1408,2748,811,1898,2071,842,1207
33011WNDS01,125,28,94,115,35,70,122,35,77,128,37,85,129,33,91,127,23,100,98,19,77
33007MILA01,756,298,414,739,328,385,754,353,374,795,420,364,794,345,437,792,204,578,561,228,328
33017ROCH06,2131,947,1009,2057,968,928,2103,1053,888,2349,1351,929,2378,1211,1109,2352,719,1576,1591,682,880
33017ROLL01,1608,769,711,1582,764,753,1611,800,740,1730,1028,642,1736,951,735,1717,607,1086,1272,605,644
33009GRAF01,724,267,397,700,284,369,713,286,367,776,370,373,784,345,423,779,213,544,549,205,329
33009WATE01,265,150,99,262,137,117,269,142,124,372,239,129,369,238,127,368,142,222,226,105,119
33009CAMP01,1911,890,870,1887,1013,765,1920,931,893,2120,1206,870,2129,1120,964,2108,713,1358,1571,749,790
33005RICH01,676,269,357,656,268,324,667,279,341,703,307,374,719,292,413,701,198,485,523,217,293
33005WEST01,1035,555,411,1002,528,434,1018,548,428,1122,709,388,1133,660,453,1111,467,630,877,495,372
33005ALST01,1049,522,444,1026,529,465,1042,562,450,1180,709,439,1189,684,477,1179,501,649,878,469,390
33009MONR01,498,173,291,481,164,301,494,165,299,519,249,269,544,227,309,535,148,378,399,139,254
33005TROY01,1017,422,509,984,446,466,997,485,453,1090,555,497,1117,509,583,1099,319,754,736,329,389
33013CONC10,2867,1571,1120,2852,1574,1215,2886,1544,1285,3124,2087,979,3139,1960,1147,3105,1284,1794,2462,1246,1191
33009LYMA01,327,126,169,315,136,165,325,131,182,379,176,194,385,174,208,380,118,252,257,127,125
33011BENN01,820,327,422,788,342,386,810,355,399,816,428,362,833,395,424,822,279,521,581,254,310
33013LOUD01,3305,1136,1950,3255,1332,1791,3303,1274,1890,3707,1742,1881,3711,1489,2152,3719,890,2763,2575,860,1675
33015NWIN01,603,271,292,601,257,323,602,277,305,643,331,300,639,304,325,636,204,426,520,209,305
33013BOSC01,1900,833,929,1827,872,868,1854,880,876,2012,1088,860,2040,931,1064,2026,557,1427,1328,539,752
33007PINK01,3,3,0,3,3,0,4,3,1,1,1,0,1,1,0,1,1,0,1,1,0
33013WILM01,907,499,342,885,484,379,902,486,392,958,606,332,956,583,366,957,391,556,759,380,364
33011NASH08,5056,2688,2002,4886,2505,2173,5004,2595,2202,5445,3531,1788,5525,3474,1965,5411,2263,3056,3805,2079,1663
33009ORFO01,744,417,256,731,410,295,733,407,294,822,552,259,823,539,269,823,399,415,596,365,224
33009ELLS01,57,26,24,54,28,24,55,30,22,76,45,27,78,45,32,76,32,43,52,30,21
33009GROT01,331,112,196,319,128,161,328,119,186,369,158,204,380,142,232,376,90,277,270,95,166
33007SUCC01,0,0,0,0,0,0,0,0,0,0,0,0,0,0,0,0,0,0,0,0,0
33007DALT01,510,192,280,496,193,263,506,209,274,536,265,258,528,231,295,519,138,371,383,140,232
33015HMST01,5454,1966,3186,5347,1864,3243,5409,2037,3156,5832,2760,2966,5882,2494,3303,5821,1403,4361,4144,1420,2693
33015HAFA01,1600,672,822,1577,526,1004,1591,633,905,1709,877,789,1720,845,863,1691,469,1206,1302,471,815
33003HART01,38,17,14,39,21,15,39,21,17,42,21,19,43,23,20,43,17,26,34,15,19
33003TUFT01,1679,674,891,1643,624,969,1668,671,958,1890,921,940,1900,875,1012,1893,493,1387,1437,527,898
33007DIXV01,8,4,2,8,2,6,8,4,4,5,4,1,5,5,0,5,1,4,5,2,2
33011SHAR01,247,132,94,243,129,102,245,129,104,271,159,107,273,153,116,272,107,161,224,115,108
33007ERVI01,0,0,0,0,0,0,0,0,0,0,0,0,0,0,0,0,0,0,0,0,0
33011BRKL01,3181,1417,1501,3116,1290,1715,3151,1317,1727,3619,1938,1572,3628,1903,1647,3596,1101,2445,2613,1082,1481
33009LEBA02,2315,1542,606,2286,1454,729,2313,1525,692,2446,1837,542,2465,1822,606,2427,1299,1084,1930,1261,638
33009PIER01,395,179,175,392,191,182,398,207,172,441,251,183,440,241,194,441,151,282,340,165,171
33017MADB01,1150,632,422,1132,622,474,1155,636,472,1305,851,416,1308,824,454,1286,557,697,1001,533,451
33019LANG01,394,184,197,387,179,202,388,186,194,408,215,181,412,206,199,408,139,263,311,136,169
33005SURR01,512,237,244,504,252,239,505,258,240,550,330,209,563,307,252,552,207,340,397,197,194
33007JEFF01,619,216,357,614,243,337,617,243,349,649,302,331,662,257,394,657,162,489,498,180,311
33007ATGT01,0,0,0,0,0,0,0,0,0,0,0,0,0,0,0,0,0,0,0,0,0
33005ROXB01,141,72,58,123,67,49,136,75,55,139,95,43,144,92,52,136,71,63,114,76,36
33013NBRY01,1366,621,662,1338,587,712,1374,623,721,1661,944,687,1659,905,726,1649,543,1087,1190,494,680
33005MRLW01,461,219,200,437,229,195,447,232,203,487,289,184,496,277,207,488,196,284,371,181,178
33015NOHA01,3182,1562,1448,3130,1394,1639,3189,1518,1574,3450,2082,1316,3474,1987,1455,3439,1158,2250,2630,1190,1422
33007MILL01,21,4,16,21,3,18,21,3,16,22,7,15,21,5,16,22,0,22,19,3,16
33019CROY01,433,126,271,422,150,242,426,137,261,500,187,288,510,172,319,504,96,400,335,109,220
33001CENT01,726,324,357,712,306,383,724,328,367,789,393,378,792,379,407,788,224,552,613,226,374
33015NCAS01,807,481,279,780,374,388,807,417,382,910,613,289,902,619,281,918,402,508,740,355,380
33013SALI01,828,288,490,783,337,443,821,323,465,909,442,432,922,380,517,920,249,656,649,235,400
33007GRGT01,1,1,0,1,1,0,1,1,0,1,1,0,1,1,0,1,0,1,1,0,1
33009SUGA01,429,237,159,422,242,166,428,227,189,484,322,156,485,316,153,482,231,247,377,236,138
33007LOWB01,0,0,0,0,0,0,0,0,0,0,0,0,0,0,0,0,0,0,0,0,0
33007CAMB01,2,1,1,2,2,0,2,1,1,7,3,4,7,3,4,7,0,7,2,0,2
33009HEBR01,440,175,238,432,156,270,441,153,283,522,257,255,520,239,267,517,122,390,383,123,258
33017SOME02,1088,523,488,1056,530,471,1075,567,458,1189,705,461,1193,631,543,1176,401,765,847,381,449
33007BPUR01,0,0,0,0,0,0,0,0,0,0,0,0,0,0,0,0,0,0,0,0,0
33007THOM01,0,0,0,0,0,0,0,0,0,0,0,0,0,0,0,0,0,0,0,0,0
33007CRAW01,0,0,0,0,0,0,0,0,0,0,0,0,0,0,0,0,0,0,0,0,0
33007WENL01,18,5,13,18,5,12,18,13,5,18,4,14,18,4,13,18,3,15,16,6,10
33007HADL01,0,0,0,0,0,0,0,0,0,0,0,0,0,0,0,0,0,0,0,0,0
33009BENT01,190,72,105,184,68,107,190,79,105,231,104,119,235,89,143,233,46,179,161,61,97
33007MART01,0,0,0,0,0,0,0,0,0,0,0,0,0,0,0,0,0,0,0,0,0
33007CHAN01,0,0,0,0,0,0,0,0,0,0,0,0,0,0,0,0,0,0,0,0,0
33003HALE01,123,26,97,123,27,96,122,28,94,121,34,86,117,31,85,118,20,98,116,29,86
33015ZZZZZZ,0,0,0,0,0,0,0,0,0,0,0,0,0,0,0,0,0,0,0,0,0
33007BGRT01,0,0,0,0,0,0,0,0,0,0,0,0,0,0,0,0,0,0,0,0,0
33007CUTT01,0,0,0,0,0,0,0,0,0,0,0,0,0,0,0,0,0,0,0,0,0
