GEOID10,Tot_2008_pres,Dem_2008_pres,Rep_2008_pres,Tot_2016_pres,Dem_2016_pres,Rep_2016_pres,Tot_2016_gov,Dem_2016_gov,Rep_2016_gov,Tot_2016_sen,Dem_2016_sen,Rep_2016_sen,Tot_2016_ag,Dem_2016_ag,Rep_2016_ag,Tot_2016_ltg,Dem_2016_ltg,Rep_2016_ltg,Tot_2018_ag,Dem_2018_ag,Rep_2018_ag,Tot_2018_gov,Dem_2018_gov,Rep_2018_gov,Tot_2018_ltg,Dem_2018_ltg,Rep_2018_ltg,Tot_2018_sen,Dem_2018_sen,Rep_2018_sen
50001VD1,761,378,374,775.0,324.0,337.0,785.0,196.0,578.0,776.0,355.0,391.0,757.0,434.0,307.0,769.0,261.0,492.0,623.0,370.0,245.0,644.0,154.0,465.0,636.0,0,386.0,636.0,0,266.0
50001VD2,705,385,303,655.0,292.0,278.0,656.0,204.0,442.0,661.0,308.0,321.0,620.0,363.0,250.0,642.0,236.0,397.0,565.0,344.0,206.0,584.0,139.0,429.0,577.0,0,327.0,575.0,0,230.0
50001VD3,2033,1379,622,1926.0,1075.0,558.0,1930.0,858.0,1022.0,1918.0,1140.0,666.0,1868.0,1267.0,525.0,1899.0,984.0,870.0,1672.0,1201.0,416.0,1715.0,694.0,949.0,1704.0,0,674.0,1707.0,0,445.0
50001VD4,748,558,187,737.0,517.0,147.0,743.0,383.0,347.0,744.0,537.0,187.0,705.0,530.0,161.0,725.0,441.0,277.0,682.0,543.0,123.0,700.0,336.0,346.0,694.0,0,200.0,698.0,0,135.0
50001VD5,1528,948,559,1607.0,892.0,501.0,1618.0,613.0,962.0,1616.0,973.0,594.0,1579.0,1077.0,475.0,1590.0,748.0,828.0,1402.0,977.0,402.0,1420.0,496.0,888.0,1416.0,0,647.0,1419.0,0,442.0
50001VD6,123,87,33,123.0,78.0,31.0,125.0,66.0,53.0,125.0,75.0,41.0,116.0,75.0,36.0,121.0,72.0,48.0,108.0,82.0,22.0,111.0,57.0,51.0,110.0,0,36.0,106.0,0,19.0
50001VD7,172,132,31,148.0,82.0,29.0,146.0,82.0,61.0,147.0,98.0,36.0,134.0,103.0,24.0,141.0,87.0,49.0,125.0,99.0,18.0,128.0,62.0,58.0,127.0,0,26.0,133.0,0,20.0
50001VD8,201,133,62,159.0,75.0,54.0,159.0,58.0,97.0,157.0,84.0,64.0,154.0,102.0,44.0,153.0,75.0,70.0,138.0,92.0,39.0,139.0,43.0,86.0,137.0,0,53.0,141.0,0,36.0
50001VD9,536,331,190,492.0,217.0,207.0,495.0,152.0,332.0,492.0,258.0,211.0,470.0,273.0,178.0,482.0,198.0,270.0,381.0,227.0,143.0,392.0,100.0,270.0,391.0,0,195.0,392.0,0,159.0
50001VD10,835,622,197,791.0,494.0,188.0,786.0,430.0,330.0,790.0,531.0,210.0,752.0,558.0,168.0,775.0,492.0,273.0,735.0,570.0,152.0,755.0,396.0,340.0,757.0,0,235.0,755.0,0,163.0
50001VD11,3496,2772,685,3667.0,2682.0,595.0,3651.0,2212.0,1351.0,3629.0,2663.0,800.0,3467.0,2690.0,659.0,3542.0,2312.0,1174.0,3398.0,2792.0,505.0,3501.0,1944.0,1453.0,3444.0,0,862.0,3485.0,0,526.0
50001VD12,1144,796,332,1202.0,671.0,360.0,1214.0,480.0,704.0,1200.0,753.0,405.0,1169.0,794.0,337.0,1188.0,610.0,562.0,1074.0,780.0,268.0,1100.0,425.0,641.0,1092.0,0,435.0,1085.0,0,281.0
50001VD13,1035,695,328,1078.0,594.0,337.0,1088.0,398.0,664.0,1071.0,619.0,410.0,1035.0,704.0,312.0,1066.0,504.0,543.0,940.0,658.0,261.0,966.0,332.0,597.0,958.0,0,456.0,949.0,0,283.0
50001VD14,658,377,275,648.0,270.0,284.0,653.0,172.0,465.0,649.0,307.0,318.0,630.0,346.0,267.0,646.0,208.0,413.0,603.0,333.0,250.0,623.0,150.0,410.0,612.0,0,364.0,609.0,0,264.0
50001VD15,374,221,150,338.0,171.0,126.0,345.0,114.0,227.0,342.0,178.0,150.0,340.0,216.0,118.0,339.0,153.0,184.0,295.0,186.0,86.0,302.0,110.0,185.0,301.0,0,131.0,293.0,0,95.0
50001VD16,354,288,60,335.0,228.0,58.0,330.0,201.0,124.0,327.0,251.0,62.0,308.0,251.0,49.0,318.0,227.0,86.0,295.0,248.0,38.0,300.0,183.0,105.0,301.0,0,58.0,301.0,0,39.0
50001VD17,575,369,200,555.0,296.0,189.0,556.0,198.0,341.0,556.0,321.0,206.0,534.0,348.0,168.0,546.0,261.0,275.0,465.0,321.0,132.0,474.0,143.0,316.0,473.0,0,223.0,473.0,0,147.0
50001VD18,671,455,209,650.0,356.0,211.0,650.0,262.0,373.0,649.0,390.0,236.0,602.0,401.0,184.0,633.0,311.0,311.0,558.0,379.0,163.0,571.0,192.0,353.0,570.0,0,268.0,563.0,0,173.0
50001VD19,916,661,244,931.0,534.0,256.0,928.0,445.0,459.0,922.0,552.0,310.0,897.0,622.0,247.0,916.0,522.0,374.0,803.0,562.0,206.0,809.0,357.0,417.0,810.0,0,300.0,808.0,0,228.0
50001VD20,281,194,81,275.0,149.0,83.0,283.0,108.0,165.0,279.0,170.0,98.0,269.0,165.0,99.0,277.0,129.0,143.0,261.0,183.0,73.0,262.0,93.0,160.0,265.0,0,126.0,262.0,0,79.0
50001VD21,560,429,116,523.0,415.0,74.0,562.0,338.0,217.0,557.0,419.0,120.0,537.0,423.0,103.0,541.0,334.0,197.0,511.0,435.0,64.0,532.0,280.0,242.0,523.0,0,148.0,514.0,0,82.0
50001VD22,219,158,57,197.0,95.0,68.0,199.0,63.0,127.0,192.0,114.0,67.0,186.0,130.0,49.0,189.0,94.0,91.0,165.0,115.0,44.0,177.0,40.0,129.0,169.0,0,76.0,170.0,0,46.0
50001VD23,1225,834,372,1219.0,712.0,326.0,1238.0,543.0,660.0,1230.0,786.0,391.0,1205.0,870.0,300.0,1214.0,649.0,543.0,1123.0,832.0,255.0,1134.0,477.0,624.0,1131.0,0,421.0,1128.0,0,281.0
50003VD24,1383,895,476,1268.0,662.0,435.0,1256.0,543.0,666.0,1250.0,732.0,432.0,1212.0,647.0,465.0,1222.0,601.0,580.0,1048.0,642.0,325.0,1076.0,451.0,550.0,1062.0,0,407.0,1072.0,0,306.0
50003VD26,1298,860,412,1189.0,740.0,334.0,1191.0,506.0,662.0,1185.0,715.0,409.0,1107.0,590.0,447.0,1147.0,536.0,583.0,1019.0,680.0,297.0,1048.0,392.0,610.0,1029.0,0,376.0,1044.0,0,273.0
50003VD27,109,84,25,103.0,71.0,18.0,105.0,49.0,55.0,104.0,62.0,39.0,99.0,49.0,46.0,96.0,45.0,50.0,96.0,72.0,21.0,100.0,39.0,59.0,100.0,0,31.0,104.0,0,19.0
50003VD28,2499,1600,862,2393.0,1452.0,706.0,2380.0,1084.0,1231.0,2375.0,1404.0,827.0,2214.0,1214.0,866.0,2278.0,1128.0,1096.0,2009.0,1306.0,590.0,2096.0,880.0,1122.0,2034.0,0,793.0,2077.0,0,604.0
50003VD29,233,180,51,231.0,166.0,54.0,236.0,129.0,103.0,229.0,145.0,69.0,218.0,137.0,71.0,226.0,120.0,101.0,200.0,140.0,51.0,204.0,97.0,103.0,198.0,0,58.0,205.0,0,44.0
50003VD30,1759,1137,584,1628.0,761.0,681.0,1606.0,742.0,785.0,1599.0,915.0,510.0,1505.0,715.0,541.0,1532.0,805.0,637.0,1267.0,612.0,465.0,1298.0,492.0,635.0,1281.0,0,566.0,1302.0,0,409.0
50003VD31,418,241,168,379.0,166.0,173.0,376.0,159.0,193.0,387.0,191.0,127.0,351.0,164.0,141.0,360.0,167.0,173.0,297.0,151.0,127.0,303.0,130.0,143.0,299.0,0,141.0,304.0,0,74.0
50003VD33,228,128,91,217.0,99.0,95.0,217.0,96.0,115.0,217.0,108.0,85.0,214.0,101.0,94.0,213.0,98.0,111.0,184.0,102.0,65.0,193.0,77.0,99.0,187.0,0,81.0,190.0,0,69.0
50003VD34,62,26,32,58.0,19.0,36.0,58.0,14.0,38.0,55.0,20.0,29.0,54.0,15.0,27.0,55.0,20.0,31.0,38.0,15.0,18.0,36.0,12.0,19.0,37.0,0,19.0,38.0,0,15.0
50003VD35,2042,1268,722,1809.0,949.0,659.0,1807.0,815.0,941.0,1805.0,1023.0,640.0,1717.0,850.0,656.0,1747.0,906.0,792.0,1542.0,868.0,509.0,1584.0,631.0,815.0,1570.0,0,652.0,1614.0,0,408.0
50003VD36,499,290,203,474.0,203.0,238.0,464.0,192.0,251.0,455.0,227.0,182.0,426.0,175.0,207.0,432.0,183.0,218.0,363.0,165.0,165.0,367.0,127.0,209.0,366.0,0,198.0,374.0,0,131.0
50003VD37,536,361,165,517.0,281.0,183.0,518.0,214.0,292.0,512.0,296.0,176.0,477.0,252.0,186.0,490.0,246.0,229.0,448.0,278.0,139.0,459.0,191.0,240.0,452.0,0,164.0,462.0,0,131.0
50003VD38,550,364,181,517.0,299.0,158.0,518.0,220.0,281.0,513.0,300.0,167.0,482.0,264.0,194.0,486.0,245.0,229.0,431.0,270.0,138.0,448.0,184.0,236.0,440.0,0,153.0,445.0,0,121.0
50003VD39,200,141,51,177.0,94.0,66.0,178.0,83.0,85.0,178.0,114.0,49.0,160.0,88.0,50.0,164.0,95.0,63.0,139.0,87.0,39.0,142.0,61.0,67.0,138.0,0,42.0,142.0,0,28.0
50003VD25-1,3391,2405,915,3046.0,1764.0,970.0,3041.0,1627.0,1280.0,3039.0,1936.0,828.0,2880.0,1585.0,844.0,2916.0,1709.0,1085.0,2468.0,1539.0,629.0,2534.0,1210.0,1096.0,2483.0,0,862.0,2537.0,0,585.0
50003VD25-2,3393,2297,1026,2979.0,1597.0,979.0,2971.0,1490.0,1366.0,2949.0,1815.0,826.0,2802.0,1459.0,866.0,2816.0,1569.0,1128.0,2374.0,1388.0,641.0,2446.0,1049.0,1147.0,2386.0,0,858.0,2472.0,0,587.0
50003VD32-1,63,32,30,48.6,26.5,17.2,48.9,21.8,25.4,48.7,29.8,16.2,46.8,23.9,19.4,47.3,23.5,22.4,41.3,25.2,13.7,43.3,15.8,24.7,42.7,0,18.7,43.0,0,13.1
50003VD32-2,354,212,137,342.4,186.5,120.8,344.1,153.2,178.6,343.3,210.2,113.8,329.2,168.1,136.6,332.7,165.5,157.6,290.7,177.8,96.3,304.7,111.2,174.2,300.3,0,131.3,303.0,0,91.9
50003VDBEN1,5,3,2,5.0,3.0,2.0,5.0,2.0,3.0,5.0,3.0,2.0,6.0,3.0,2.0,5.0,3.0,2.0,3.0,2.0,1.0,4.0,2.0,2.0,4.0,0,2.0,4.0,0,1.0
50005VD40,973,589,366,960.0,485.0,355.0,959.0,367.0,553.0,953.0,534.0,367.0,925.0,499.0,394.0,935.0,436.0,471.0,790.0,473.0,297.0,804.0,303.0,473.0,796.0,0,352.0,799.0,0,279.0
50005VD41,816,491,312,823.0,381.0,336.0,825.0,256.0,546.0,815.0,424.0,355.0,797.0,401.0,369.0,804.0,326.0,454.0,685.0,384.0,279.0,701.0,238.0,429.0,692.0,0,310.0,698.0,0,239.0
50005VD42,1369,821,516,1309.0,645.0,494.0,1332.0,411.0,897.0,1325.0,713.0,575.0,1290.0,709.0,541.0,1290.0,526.0,740.0,1104.0,669.0,412.0,1137.0,351.0,752.0,1125.0,0,559.0,1117.0,0,416.0
50005VD43,484,263,209,483.0,159.0,234.0,490.0,123.0,345.0,483.0,199.0,257.0,458.0,217.0,224.0,471.0,136.0,293.0,395.0,197.0,184.0,409.0,96.0,289.0,404.0,0,239.0,406.0,0,176.0
50005VD44,1465,972,460,1376.0,651.0,501.0,1394.0,461.0,879.0,1381.0,784.0,514.0,1329.0,761.0,521.0,1361.0,625.0,698.0,1127.0,728.0,363.0,1144.0,415.0,680.0,1141.0,0,532.0,1147.0,0,358.0
50005VD46,2301,1344,920,2062.0,827.0,883.0,2051.0,572.0,1410.0,2046.0,986.0,927.0,1962.0,962.0,928.0,1999.0,753.0,1192.0,1657.0,866.0,754.0,1690.0,439.0,1172.0,1680.0,0,933.0,1677.0,0,721.0
50005VD47,274,164,95,301.0,130.0,116.0,304.0,79.0,217.0,300.0,142.0,125.0,293.0,140.0,143.0,300.0,126.0,160.0,245.0,124.0,112.0,253.0,88.0,151.0,247.0,0,127.0,254.0,0,100.0
50005VD48,512,378,129,472.0,291.0,113.0,482.0,204.0,260.0,481.0,291.0,168.0,468.0,278.0,176.0,477.0,240.0,208.0,417.0,300.0,106.0,428.0,199.0,209.0,422.0,0,145.0,420.0,0,113.0
50005VD49,592,346,242,537.0,252.0,239.0,560.0,169.0,376.0,557.0,275.0,242.0,542.0,293.0,241.0,546.0,216.0,295.0,424.0,246.0,169.0,431.0,109.0,311.0,431.0,0,225.0,435.0,0,166.0
50005VD50,3122,1889,1183,3010.0,1469.0,1110.0,3015.0,1034.0,1869.0,2985.0,1623.0,1174.0,2930.0,1511.0,1323.0,2950.0,1312.0,1537.0,2424.1,1442.0,911.0,2456.0,885.0,1486.0,2444.0,0,1164.0,2436.0,0,831.0
50005VD51,331,203,117,303.0,110.0,131.0,308.0,80.0,210.0,301.0,144.0,125.0,291.0,155.0,122.0,299.0,121.0,171.0,243.0,133.0,102.0,250.0,65.0,169.0,247.0,0,134.0,247.0,0,96.0
50005VD52,105,78,27,100.0,58.0,22.0,102.0,45.0,49.0,97.0,68.0,25.0,95.0,66.0,25.0,102.0,69.0,33.0,89.0,70.0,13.0,90.0,56.0,30.0,89.0,0,18.0,92.0,0,14.0
50005VD53,442,238,196,426.0,168.0,220.0,461.0,108.0,338.0,450.0,210.0,212.0,430.0,194.0,225.0,437.0,167.0,261.0,341.0,174.0,154.0,348.0,81.0,254.0,342.0,0,192.0,342.0,0,144.0
50005VD54,524,356,158,519.0,246.0,168.0,520.0,185.0,320.0,512.0,302.0,186.0,500.0,268.0,219.0,518.0,275.0,230.0,434.0,264.0,155.0,447.0,158.0,260.0,446.0,0,199.0,439.0,0,154.0
50005VD55,717,379,323,736.0,292.0,341.0,739.0,183.0,534.0,735.0,310.0,392.0,713.0,336.0,362.0,726.0,242.0,465.0,571.0,290.0,269.0,589.0,150.0,424.0,580.0,0,332.0,585.0,0,272.0
50005VD56,371,221,137,394.0,156.0,175.0,397.0,126.0,256.0,393.0,201.0,160.0,372.0,183.0,174.0,383.0,173.0,201.0,321.0,178.0,131.0,327.0,125.0,191.0,327.0,0,159.0,329.0,0,131.0
50005VT45,256,168,82,263.0,125.0,96.0,262.0,91.0,162.0,260.0,142.0,106.0,254.0,149.0,96.0,255.0,119.0,133.0,240.0,145.0,90.0,247.0,92.0,147.0,242.0,0,119.0,243.0,0,86.0
50007VD57,634,461,165,674.0,389.0,205.0,676.0,312.0,353.0,676.0,411.0,219.0,655.0,474.0,164.0,668.0,383.0,275.0,620.0,451.0,131.0,627.0,270.0,333.0,628.0,0,229.0,626.0,0,156.0
50007VD59,2459,1802,612,2564.0,1794.0,512.0,2590.0,1346.0,1207.0,2589.0,1826.0,679.0,2453.0,1890.0,515.0,2525.0,1481.0,1003.0,2271.0,1814.0,410.0,2347.0,1056.0,1237.0,2331.0,0,754.0,2325.0,0,494.0
50007VD63,1123,836,265,1228.0,788.0,230.0,1225.0,695.0,498.0,1223.0,889.0,268.0,1190.0,955.0,196.0,1208.0,796.0,381.0,1063.0,854.0,183.0,1089.0,553.0,506.0,1079.0,0,303.0,1091.0,0,202.0
50007VD64,3173,2151,981,3325.0,2017.0,890.0,3309.0,1548.0,1702.0,3294.0,2115.0,1062.0,3172.0,2247.0,857.0,3226.0,1767.0,1421.0,2821.0,2065.0,683.0,2888.0,1180.0,1632.0,2857.0,0,1104.0,2885.0,0,781.0
50007VD66,2526,1816,675,2524.0,1694.0,515.0,2538.0,1302.0,1173.0,2527.0,1763.0,660.0,2419.0,1855.0,501.0,2466.0,1463.0,964.0,2278.0,1799.0,424.0,2332.0,1103.0,1177.0,2302.0,0,748.0,2319.0,0,495.0
50007VD67,361,238,121,355.2,198.5,109.2,348.3,133.0,205.4,345.3,217.3,112.1,337.4,248.1,78.4,341.3,174.6,159.8,304.6,215.3,82.4,309.6,106.2,194.5,312.6,0,143.9,310.6,0,101.2
50007VD70,2000,1420,563,1964.0,1238.0,504.0,1963.0,936.0,990.0,1954.0,1308.0,573.0,1888.0,1363.0,489.0,1921.0,1095.0,803.0,1741.0,1260.0,442.0,1790.0,750.0,989.0,1765.0,0,655.0,1792.0,0,450.0
50007VD71,1150,774,361,1269.0,696.0,371.0,1261.0,494.0,732.0,1255.0,782.0,420.0,1206.0,832.0,344.0,1233.0,609.0,592.0,1062.0,756.0,260.0,1097.0,402.0,658.0,1088.0,0,512.0,1092.0,0,306.0
50007VD72,5223,3507,1645,5604.8,3509.6,1481.9,5621.7,2372.0,3154.6,5605.7,3670.7,1754.9,5378.6,3924.9,1355.6,5446.7,2748.4,2641.2,4900.4,3709.7,1112.6,4994.4,1788.8,3093.5,4954.4,0,2043.1,4966.4,0,1378.8
50007VD73,2860,2142,670,3068.0,2105.0,536.0,3034.0,1885.0,1057.0,3006.0,2180.0,606.0,2878.0,2309.0,446.0,2935.0,1999.0,859.0,2732.0,2296.0,343.0,2812.0,1637.0,1062.0,2764.0,0,661.0,2797.0,0,383.0
50007VD58-1,3168,2833,284,2261.6,1893.9,140.2,2187.2,1716.9,395.1,2176.1,1807.2,184.9,2013.7,1760.8,163.4,2091.8,1688.5,322.2,2487.6,2206.1,139.3,2576.0,1893.2,545.7,2515.9,0,246.0,2577.7,0,128.7
50007VD58-2,2637,2314,266,2191.0,1756.6,149.4,2122.8,1627.5,401.4,2112.4,1713.1,188.2,1971.3,1675.2,175.5,2051.4,1679.7,298.8,2216.8,1958.1,136.6,2287.5,1670.2,491.2,2239.4,0,226.5,2285.2,0,136.2
50007VD58-3,2909,2535,294,2930.9,2237.5,258.4,2870.6,2129.5,616.5,2846.4,2265.8,302.6,2692.5,2278.7,253.6,2797.4,2251.4,456.7,2751.6,2403.5,197.1,2844.5,2002.0,711.7,2799.5,0,353.6,2839.6,0,213.6
50007VD58-4,2890,2108,735,2784.7,1921.8,509.1,2777.2,1602.7,1095.9,2761.8,2035.0,592.2,2673.5,2196.4,393.6,2707.4,1732.1,911.7,2475.9,2073.6,329.1,2536.4,1295.3,1167.2,2508.3,0,714.3,2516.3,0,421.0
50007VD58-5,3152,2667,432,3156.0,2511.0,290.6,3108.3,2222.8,788.5,3098.6,2530.0,376.4,2964.6,2571.7,290.5,3005.4,2275.6,644.3,2849.8,2543.9,205.1,2943.8,1907.4,931.6,2881.6,0,452.4,2938.7,0,270.7
50007VD58-6,3110,2666,391,2673.8,2140.9,231.8,2620.5,1895.4,638.3,2614.6,2128.5,306.1,2485.8,2140.0,246.8,2530.0,1936.4,516.7,2516.5,2241.2,178.3,2596.3,1725.2,765.0,2540.1,0,370.7,2592.2,0,223.2
50007VD58-7,2869,2134,684,2939.1,2057.4,502.5,2926.5,1751.2,1092.3,2909.9,2164.4,589.6,2810.6,2318.3,398.7,2852.6,1877.4,904.6,2644.8,2227.6,331.6,2714.5,1454.7,1180.5,2683.3,0,711.7,2696.3,0,419.6
50007VD60-1,3729,2535,1143,3388.4,1983.0,1018.4,3417.7,1391.7,1955.5,3412.4,2193.2,1059.3,3298.5,2414.2,789.8,3318.7,1654.0,1610.4,2804.9,2081.4,662.5,2863.4,1020.3,1742.8,2842.9,0,1273.9,2833.1,0,792.3
50007VD60-2,4278,2682,1549,4374.6,2500.0,1406.6,4432.3,1792.3,2522.5,4417.6,2743.8,1496.7,4238.5,3113.8,1009.2,4294.3,2084.0,2147.6,3747.1,2705.6,949.5,3817.6,1263.7,2445.2,3792.1,0,1755.1,3801.9,0,1219.7
50007VD61-1,4447,2835,1560,4606.6,2766.9,1238.2,4617.3,1965.1,2569.6,4606.6,3010.8,1448.1,4458.9,3274.2,1090.4,4527.9,2315.0,2133.2,3893.3,2889.4,931.0,3985.6,1383.0,2496.7,3948.7,0,1709.5,3950.6,0,1130.3
50007VD61-2,1431,925,486,1409.0,849.0,425.0,1415.0,582.0,816.0,1405.0,890.0,466.0,1361.0,985.0,352.0,1379.0,687.0,678.0,1235.0,905.0,316.0,1252.0,458.0,764.0,1245.0,0,544.0,1251.0,0,395.0
50007VD61-3,4988,3323,1614,5193.4,3137.1,1366.8,5201.7,2316.9,2783.4,5175.4,3381.2,1613.9,4995.1,3640.8,1245.6,5066.1,2617.0,2365.8,4504.7,3404.7,991.0,4602.4,1888.0,2567.3,4534.3,0,1784.5,4586.4,0,1157.7
50007VD62-1,2395,1706,664,2549.8,1649.4,596.7,2553.7,1296.6,1196.3,2551.7,1743.9,705.7,2451.5,1892.4,489.7,2501.6,1545.3,911.0,2205.7,1705.3,444.4,2261.6,1000.6,1193.5,2242.3,0,745.2,2258.7,0,536.0
50007VD62-2,109,80,28,114.2,76.6,26.3,114.3,62.4,49.7,113.2,79.1,30.3,110.5,85.6,22.3,112.4,71.7,39.0,101.3,78.7,20.6,103.4,50.3,50.5,102.7,0,31.8,102.3,0,23.0
50007VD65-1,4240,2426,1756,4347.0,1950.0,1783.0,4373.0,1285.0,2973.0,4286.0,2319.0,1822.0,4216.0,2806.0,1302.0,4274.0,1702.0,2502.0,3763.0,2417.0,1260.0,3852.0,944.0,2783.0,3859.0,0,2686.0,3802.0,0,1512.0
50007VD65-2,673,363,300,723.0,310.0,302.0,729.0,199.0,520.0,723.0,343.0,349.0,702.0,431.0,249.0,710.0,257.0,443.0,624.0,375.0,239.0,639.0,142.0,484.0,643.0,0,466.0,636.0,0,285.0
50007VD68-1,2509,1884,601,2619.0,1930.0,445.0,2635.0,1509.0,1088.0,2635.0,1972.0,589.0,2515.0,2008.0,466.0,2544.0,1547.0,945.0,2321.0,1905.0,376.0,2390.0,1098.0,1240.0,2367.0,0,754.0,2350.0,0,466.0
50007VD68-2,2093,1463,616,2167.0,1460.0,496.0,2158.0,1031.0,1089.0,2172.0,1487.0,625.0,2090.0,1594.0,456.0,2111.0,1117.0,970.0,1854.0,1473.0,348.0,1892.0,730.0,1129.0,1871.0,0,703.0,1856.0,0,452.0
50007VD69-1,2243,1643,575,2338.3,1719.7,392.1,2343.7,1338.5,974.4,2333.7,1755.1,507.1,2259.5,1861.9,351.4,2271.2,1400.1,832.2,2053.9,1751.4,264.4,2110.9,1037.8,1019.7,2078.4,0,611.3,2077.5,0,381.3
50007VD69-2,3187,2178,976,3512.2,2416.3,757.6,3489.9,1718.4,1713.5,3488.2,2450.6,936.3,3352.8,2637.9,670.9,3391.9,1867.1,1476.8,3155.5,2574.7,531.9,3230.5,1313.1,1844.8,3177.8,0,1109.9,3191.6,0,737.2
50007VD69-3,2174,1470,666,2054.6,1300.0,486.3,2048.4,1021.1,976.1,2036.0,1327.3,581.6,1970.7,1516.2,407.7,1984.8,1135.8,811.9,1746.6,1383.8,325.7,1784.5,773.1,950.5,1774.8,0,594.8,1773.9,0,394.5
50007VD69-4,2263,1680,555,2495.0,1810.0,423.0,2503.0,1508.0,945.0,2485.0,1827.0,527.0,2380.0,1941.0,374.0,2410.0,1608.0,748.0,2307.0,1910.0,330.0,2350.0,1217.0,1050.0,2329.0,0,622.0,2354.0,0,396.0
50007VDCHI1,18,14,4,11.0,8.0,2.0,12.0,7.0,5.0,12.0,9.0,3.0,11.0,9.0,2.0,12.0,8.0,4.0,15.0,12.0,3.0,15.0,8.0,7.0,15.0,0,4.0,15.0,0,3.0
50009VD74,114,78,35,110.0,30.0,52.0,111.0,36.0,70.0,112.0,54.0,44.0,104.0,54.0,43.0,106.0,41.0,61.0,70.0,29.0,38.0,74.0,20.0,48.0,71.0,0,40.0,74.0,0,36.0
50009VD75,596,344,237,555.0,227.0,273.0,547.0,136.0,384.0,547.0,272.0,237.0,521.0,275.0,219.0,533.0,195.0,320.0,443.0,224.0,208.0,440.0,118.0,304.0,441.0,0,250.0,441.0,0,181.0
50009VD76,61,35,23,56.0,21.0,28.0,58.0,10.0,47.0,55.0,27.0,25.0,54.0,29.0,24.0,54.0,18.0,36.0,44.0,25.0,18.0,47.0,8.0,37.0,46.0,0,30.0,45.0,0,19.0
50009VD77,472,277,186,420.0,175.0,202.0,408.0,124.0,271.0,412.0,208.0,168.0,386.0,193.0,170.0,389.0,152.0,224.0,310.0,185.0,121.0,320.0,82.0,212.0,305.0,0,165.0,314.0,0,114.0
50009VD78,550,313,221,564.0,181.0,292.0,566.0,130.0,408.0,563.0,221.0,298.0,548.0,252.0,269.0,559.0,198.0,339.0,404.0,192.0,202.0,411.0,83.0,293.0,406.0,0,243.0,405.0,0,192.0
50009VD79,152,89,63,146.0,51.0,70.0,145.0,34.0,106.0,144.0,75.0,60.0,138.0,65.0,64.0,142.0,53.0,81.0,107.0,57.0,48.0,111.0,26.0,76.0,107.0,0,63.0,107.0,0,51.0
50009VD80,45,27,17,41.0,12.0,22.0,43.0,10.0,33.0,41.0,27.0,13.0,40.0,21.0,18.0,41.0,17.0,24.0,36.0,18.0,18.0,37.0,6.0,28.0,37.0,0,22.0,34.0,0,14.0
50009VD81,142,75,65,144.0,40.0,76.0,144.0,51.0,92.0,144.0,64.0,72.0,137.0,65.0,69.0,140.0,48.0,87.0,103.0,49.0,51.0,107.0,28.0,75.0,107.0,0,62.0,102.0,0,46.0
50009VD82,59,29,30,55.0,18.0,28.0,56.0,12.0,43.0,57.0,24.0,26.0,52.0,20.0,29.0,57.0,23.0,33.0,39.0,22.0,13.0,41.0,7.0,32.0,39.0,0,19.0,41.0,0,15.0
50009VD83,613,330,269,553.0,171.0,311.0,550.0,121.0,403.0,547.0,232.0,277.0,524.0,213.0,296.0,534.0,176.0,334.0,378.0,175.0,195.0,397.0,85.0,286.0,386.0,0,240.0,384.0,0,188.0
50009VD84,102,59,42,117.0,39.0,60.0,114.0,33.0,77.0,112.0,56.0,52.0,108.0,42.0,66.0,111.0,35.0,75.0,97.0,46.0,49.0,102.0,24.0,77.0,96.0,0,56.0,100.0,0,48.0
50009VD85,98,36,61,84.0,30.0,46.0,86.0,19.0,64.0,83.0,35.0,42.0,81.0,40.0,38.0,84.0,23.0,60.0,69.0,35.0,34.0,71.0,12.0,56.0,70.0,0,46.0,71.0,0,39.0
50009VD86,47,23,21,65.0,18.0,38.0,65.0,16.0,48.0,60.0,21.0,36.0,65.0,32.0,31.0,63.0,15.0,46.0,47.0,18.0,26.0,49.0,5.0,42.0,48.0,0,35.0,48.0,0,29.0
50009VDESX1,15,9,6,10.0,4.0,5.0,9.0,3.0,6.0,9.0,5.0,4.0,9.0,4.0,4.0,8.0,3.0,5.0,8.0,5.0,3.0,8.0,2.0,6.0,8.0,0,4.0,8.0,0,3.0
50009VDESX2,0,0,0,0.0,0.0,0.0,0.0,0.0,0.0,0.0,0.0,0.0,0.0,0.0,0.0,0.0,0.0,0.0,0.0,0.0,0.0,0.0,0.0,0.0,0.0,0,0.0,0.0,0,0.0
50009VDESX3,14,8,6,5.0,2.0,3.0,5.0,1.0,4.0,5.0,3.0,2.0,5.0,3.0,2.0,5.0,2.0,3.0,2.0,1.0,1.0,1.0,0.0,1.0,2.0,0,1.0,2.0,0,1.0
50009VDESX4,0,0,0,0.0,0.0,0.0,0.0,0.0,0.0,0.0,0.0,0.0,0.0,0.0,0.0,0.0,0.0,0.0,0.0,0.0,0.0,0.0,0.0,0.0,0.0,0,0.0,0.0,0,0.0
50009VDESX5,0,0,0,0.0,0.0,0.0,0.0,0.0,0.0,0.0,0.0,0.0,0.0,0.0,0.0,0.0,0.0,0.0,0.0,0.0,0.0,0.0,0.0,0.0,0.0,0,0.0,0.0,0,0.0
50009VDESX6,3,1,2,0.0,0.0,0.0,0.0,0.0,0.0,0.0,0.0,0.0,0.0,0.0,0.0,0.0,0.0,0.0,0.0,0.0,0.0,0.0,0.0,0.0,0.0,0,0.0,0.0,0,0.0
50011VD87,646,420,214,597.0,295.0,209.0,597.0,186.0,386.0,595.0,364.0,202.0,570.0,369.0,180.0,585.0,231.0,343.0,509.0,362.0,126.0,522.0,166.0,323.0,522.0,0,256.0,518.0,0,150.0
50011VD88,664,389,268,609.0,209.0,308.0,612.0,148.0,444.0,615.0,318.0,272.0,597.0,345.0,238.0,608.0,181.0,419.0,491.0,273.0,204.0,506.0,97.0,383.0,499.0,0,312.0,502.0,0,210.0
50011VD89,1232,766,443,1195.0,502.0,429.0,1206.0,375.0,787.0,1198.0,715.0,401.0,1161.0,772.0,351.0,1193.0,468.0,706.0,1038.0,690.0,311.0,1071.0,262.0,751.0,1053.0,0,589.0,1064.0,0,360.0
50011VD90,2206,1338,826,2365.0,1063.0,947.0,2406.0,775.0,1571.0,2407.0,1286.0,1023.0,2318.0,1464.0,791.0,2364.0,924.0,1401.0,2054.0,1284.0,715.0,2080.0,648.0,1363.0,2074.0,0,1185.0,2061.0,0,774.0
50011VD91,965,641,309,944.0,489.0,338.0,948.0,277.0,649.0,940.0,585.0,320.0,906.0,640.0,249.0,936.0,341.0,587.0,847.0,603.0,230.0,871.0,246.0,593.0,870.0,0,481.0,860.0,0,298.0
50011VD92,656,437,211,701.0,336.0,240.0,702.0,261.0,428.0,698.0,414.0,248.0,675.0,454.0,210.0,690.0,317.0,357.0,593.0,394.0,179.0,601.0,222.0,357.0,605.0,0,294.0,606.0,0,196.0
50011VD93,631,341,278,628.0,229.0,296.0,630.0,145.0,470.0,629.0,305.0,304.0,614.0,344.0,253.0,623.0,161.0,455.0,537.0,302.0,213.0,547.0,147.0,373.0,548.0,0,357.0,545.0,0,248.0
50011VD94,2263,1300,913,2397.0,1019.0,1023.0,2415.0,640.0,1729.0,2412.0,1224.0,1086.0,2354.0,1483.0,818.0,2375.0,767.0,1588.0,2028.0,1222.0,756.0,2058.0,495.0,1497.0,2062.0,0,1339.0,2049.0,0,846.0
50011VD95,1325,761,542,1386.0,474.0,699.0,1390.0,303.0,1047.0,1380.0,666.0,651.0,1348.0,799.0,513.0,1377.0,344.0,1016.0,1103.0,597.0,479.0,1114.0,201.0,862.0,1123.0,0,755.0,1120.0,0,534.0
50011VD96,641,434,185,658.0,302.0,231.0,644.0,267.0,339.0,653.0,385.0,210.0,620.0,399.0,192.0,629.0,347.0,270.0,578.0,390.0,167.0,591.0,279.0,290.0,588.0,0,232.0,593.0,0,168.0
50011VD97,923,570,340,827.0,324.0,388.0,834.0,252.0,555.0,833.0,467.0,322.0,816.0,491.0,296.0,820.0,287.0,513.0,612.0,379.0,208.0,631.0,179.0,418.0,617.0,0,344.0,629.0,0,238.0
50011VD98,2728,1844,840,2505.0,1287.0,807.0,2511.0,976.0,1469.0,2504.0,1584.0,773.0,2444.0,1693.0,677.0,2475.0,1032.0,1401.0,2052.0,1459.0,528.0,2092.0,754.0,1263.0,2068.0,0,972.0,2105.0,0,596.0
50011VD99,2989,1792,1160,3114.0,1416.0,1268.0,3129.0,903.0,2154.0,3130.0,1777.0,1229.0,3040.0,1977.0,982.0,3101.0,924.0,2129.0,2763.0,1796.0,911.0,2790.0,701.0,1998.0,2801.0,0,1646.0,2762.0,0,1037.0
50011VD100,854,550,288,815.0,305.0,377.0,817.0,187.0,617.0,807.0,422.0,359.0,794.0,510.0,264.0,801.0,211.0,583.0,648.0,410.0,220.0,661.0,121.0,512.0,657.0,0,415.0,661.0,0,262.0
50011VD101,2658,1596,1036,2670.0,1101.0,1192.0,2681.0,730.0,1867.0,2677.0,1436.0,1126.0,2629.0,1655.0,913.0,2660.0,701.0,1917.0,2127.0,1308.0,758.0,2167.0,473.0,1609.0,2147.0,0,1338.0,2139.0,0,865.0
50013VD102,993,600,375,888.0,372.0,399.0,892.0,278.0,583.0,884.0,485.0,353.0,868.0,544.0,294.0,876.0,347.0,512.0,703.0,427.0,257.0,715.0,164.0,511.0,708.0,0,404.0,716.0,0,283.0
50013VD103,1212,751,440,1174.0,594.0,431.0,1184.0,387.0,773.0,1179.0,676.0,457.0,1159.0,805.0,334.0,1161.0,500.0,637.0,1058.0,743.0,291.0,1075.0,312.0,716.0,1076.0,0,579.0,1068.0,0,356.0
50013VD104,346,216,126,306.0,136.0,140.0,306.0,92.0,204.0,298.0,148.0,133.0,294.0,189.0,98.0,297.0,114.0,178.0,278.0,181.0,85.0,282.0,84.0,188.0,281.0,0,158.0,281.0,0,101.0
50013VD105,554,312,230,621.0,320.0,216.0,631.0,201.0,414.0,624.0,338.0,256.0,613.0,417.0,180.0,622.0,264.0,347.0,559.0,386.0,162.0,569.0,182.0,364.0,563.0,0,287.0,561.0,0,193.0
50013VD106,1151,815,319,1120.0,672.0,301.0,1127.0,464.0,641.0,1125.0,716.0,357.0,1093.0,810.0,265.0,1108.0,543.0,555.0,1049.0,808.0,217.0,1068.0,396.0,650.0,1064.0,0,494.0,1059.0,0,296.0
50015VD107,154,79,68,158.0,53.0,85.0,161.0,40.0,115.0,159.0,73.0,80.0,155.0,80.0,69.0,154.0,56.0,95.0,127.0,62.0,60.0,131.0,38.0,87.0,130.0,0,79.0,132.0,0,56.0
50015VD108,1881,1316,546,1928.0,1067.0,520.0,1934.0,808.0,1068.0,1927.0,1205.0,580.0,1863.0,1319.0,472.0,1901.0,1038.0,818.0,1734.0,1269.0,401.0,1774.0,739.0,965.0,1766.0,0,713.0,1767.0,0,444.0
50015VD109,507,331,166,561.0,221.0,241.0,563.0,141.0,402.0,553.0,272.0,247.0,535.0,322.0,202.0,549.0,232.0,311.0,398.0,245.0,137.0,404.0,113.0,279.0,402.0,0,209.0,399.0,0,144.0
50015VD110,518,386,123,541.0,339.0,132.0,550.0,254.0,281.0,546.0,358.0,168.0,525.0,350.0,156.0,535.0,301.0,227.0,499.0,367.0,111.0,507.0,230.0,264.0,504.0,0,177.0,504.0,0,109.0
50015VD111,1535,1075,433,1531.0,788.0,475.0,1548.0,533.0,971.0,1535.0,910.0,555.0,1481.0,995.0,444.0,1509.0,755.0,728.0,1296.0,907.0,353.0,1332.0,493.0,809.0,1318.0,0,574.0,1326.0,0,366.0
50015VD112,1405,1018,364,1322.0,691.0,395.0,1303.0,535.0,724.0,1305.0,774.0,420.0,1248.0,834.0,342.0,1281.0,734.0,519.0,1160.0,783.0,308.0,1196.0,496.0,647.0,1189.0,0,485.0,1197.0,0,340.0
50015VD113,2688,1920,724,2707.0,1550.0,741.0,2738.0,1095.0,1566.0,2717.0,1702.0,870.0,2590.0,1798.0,709.0,2657.0,1406.0,1201.0,2380.0,1752.0,558.0,2437.0,951.0,1427.0,2413.0,0,939.0,2423.0,0,605.0
50015VD114,2760,1975,755,2841.0,1974.0,559.0,2796.0,1421.0,1372.0,2851.0,1950.0,791.0,2658.0,1861.0,723.0,2784.0,1542.0,1191.0,2500.0,1885.0,551.0,2635.0,1097.0,1476.0,2560.0,0,888.0,2575.0,0,574.0
50015VD115,359,235,120,375.0,161.0,146.0,376.0,120.0,246.0,372.0,185.0,168.0,356.0,223.0,123.0,368.0,157.0,205.0,343.0,227.0,104.0,367.0,113.0,243.0,363.0,0,199.0,357.0,0,124.0
50015VD116,807,579,216,798.0,397.0,276.0,801.0,295.0,477.0,802.0,473.0,284.0,764.0,499.0,240.0,783.0,400.0,362.0,666.0,468.0,181.0,677.0,278.0,374.0,668.0,0,270.0,675.0,0,169.0
50017VD117,1314,848,443,1196.0,624.0,409.0,1205.0,514.0,660.0,1191.0,692.0,433.0,1150.0,730.0,376.0,1166.0,590.0,496.0,1009.0,669.0,311.0,1042.0,384.0,618.0,1019.0,0,419.0,1032.0,0,294.0
50017VD118,627,399,221,593.0,289.0,217.0,602.0,253.0,329.0,593.0,321.0,241.0,573.0,340.0,210.0,582.0,289.0,286.0,511.0,334.0,159.0,526.0,173.0,329.0,519.0,0,237.0,516.0,0,167.0
50017VD119,731,479,237,749.0,378.0,231.0,753.0,287.0,442.0,755.0,396.0,324.0,738.0,454.0,256.0,745.0,357.0,373.0,649.0,418.0,212.0,648.0,207.0,409.0,651.0,0,307.0,654.1,0,218.0
50017VD120,692,413,270,660.0,304.0,273.0,667.0,200.0,457.0,666.0,295.0,336.0,630.0,331.0,269.0,651.0,265.0,377.0,551.0,339.0,198.0,568.0,159.0,381.0,562.0,0,290.0,561.0,0,211.0
50017VD121,694,429,250,675.8,307.4,263.5,681.8,264.5,393.3,678.8,355.3,281.5,651.8,378.3,242.6,667.8,290.5,320.4,595.9,369.3,198.6,603.9,198.6,368.3,602.9,0,269.5,600.9,0,211.6
50017VD122,567,402,159,566.0,350.0,149.0,567.0,285.0,263.0,561.0,346.0,185.0,531.0,367.0,143.0,547.0,307.0,211.0,447.0,321.0,118.0,462.0,205.0,241.0,454.0,0,151.0,461.0,0,103.0
50017VD123,1101,656,424,1065.2,528.6,403.5,1080.3,446.5,604.7,1067.2,595.6,406.5,1020.2,602.7,379.5,1049.2,469.5,461.6,833.1,497.7,311.4,851.1,316.4,489.7,842.1,0,364.5,851.1,0,286.4
50017VD124,532,266,256,538.0,186.0,265.0,542.0,116.0,416.0,535.0,211.0,298.0,522.0,278.0,222.0,527.0,186.0,330.0,404.0,216.0,177.0,409.0,67.0,326.0,411.0,0,266.0,411.0,0,190.0
50017VD125,2344,1560,733,2254.0,1160.0,737.0,2267.0,867.0,1337.0,2258.0,1272.0,857.0,2161.0,1328.0,717.0,2208.0,1101.0,1044.0,1961.0,1285.0,601.0,2007.0,701.0,1218.0,1988.0,0,832.0,2004.0,0,579.0
50017VD126,740,589,139,693.0,500.0,105.0,690.0,439.0,233.0,694.0,492.0,158.0,669.0,523.0,120.0,679.0,492.0,177.0,604.0,498.0,84.0,628.0,332.0,232.0,616.0,0,117.0,623.0,0,80.0
50017VD127,1630,1265,348,1645.0,1145.0,324.0,1632.0,1011.0,582.0,1626.0,1177.0,387.0,1545.0,1144.0,334.0,1565.0,1064.0,455.0,1405.0,1134.0,226.0,1442.0,778.0,618.0,1423.0,0,321.0,1436.0,0,220.0
50017VD128,542,278,251,574.0,226.0,274.0,579.0,146.0,418.0,570.0,244.0,307.0,540.0,285.0,235.0,567.0,210.0,314.0,430.0,232.0,186.0,434.0,108.0,304.0,436.0,0,239.0,435.0,0,188.0
50017VD129,774,519,237,702.0,349.0,242.0,711.0,286.0,408.0,708.0,372.0,298.0,676.0,436.0,209.0,696.0,346.0,331.0,658.0,437.0,194.0,679.0,238.0,386.0,670.0,0,282.0,676.0,0,207.0
50017VD130,376,271,99,364.0,189.0,118.0,361.0,165.0,187.0,357.0,216.0,118.0,341.0,219.0,105.0,351.0,194.0,133.0,321.0,221.0,83.0,333.0,136.0,174.0,328.0,0,110.0,330.0,0,85.0
50017VD131,568,338,223,536.0,217.0,241.0,551.0,133.0,405.0,550.0,209.0,327.0,523.0,316.0,188.0,533.0,194.0,329.0,445.0,280.0,156.0,457.0,123.0,308.0,455.0,0,249.0,458.0,0,179.0
50017VD132,323,220,100,297.0,161.0,97.0,295.0,127.0,160.0,292.0,166.0,100.0,287.0,184.0,79.0,288.0,156.0,118.0,246.0,176.0,66.0,251.0,106.0,136.0,249.0,0,94.0,249.0,0,67.0
50017VD133,1558,867,657,1541.0,627.0,658.0,1556.0,361.0,1164.0,1548.0,713.0,766.0,1490.0,924.0,524.0,1517.0,540.0,947.0,1222.0,753.0,436.0,1241.0,237.0,954.0,1238.0,0,733.0,1240.0,0,504.0
50019VD134,486,316,163,450.0,207.0,183.0,457.0,114.0,320.0,452.0,225.0,196.0,439.0,261.0,158.0,451.0,186.0,252.0,387.0,245.0,130.0,396.0,140.0,246.0,396.0,0,193.0,393.0,0,142.0
50019VD135,1264,802,441,1069.0,502.0,425.0,1070.0,299.0,732.0,1070.0,577.0,441.0,1025.0,566.0,418.0,1047.0,410.0,613.0,878.0,547.0,307.0,896.0,257.0,605.0,894.0,0,445.0,895.0,0,330.0
50019VD136,416,260,148,391.0,146.0,193.0,395.0,109.0,273.0,385.0,187.0,175.0,368.0,198.0,166.0,382.0,148.0,230.0,307.0,176.0,121.0,319.0,98.0,205.0,314.0,0,166.0,316.0,0,128.0
50019VD137,478,282,185,464.0,184.0,210.0,468.0,136.0,308.0,457.0,219.0,199.0,445.0,234.0,189.0,455.0,203.0,235.0,374.0,207.0,153.0,383.0,110.0,256.0,378.0,0,198.0,384.0,0,164.0
50019VD138,502,342,154,510.0,196.0,244.0,510.0,135.0,366.0,504.0,255.0,215.0,486.0,304.0,167.0,490.0,204.0,276.0,393.0,232.0,142.0,396.0,108.0,269.0,397.0,0,222.0,397.0,0,180.0
50019VD139,724,552,155,687.0,435.0,153.0,681.0,259.0,379.0,675.0,440.0,189.0,634.0,450.0,161.0,657.0,372.0,266.0,547.0,419.0,103.0,570.0,297.0,251.0,564.0,0,177.0,568.0,0,115.0
50019VD140,2304,1392,870,2182.0,885.0,1004.0,2184.0,527.0,1591.0,2180.0,1073.0,980.0,2097.0,1161.0,872.0,2139.0,814.0,1284.0,1743.0,1038.0,652.0,1800.0,483.0,1251.0,1791.0,0,979.0,1776.0,0,735.0
50019VD141,614,400,191,585.0,290.0,193.0,593.0,168.0,389.0,585.0,317.0,232.0,569.0,332.0,208.0,586.0,263.0,305.0,504.0,329.0,159.0,525.0,184.0,325.0,515.0,0,248.0,519.0,0,178.0
50019VD142,461,321,133,426.0,271.0,96.0,425.0,182.0,226.0,423.0,291.0,117.0,405.0,257.0,136.0,413.0,235.0,165.0,350.0,270.0,70.0,356.0,166.0,175.0,356.0,0,117.0,350.0,0,68.0
50019VD143,304,197,106,302.0,81.0,175.0,299.0,55.0,233.0,299.0,103.0,166.0,281.0,137.0,133.0,291.0,102.0,183.0,251.0,115.0,127.0,262.0,54.0,190.0,257.0,0,153.0,257.0,0,134.0
50019VD144,563,308,224,554.0,194.0,284.0,564.0,109.0,445.0,560.0,245.0,292.0,536.0,289.0,228.0,548.0,183.0,356.0,453.0,229.0,210.0,453.0,100.0,335.0,460.0,0,290.0,458.0,0,214.0
50019VD145,194,122,70,245.0,113.0,101.0,244.0,73.0,162.0,238.0,134.0,72.0,231.0,151.0,73.0,233.0,117.0,111.0,202.0,98.0,87.0,206.0,64.0,134.0,204.0,0,105.0,205.0,0,79.0
50019VD146,383,225,151,433.0,123.0,250.0,429.0,75.0,333.0,424.0,183.0,215.0,413.0,204.0,200.0,417.0,137.0,271.0,310.0,140.0,158.0,317.0,76.0,224.0,314.0,0,214.0,317.0,0,162.0
50019VD147,378,193,180,337.0,101.0,197.0,339.0,74.0,258.0,335.0,125.0,197.0,326.0,148.0,167.0,334.0,83.0,232.0,273.0,134.0,136.0,289.0,53.0,221.0,283.0,0,183.0,281.0,0,152.0
50019VD148,1708,1088,593,1543.0,721.0,614.0,1539.0,489.0,970.0,1533.0,797.0,634.0,1496.0,892.0,550.0,1508.0,664.0,808.0,1276.0,761.0,464.0,1290.0,389.0,847.0,1287.0,0,648.0,1280.0,0,472.0
50019VD149,734,433,292,703.0,256.0,338.0,697.0,155.0,518.0,697.0,312.0,341.0,663.0,361.0,280.0,680.0,252.0,420.0,529.0,303.0,196.0,538.0,141.0,378.0,533.0,0,316.0,531.0,0,228.0
50019VD150,686,441,236,646.0,243.0,283.0,651.0,180.0,447.0,643.0,307.0,303.0,624.0,361.0,240.0,637.0,284.0,342.0,505.0,288.0,203.0,521.0,145.0,354.0,516.0,0,263.0,519.0,0,209.0
50019VD151,300,196,101,303.0,134.0,123.0,303.0,98.0,194.0,298.0,148.0,130.0,290.0,166.0,111.0,293.0,135.0,154.0,258.0,159.0,91.0,257.0,85.0,162.0,256.0,0,121.0,256.0,0,93.0
50019VD152,223,128,89,216.0,103.0,93.0,220.0,62.0,147.0,215.0,95.0,105.0,212.0,102.0,104.0,214.0,92.0,116.0,175.0,102.0,71.0,176.0,60.0,110.0,176.0,0,88.0,174.0,0,70.0
50021VD153,535,330,182,508.0,216.0,232.0,509.0,166.0,329.0,506.0,248.0,224.0,481.0,265.0,189.0,495.0,204.0,281.0,410.0,214.0,178.0,420.0,105.0,276.0,414.0,0,251.0,412.0,0,178.0
50021VD154,2015,1339,641,1871.0,924.0,723.0,1887.0,671.0,1168.0,1877.0,1056.0,740.0,1803.0,1100.0,643.0,1843.0,870.0,933.0,1539.0,973.0,511.0,1586.0,524.0,959.0,1576.0,0,696.0,1580.0,0,524.0
50021VD155,1923,1158,730,1791.0,795.0,808.0,1768.0,543.0,1147.0,1755.0,893.0,759.0,1678.0,901.0,707.0,1720.0,692.0,973.0,1520.0,856.0,618.0,1547.1,396.0,993.0,1543.0,0,800.0,1545.0,0,634.0
50021VD156,1342,721,597,1242.0,470.0,641.0,1248.0,361.0,861.0,1245.0,558.0,633.0,1192.0,622.0,533.0,1224.0,443.0,759.0,981.0,487.0,465.0,1009.0,210.0,739.0,994.0,0,604.0,1005.0,0,519.0
50021VD157,753,430,308,751.0,352.0,312.0,749.0,246.0,479.0,747.0,380.0,334.0,708.0,376.0,305.0,734.0,301.0,410.0,608.0,331.0,256.0,638.0,197.0,408.0,627.0,0,328.0,628.0,0,258.0
50021VD158,735,434,281,641.0,252.0,291.0,648.0,206.0,415.0,644.0,295.0,299.0,615.0,291.0,283.0,632.0,252.0,350.0,507.0,260.0,225.0,509.0,149.0,315.0,513.0,0,273.0,519.0,0,235.0
50021VD159,1276,779,472,1149.0,478.0,529.0,1142.0,361.0,741.0,1143.0,574.0,506.0,1098.0,619.0,437.0,1121.0,456.0,627.0,929.0,529.0,349.0,963.0,201.0,568.0,950.0,0,495.0,951.0,0,373.0
50021VD160,371,219,144,389.0,188.0,163.0,387.0,141.0,235.0,386.0,192.0,168.0,369.0,195.0,163.0,378.0,173.0,198.0,301.0,162.0,124.0,310.0,85.0,194.0,308.0,0,147.0,304.0,0,127.0
50021VD162,623,392,220,661.0,357.0,232.0,656.0,248.0,383.0,655.0,357.0,254.0,616.0,335.0,247.0,636.0,290.0,324.0,542.0,320.0,194.0,568.0,164.0,371.0,558.0,0,245.0,560.0,0,192.0
50021VD163,666,396,261,638.0,302.0,268.0,646.0,221.0,408.0,645.0,322.0,301.0,600.0,315.0,263.0,634.0,252.0,372.0,539.0,308.0,216.0,552.0,154.0,374.0,549.0,0,278.0,554.0,0,239.0
50021VD164,501,315,172,484.0,233.0,179.0,484.0,198.0,266.0,483.0,267.0,195.0,461.0,265.0,176.0,473.0,226.0,235.0,420.0,255.0,151.0,449.0,168.0,256.0,436.0,0,185.0,445.0,0,154.0
50021VD165,738,456,269,764.0,337.0,325.0,762.0,285.0,447.0,758.0,384.0,316.0,717.0,383.0,290.0,738.0,335.0,384.0,639.0,362.0,254.0,652.0,209.0,378.0,648.0,0,310.0,654.0,0,249.0
50021VD166,103,65,38,95.0,45.0,42.0,94.0,31.0,62.0,95.0,52.0,41.0,89.0,50.0,34.0,91.0,37.0,51.0,68.0,30.0,30.0,69.0,15.0,47.0,70.0,0,42.0,70.0,0,31.0
50021VD167,765,454,302,754.0,368.0,311.0,751.0,316.0,413.0,742.0,413.0,282.0,716.0,389.0,292.0,732.0,350.0,363.0,671.0,405.0,239.0,680.0,230.0,396.0,682.0,0,301.0,688.0,0,245.0
50021VD168,288,177,101,294.0,147.0,114.0,295.0,120.0,163.0,290.0,153.0,117.0,276.0,170.0,92.0,287.0,134.0,144.0,254.0,144.0,98.0,257.0,74.0,167.0,258.0,0,123.0,258.0,0,98.0
50021VD169,1563,967,580,1527.0,668.0,669.0,1532.0,431.0,1055.0,1527.0,746.0,720.0,1454.0,800.0,599.0,1498.0,576.0,879.0,1224.0,686.0,488.0,1261.0,334.0,855.0,1248.0,0,675.0,1242.0,0,531.0
50021VD170,1509,977,483,1440.0,652.0,599.0,1433.0,516.0,873.0,1428.0,765.0,565.0,1359.0,754.0,540.0,1396.0,639.0,716.0,1187.0,696.0,439.0,1209.0,391.0,715.0,1216.0,0,565.0,1217.0,0,435.0
50021VD171,893,590,292,844.0,385.0,339.0,846.0,269.0,543.0,851.0,476.0,339.0,807.0,484.0,293.0,838.0,363.0,449.0,666.0,422.0,230.0,686.0,182.0,448.0,679.0,0,340.0,681.0,0,258.0
50021VD174,673,408,251,661.0,325.0,269.0,664.0,279.0,356.0,661.0,357.0,276.0,638.0,375.0,243.0,653.0,269.0,334.0,518.0,318.0,177.0,536.0,194.0,314.0,535.0,0,243.0,539.0,0,182.0
50021VD175,344,240,96,319.0,163.0,122.0,322.0,118.0,194.0,320.0,174.0,132.0,311.0,203.0,98.0,318.0,153.0,163.0,279.0,182.0,90.0,283.0,99.0,173.0,282.0,0,122.0,281.0,0,94.0
50021VD176,332,207,121,296.0,139.0,123.0,298.0,125.0,161.0,298.0,160.0,118.0,290.0,161.0,115.0,296.0,147.0,141.0,234.0,140.0,84.0,239.0,86.0,132.0,238.0,0,105.0,241.0,0,86.0
50021VD177,1261,769,468,1113.0,529.0,463.0,1111.0,399.0,670.0,1107.0,567.0,491.0,1050.0,575.0,431.0,1085.0,474.0,588.0,884.0,522.0,335.0,890.0,274.0,555.0,902.0,0,436.0,900.0,0,372.0
50021VD178,579,305,265,575.0,209.0,312.0,577.0,181.0,377.0,576.0,260.0,286.0,551.0,239.0,276.0,559.0,212.0,325.0,478.0,217.0,239.0,495.0,125.0,344.0,485.0,0,268.0,491.0,0,231.0
50021VD179,142,88,51,133.0,56.0,56.0,137.0,35.0,100.0,138.0,68.0,64.0,127.0,74.0,49.0,139.0,56.0,83.0,112.0,66.0,42.0,113.0,25.0,75.0,115.0,0,66.0,114.0,0,42.0
50021VD180,1101,628,455,1036.0,384.0,541.0,1043.0,277.0,727.0,1035.0,489.0,487.0,1001.0,520.0,424.0,1022.0,358.0,633.0,822.0,427.0,345.0,835.0,198.0,558.0,838.0,0,463.0,832.0,0,375.0
50021VD1611,39,24,14,59.7,25.0,25.2,59.0,16.6,39.4,59.2,27.2,30.1,55.5,28.6,25.7,58.2,21.8,35.7,44.3,24.5,16.9,46.5,11.0,34.0,45.3,0,25.7,45.8,0,20.1
50021VD1612,206,122,83,184.3,77.0,77.8,182.0,51.4,121.6,182.8,83.8,92.9,171.4,88.4,79.3,179.8,67.2,110.3,136.7,75.5,52.1,143.5,34.0,105.0,139.7,0,79.3,141.2,0,61.9
50021VD1721,2320,1438,859,2245.0,1162.0,845.0,2238.0,788.0,1390.0,2217.0,1247.0,883.0,2109.0,1336.0,724.0,2165.0,948.0,1188.0,1798.0,1154.0,606.0,1864.0,554.0,1221.0,1829.0,0,892.0,1839.0,0,692.0
50021VD1722,2076,1332,720,1843.0,911.0,704.0,1842.0,692.0,1081.0,1827.0,1011.0,714.0,1742.0,1089.0,579.0,1778.0,827.0,899.0,1375.0,871.0,462.0,1428.0,444.0,905.0,1416.0,0,661.0,1417.0,0,506.0
50021VD1723,1421,927,464,1345.0,587.0,557.0,1328.0,482.0,791.0,1330.0,714.0,500.0,1260.0,745.0,452.0,1294.0,581.0,669.0,935.0,547.0,335.0,971.0,302.0,579.0,941.0,0,437.0,959.0,0,343.0
50021VD1724,1897,1253,616,1664.0,835.0,628.0,1661.0,649.0,928.0,1646.0,936.0,601.0,1567.0,990.0,514.0,1604.0,746.0,816.0,1302.0,829.0,426.0,1332.0,418.0,819.0,1320.0,0,624.0,1331.0,0,491.0
50021VD1731,651,369,273,598.8,277.3,255.1,598.0,190.7,395.8,595.2,307.2,266.8,568.9,322.9,229.8,581.1,211.3,358.3,489.9,281.2,196.5,503.4,126.6,353.6,500.1,0,274.4,499.0,0,208.5
50021VD1732,1848,1046,775,1699.2,786.7,723.9,1697.0,541.3,1123.2,1688.8,871.8,757.2,1614.2,916.1,652.2,1648.9,599.7,1016.7,1390.1,797.8,557.5,1428.6,359.4,1003.4,1418.9,0,778.6,1416.0,0,591.5
50023VD182,4363,2437,1868,4168.0,1760.0,1862.0,4253.0,909.0,3282.0,4240.0,1875.0,2225.0,4112.0,2528.0,1517.0,4172.0,1408.0,2691.0,3514.0,2086.0,1358.0,3577.0,690.0,2767.0,3570.0,0,2204.0,3581.0,0,1461.0
50023VD183,1371,835,503,1356.0,658.0,454.0,1376.0,406.0,945.0,1371.0,720.0,581.0,1321.0,874.0,403.0,1344.0,597.0,717.0,1139.0,750.0,364.0,1167.0,320.0,810.0,1163.0,0,596.0,1145.0,0,390.0
50023VD184,792,543,238,793.0,394.0,252.0,794.0,333.0,432.0,786.0,454.0,285.0,742.0,460.0,258.0,768.0,414.0,339.0,659.0,431.0,205.0,684.0,276.0,382.0,682.0,0,282.0,675.0,0,194.0
50023VD185,1025,785,215,1020.0,688.0,195.0,1024.0,552.0,443.0,1017.0,716.0,247.0,976.0,737.0,203.0,1010.0,661.0,327.0,879.0,687.0,158.0,913.0,491.0,388.0,903.0,0,252.0,908.0,0,149.0
50023VD186,758,548,203,785.0,434.0,196.0,788.0,305.0,464.0,778.0,455.0,280.0,756.0,530.0,199.0,768.0,381.0,366.0,655.0,481.0,143.0,676.0,250.0,406.0,679.0,0,287.0,673.0,0,163.0
50023VD187,1664,1209,434,1610.0,1032.0,356.0,1617.0,794.0,796.0,1602.0,1097.0,429.0,1550.0,1172.0,338.0,1586.0,926.0,616.0,1329.0,1052.0,250.0,1364.0,617.0,716.0,1345.0,0,457.0,1356.0,0,274.0
50023VD188,819,595,206,823.0,586.0,142.0,826.0,423.0,384.0,827.0,584.0,201.0,764.0,567.0,174.0,792.0,482.0,295.0,718.0,570.0,129.0,747.0,318.0,402.0,733.0,0,225.0,740.0,0,140.0
50023VD189,918,634,270,864.0,417.0,284.0,869.0,367.0,476.0,856.0,482.0,317.0,830.0,533.0,266.0,858.0,465.0,370.0,714.0,470.0,214.0,725.0,320.0,373.0,718.0,0,282.0,723.0,0,225.0
50023VD190,1078,799,263,1111.0,719.0,228.0,1122.0,582.0,515.0,1115.0,780.0,283.0,1051.0,805.0,203.0,1105.0,683.0,390.0,960.0,756.0,173.0,991.0,468.0,488.0,988.0,0,318.0,988.0,0,190.0
50023VD191,4789,3901,810,4771.0,3698.0,492.0,4782.0,3172.0,1515.0,4753.0,3767.0,728.0,4541.0,3798.0,561.0,4640.0,3386.0,1145.0,4319.0,3751.0,402.0,4476.0,2758.0,1596.0,4425.0,0,846.0,4439.0,0,457.0
50023VD192,1054,735,292,1020.0,649.0,216.0,1039.0,462.0,551.0,1026.0,696.0,279.0,964.0,728.0,204.0,995.0,569.0,414.0,889.0,696.0,155.0,912.0,388.0,501.0,908.0,0,321.0,906.0,0,176.0
50023VD193,2422,1491,867,2147.0,1113.0,708.0,2224.0,718.0,1463.0,2200.0,1235.0,837.0,2111.0,1426.0,626.0,2154.0,983.0,1125.0,1781.0,1199.0,519.0,1845.0,564.0,1217.0,1832.0,0,901.0,1823.0,0,594.0
50023VD194,746,567,158,676.0,424.0,129.0,677.0,383.0,278.0,673.0,444.0,180.0,647.0,485.0,133.0,661.0,417.0,212.0,616.0,501.0,93.0,639.0,369.0,254.0,631.0,0,168.0,630.0,0,112.0
50023VD195,365,254,99,375.0,186.0,118.0,379.0,149.0,219.0,373.0,208.0,139.0,368.0,242.0,108.0,372.0,193.0,171.0,324.0,225.0,82.0,332.0,119.0,187.0,333.0,0,140.0,334.0,0,90.0
50023VD196,1176,897,247,1111.0,751.0,210.0,1126.0,573.0,527.0,1114.0,784.0,275.0,1040.0,772.0,228.0,1078.0,667.0,391.0,972.0,766.0,175.0,1018.0,449.0,529.0,1007.0,0,304.0,1015.0,0,186.0
50023VD197,1050,828,199,1079.0,752.0,182.0,1080.0,611.0,438.0,1062.0,743.0,249.0,1006.0,739.0,220.0,1039.0,674.0,347.0,997.0,786.0,156.0,1027.0,508.0,484.0,1013.0,0,270.0,1017.0,0,162.0
50023VD198,2883,2146,696,3040.0,2035.0,592.0,3067.0,1465.0,1552.0,3026.0,2120.0,780.0,2873.0,2203.0,606.0,2959.0,1680.0,1221.0,2626.0,2109.0,453.0,2702.0,1133.0,1496.0,2686.0,0,910.0,2696.0,0,512.0
50023VD199,536,349,172,527.0,271.0,169.0,532.0,204.0,305.0,532.0,276.0,175.0,512.0,358.0,136.0,525.0,283.0,228.0,452.0,302.0,136.0,463.0,186.0,266.0,466.0,0,206.0,464.0,0,148.0
50023VD200,576,432,126,594.0,374.0,117.0,597.0,305.0,277.0,593.0,408.0,145.0,580.0,433.0,120.0,589.0,370.0,201.0,502.0,391.0,88.0,513.0,255.0,239.0,510.0,0,148.0,509.0,0,97.0
50023VD1811,1853,1169,646,1443.1,741.7,489.5,1455.6,468.0,949.0,1453.8,800.5,573.9,1411.2,930.6,437.9,1433.6,666.3,732.3,1159.5,788.4,331.1,1185.1,386.4,754.3,1178.8,0,545.6,1186.0,0,357.6
50023VD1812,1532,981,511,1467.2,754.1,497.7,1480.0,475.8,964.9,1478.1,813.9,583.5,1434.8,946.2,445.3,1457.6,677.5,744.5,1178.9,801.6,336.7,1204.9,392.8,766.9,1198.5,0,554.8,1205.8,0,363.6
50023VD1813,304,189,106,305.7,157.1,103.7,308.4,99.2,201.1,308.0,169.6,121.6,299.0,197.2,92.8,303.7,141.2,155.2,245.7,167.0,70.2,251.1,81.9,159.8,249.7,0,115.6,251.3,0,75.8
50025VD201,155,97,55,166.0,69.0,61.0,164.0,71.0,79.0,163.0,92.0,48.0,155.0,76.0,62.0,154.0,75.0,70.0,139.0,79.0,47.0,143.0,60.0,73.0,141.0,0,49.0,142.0,0,46.0
50025VD203,296,197,94,287.0,169.0,68.0,284.0,166.0,114.0,288.0,176.0,78.0,269.0,175.0,81.0,270.0,177.0,87.0,220.0,144.0,64.0,225.0,113.0,97.0,222.0,0,65.0,224.0,0,61.0
50025VD204,784,478,294,783.0,409.0,279.0,779.0,357.0,394.0,778.0,431.0,276.0,732.0,368.0,304.0,748.0,361.0,360.0,637.0,366.0,236.0,662.0,258.0,363.0,660.0,0,293.0,655.0,0,205.0
50025VD205,1184,909,266,1154.0,797.0,213.0,1145.0,754.0,349.0,1141.0,822.0,232.0,1091.0,765.0,266.0,1107.0,765.0,314.0,1001.0,796.0,176.0,1026.0,636.0,337.0,1024.0,0,234.0,1021.0,0,154.0
50025VD206,392,250,132,390.0,210.0,131.0,394.0,144.0,236.0,387.0,212.0,137.0,362.0,188.0,151.0,376.0,172.0,192.0,300.0,183.0,102.0,310.0,121.0,176.0,300.0,0,108.0,303.0,0,80.0
50025VD207,1217,909,294,1165.0,719.0,274.0,1144.0,729.0,368.0,1137.0,773.0,254.0,1082.0,729.0,283.0,1116.0,764.0,317.0,997.0,765.0,191.0,1034.0,624.0,351.0,1026.0,0,245.0,1026.0,0,162.0
50025VD208,425,278,137,433.0,202.0,183.0,418.0,205.0,192.0,420.0,210.0,162.0,396.0,195.0,169.0,406.0,216.0,176.0,347.0,211.0,119.0,354.0,162.0,160.0,349.0,0,136.0,355.0,0,105.0
50025VD209,528,382,135,513.0,311.0,132.0,509.0,257.0,226.0,504.0,309.0,141.0,476.0,306.0,143.0,488.0,291.0,180.0,373.0,268.0,93.0,384.0,190.0,165.0,380.0,0,135.0,384.0,0,91.0
50025VD210,1007,637,360,942.0,517.0,303.0,930.0,387.0,521.0,928.0,529.0,318.0,867.0,482.0,334.0,891.0,446.0,417.0,779.0,503.0,242.0,819.0,311.0,454.0,803.0,0,304.0,811.0,0,236.0
50025VD211,608,502,93,575.0,432.0,90.0,567.0,411.0,138.0,567.0,436.0,89.0,545.0,416.0,95.0,549.0,407.0,128.0,507.0,418.0,57.0,530.0,387.0,115.0,516.0,0,70.0,535.0,0,36.0
50025VD212,1030,798,211,992.0,652.0,209.0,995.0,643.0,315.0,991.0,684.0,218.0,930.0,645.0,232.0,955.0,669.0,262.0,839.0,628.0,170.0,845.0,497.0,304.0,843.0,0,200.0,850.0,0,151.0
50025VD213,1415,1183,217,1311.0,992.0,175.0,1295.0,950.0,292.0,1296.0,989.0,196.0,1209.0,920.0,205.0,1260.0,979.0,244.0,1161.0,976.0,124.0,1202.0,863.0,280.0,1179.0,0,176.0,1200.0,0,126.0
50025VD214,2436,1756,619,2155.0,1315.0,576.0,2134.0,1227.0,809.0,2127.0,1401.0,504.0,2024.0,1324.0,556.0,2049.0,1273.0,691.0,1606.0,1156.0,363.0,1654.0,834.0,697.0,1635.0,0,474.0,1652.9,0,349.0
50025VD215,147,70,75,126.0,65.0,50.0,127.0,45.0,77.0,128.0,60.0,56.0,120.0,53.0,59.0,122.0,49.0,70.0,119.0,70.0,48.0,122.0,38.0,78.0,121.0,0,54.0,122.0,0,42.0
50025VD216,700,490,200,682.0,412.0,174.0,674.0,348.0,268.0,665.0,408.0,180.0,628.0,402.0,186.0,641.0,357.0,235.0,577.0,413.0,132.0,595.0,305.0,241.0,582.0,0,164.0,592.9,0,119.0
50025VD217,1153,609,527,1122.0,492.0,486.0,1110.0,387.0,673.0,1109.0,504.0,501.0,1033.0,463.0,512.0,1053.0,394.0,623.0,846.0,449.0,368.0,880.0,281.0,544.0,859.0,0,452.0,879.0,0,352.0
50025VD218,426,282,139,392.0,199.0,137.0,393.0,189.0,186.0,388.0,223.0,127.0,374.0,209.0,135.0,370.0,198.0,157.0,317.0,200.0,104.0,322.0,144.0,162.0,316.0,0,124.0,322.0,0,107.0
50025VD220,683,426,246,642.0,283.0,285.0,640.0,253.0,360.0,625.0,311.0,261.0,594.0,269.0,275.0,608.0,290.0,305.0,486.0,265.0,196.0,502.0,203.0,262.0,495.0,0,222.0,498.0,0,172.0
50025VD221,1168,789,359,1046.0,591.0,338.0,1042.0,530.0,470.0,1037.0,606.0,326.0,950.0,528.0,338.0,978.0,527.0,407.0,789.0,473.0,245.0,811.0,366.0,388.0,795.0,0,295.0,809.0,0,217.0
50025VD222,237,171,64,275.0,156.0,79.0,282.0,75.0,195.0,278.0,149.0,90.0,260.0,147.0,97.0,266.0,122.0,134.0,199.0,144.0,47.0,208.0,77.0,121.0,206.0,0,68.0,208.0,0,44.0
50025VD2021,2377,1836,518,2286.8,1600.0,442.2,2258.5,1525.3,652.4,2249.1,1625.5,440.1,2122.9,1488.3,509.7,2170.7,1525.0,593.5,1838.3,1423.9,333.0,1879.0,1145.1,628.1,1841.8,0,428.9,1866.1,0,295.6
50025VD2022,1975,1603,325,1861.0,1362.6,215.3,1826.1,1413.5,326.0,1819.1,1382.6,206.3,1715.5,1343.7,237.2,1769.3,1405.5,292.1,1588.9,1290.8,183.4,1622.8,1109.4,419.7,1597.9,0,225.3,1619.8,0,147.5
50025VD2023,1931,1638,255,1789.2,1384.4,201.5,1761.4,1347.3,342.6,1742.8,1338.9,226.6,1653.7,1286.0,246.1,1701.0,1330.5,305.5,1560.8,1308.3,160.6,1595.2,1136.5,360.3,1579.4,0,209.8,1596.1,0,144.8
50025VD2191,96,72,19,75.0,41.0,26.0,77.0,40.0,36.0,77.0,48.0,23.0,76.0,47.0,26.0,77.0,43.0,34.0,54.0,38.0,15.0,61.0,27.0,29.0,61.0,0,23.0,61.0,0,13.0
50025VD2192,1607,1223,363,1471.0,960.0,326.0,1457.0,918.0,465.0,1456.0,1000.0,320.0,1386.0,951.0,349.0,1421.0,968.0,403.0,1250.0,957.0,233.0,1282.0,820.0,388.0,1274.0,0,292.0,1281.0,0,217.0
50025VDWIN1,0,0,0,0.0,0.0,0.0,0.0,0.0,0.0,0.0,0.0,0.0,0.0,0.0,0.0,0.0,0.0,0.0,0.0,0.0,0.0,0.0,0.0,0.0,0.0,0,0.0,0.0,0,0.0
50027VD223,313,189,120,330.0,166.0,125.0,330.0,134.0,187.0,331.0,176.0,135.0,314.0,183.0,120.0,317.0,153.0,157.0,293.0,172.0,97.0,303.0,89.0,190.0,298.0,0,138.0,300.0,0,117.0
50027VD224,127,65,55,126.0,50.0,60.0,128.0,44.0,81.0,127.0,57.0,54.0,123.0,65.0,54.0,126.0,51.0,73.0,99.0,51.0,44.0,99.0,25.0,66.0,103.0,0,56.0,103.0,0,47.0
50027VD225,551,365,180,569.0,339.0,174.0,562.0,268.0,273.0,558.0,331.0,200.0,513.0,327.0,169.0,540.0,296.0,236.0,512.0,355.0,137.0,525.0,217.0,284.0,520.0,0,192.0,522.0,0,142.0
50027VD226,1028,702,305,997.0,543.0,299.0,1010.0,423.0,555.0,1005.0,603.0,352.0,955.0,633.0,289.0,991.0,534.0,434.0,875.0,600.0,247.0,911.0,330.0,536.0,911.0,0,361.0,900.0,0,242.0
50027VD227,532,342,183,522.0,280.0,160.0,509.0,227.0,260.0,511.0,273.0,198.0,485.0,304.0,161.0,493.0,235.0,206.0,417.0,256.0,142.0,430.0,139.0,260.0,420.0,0,161.0,426.0,0,136.0
50027VD228,708,443,252,686.0,306.0,262.0,680.0,269.0,387.0,680.0,345.0,271.0,645.0,350.0,262.0,656.0,309.0,327.0,551.0,319.0,206.0,569.0,172.0,319.0,563.0,0,254.0,570.0,0,204.0
50027VD229,1745,1174,535,1546.0,827.0,512.0,1544.0,691.0,801.0,1543.0,878.0,542.0,1467.0,870.0,508.0,1496.0,788.0,656.0,1195.0,759.0,388.0,1248.0,441.0,708.0,1233.0,0,524.0,1231.0,0,378.0
50027VD231,1937,1382,526,1924.0,1158.0,558.0,1924.0,958.0,910.0,1920.0,1189.0,616.0,1803.0,1209.0,526.0,1854.0,1070.0,735.0,1550.0,1087.0,411.0,1610.0,667.0,862.0,1577.0,0,517.0,1601.0,0,403.0
50027VD232,1227,754,458,1090.0,538.0,403.0,1093.0,468.0,578.0,1090.0,577.0,408.0,1028.0,574.0,398.0,1056.0,535.0,500.0,860.0,517.0,303.0,901.0,300.0,526.0,888.0,0,398.0,892.0,0,312.0
50027VD233,2358,2037,293,2321.0,1982.0,191.0,2297.0,1750.0,483.0,2299.1,1928.0,297.0,2127.1,1782.0,297.0,2201.0,1759.0,400.0,2064.0,1806.0,194.0,2125.0,1337.0,745.0,2086.0,0,290.0,2130.0,0,175.0
50027VD234,359,217,138,348.0,173.0,125.0,344.0,141.0,185.0,344.0,175.0,147.0,320.0,176.0,129.0,322.0,153.0,164.0,254.0,161.0,82.0,265.0,102.0,143.0,261.0,0,98.0,261.0,0,80.0
50027VD235,618,446,164,592.0,395.0,130.0,595.0,313.0,261.0,595.0,351.0,219.0,577.0,403.0,156.0,582.0,342.0,224.0,507.0,393.0,103.0,523.0,217.0,283.0,521.0,0,157.0,522.0,0,95.0
50027VD236,404,276,118,373.0,231.0,108.0,374.0,186.0,176.0,366.0,222.0,132.0,343.0,206.0,122.0,354.0,190.0,153.0,339.0,222.0,99.0,354.0,113.0,207.0,346.0,0,120.0,347.0,0,92.0
50027VD237,724,540,173,643.0,393.0,162.0,646.0,341.0,288.0,646.0,411.0,186.0,618.0,431.0,151.0,633.0,386.0,237.0,582.0,416.0,141.0,603.0,257.0,316.0,591.0,0,187.0,594.0,0,129.0
50027VD238,1393,937,424,1317.0,698.0,406.0,1329.0,580.0,711.0,1322.0,706.0,525.0,1244.0,778.0,395.0,1281.0,685.0,549.0,1112.0,759.0,295.0,1161.0,458.0,615.0,1134.0,0,431.0,1147.0,0,277.0
50027VD239,752,532,207,755.0,428.0,217.0,761.0,358.0,376.0,754.0,443.0,279.0,716.0,485.0,203.0,745.0,443.0,285.0,643.0,450.0,167.0,651.0,277.0,340.0,650.0,0,215.0,651.0,0,166.0
50027VD241,406,265,127,426.0,222.0,140.0,423.0,171.0,228.0,419.0,231.0,156.0,397.0,250.0,131.0,417.0,211.0,190.0,338.0,225.0,93.0,341.0,108.0,211.0,340.0,0,124.0,341.0,0,90.0
50027VD242,1556,983,552,1577.0,745.0,647.0,1568.0,610.0,904.0,1565.0,804.0,638.0,1495.0,801.0,616.0,1531.0,712.0,783.0,1206.0,704.0,463.0,1239.0,360.0,778.0,1233.0,0,584.0,1242.0,0,466.0
50027VD243,421,297,116,414.0,267.0,106.0,415.0,210.0,183.0,408.0,276.0,118.0,390.0,250.0,123.0,401.0,214.0,179.0,345.0,238.0,97.0,359.0,141.0,200.0,354.0,0,128.0,359.0,0,97.0
50027VD244,700,478,217,707.0,469.0,173.0,707.0,343.0,343.0,709.0,448.0,225.0,670.0,438.0,211.0,682.0,376.0,296.0,642.0,451.0,158.0,668.0,236.0,393.0,661.0,0,223.0,663.0,0,159.0
50027VD245,1716,1228,457,1695.0,964.0,462.0,1684.0,858.0,734.0,1692.0,1062.0,485.0,1594.0,1055.0,464.0,1632.0,989.0,564.0,1313.0,898.0,351.0,1347.0,556.0,696.0,1348.0,0,454.0,1350.0,0,323.0
50027VD246,2020,1461,531,1880.0,1319.0,372.0,1894.0,1048.0,792.0,1893.0,1261.0,564.0,1757.0,1225.0,483.0,1806.0,1106.0,661.0,1604.0,1217.0,329.0,1672.0,752.0,854.0,1648.0,0,463.0,1657.0,0,323.0
50027VD2301,1204,776,414,1193.6,711.5,343.2,1181.0,586.2,566.9,1197.4,700.9,444.5,1102.0,667.2,400.1,1141.5,621.8,489.8,987.3,684.5,271.9,1034.5,406.9,581.4,1013.3,0,353.8,1025.8,0,250.7
50027VD2302,3962,2809,1103,3943.4,2478.5,959.8,3926.0,2186.8,1584.1,3923.6,2519.1,1166.5,3709.0,2511.8,1033.9,3779.5,2293.1,1366.2,3221.7,2393.5,706.1,3316.5,1599.1,1551.6,3274.7,0,980.2,3287.2,0,661.3
50027VD2401,58,35,21,53.4,25.6,22.9,54.2,21.0,30.4,55.1,24.8,25.8,52.9,30.8,19.3,53.7,23.0,29.0,39.6,25.0,12.8,40.9,10.9,24.5,39.7,0,18.8,39.7,0,13.8
50027VD2402,4207,2711,1415,3899.6,1847.4,1487.0,3869.8,1557.0,2130.6,3843.9,2042.2,1429.1,3687.1,2021.2,1463.7,3774.3,1904.0,1754.0,2859.4,1741.0,993.2,2908.1,950.1,1636.5,2885.3,0,1261.2,2890.4,0,1023.2
