GEOID10,Tot_2016_pres,Dem_2016_pres,Rep_2016_pres,Tot_2008_pres,Dem_2008_pres,Rep_2008_pres
311772P,402.6,90.0,287.1,395,143,243
311773P,606.2,91.0,486.7,580,115,455
311774P,373.2,64.7,291.8,408,148,251
311777W,626.7,170.0,412.8,567,259,300
311775P,544.6,142.9,368.9,700,250,443
311773W,494.0,133.9,314.9,528,220,302
3117710P,778.6,194.1,520.9,721,274,433
311779P,848.2,171.9,635.4,758,235,518
311776P,870.6,191.9,626.7,845,307,525
311777P,604.6,111.8,466.9,598,167,426
3117712P,1301.6,334.6,915.6,1217,415,785
311775W,746.3,224.9,465.2,664,265,387
311778W,783.0,222.0,523.0,723,276,446
3117714P,866.8,225.3,604.1,818,292,508
3117713P,810.0,254.0,504.0,764,345,403
311791P,241.0,34.0,184.0,270,64,205
311792P,274.4,35.8,222.2,273,43,226
3117913P,603.5,203.0,350.7,684,288,379
311796P,327.3,57.1,257.2,332,86,241
311793P,407.0,37.0,363.0,368,77,284
311794P,445.0,59.0,369.0,414,101,308
311799P,358.6,98.2,236.7,323,150,168
3117911P,404.5,120.8,247.1,460,176,279
311798P,280.0,61.0,209.0,272,91,178
3117912P,423.7,129.0,254.2,412,173,235
311811P,238.0,56.0,178.0,214,54,157
311812P,504.0,98.0,385.0,564,164,388
311814P,427.7,81.8,331.1,446,152,284
311815P,302.2,51.2,236.9,326,108,214
311817P,225.0,19.0,199.0,267,74,190
311831P,324.0,36.0,271.0,278,64,209
311832P,136.0,26.0,106.0,162,32,125
311851P,378.8,59.1,307.0,477,116,356
311854P,560.4,90.8,442.4,535,117,413
311852P,304.8,49.6,240.8,358,84,268
311851W,485.2,95.0,352.9,588,131,452
311853W,580.7,119.5,414.3,496,136,351
311852W,235.3,51.6,167.6,267,65,198
311853P,204.9,35.4,155.8,225,85,133
311854W,583.0,130.5,402.5,595,177,411
311856P,274.0,49.0,209.0,274,54,215
311855P,869.0,146.0,691.0,877,204,665
311858P,268.4,37.7,214.6,265,57,204
311856W,592.9,133.7,417.7,594,155,431
311857P,180.6,25.3,144.4,187,20,161
311855W,764.9,162.7,540.0,805,206,590
310031P,293.0,32.0,253.0,277,61,212
310031W,131.0,25.0,104.0,116,30,85
310032P,133.0,15.0,117.0,144,19,121
310032W,291.9,46.4,238.4,307,93,213
310035P,250.0,30.2,212.8,282,40,240
310033W,425.0,60.4,345.8,423,144,274
310034W,154.4,21.4,124.3,169,39,129
310035W,191.6,26.6,154.7,181,43,136
310036P,225.0,24.0,198.0,198,33,164
310033P,331.1,24.0,284.0,306,79,222
310034P,404.1,26.0,370.0,356,63,290
310037P,263.0,30.0,216.0,270,61,207
310038P,146.0,22.0,114.0,147,52,90
310051P,272.0,17.0,244.0,262,39,217
310071P,392.9,19.0,357.0,416,62,348
310091,316.0,30.0,276.0,316,43,266
310111P,463.0,62.0,374.0,332,79,248
310112P,105.0,17.0,85.0,121,30,86
310113P,141.0,37.0,95.0,132,61,70
310114P,374.1,43.0,308.0,376,79,295
310116P,452.0,61.0,369.0,510,119,382
310115P,430.0,50.0,358.0,438,110,325
310117P,382.0,94.0,261.0,336,120,207
310118P,158.0,9.0,143.0,161,39,120
310119P,362.0,41.0,306.0,418,105,309
310136P,482.5,126.1,312.9,507,216,281
310135P,657.1,160.2,468.4,598,216,366
310134P,615.1,44.7,548.2,612,133,456
310133P,548.0,137.0,365.0,577,248,316
310139P,468.0,122.0,309.0,527,272,239
310138P,609.2,132.2,447.8,650,280,354
310137P,651.3,133.4,490.5,729,276,434
3101315P,816.7,109.4,675.2,758,245,486
310151,462.0,40.0,405.0,392,77,303
310152,438.0,55.0,371.0,428,93,329
310153,247.0,33.0,207.0,289,80,207
310171P,780.0,83.0,671.0,822,192,621
310172P,324.0,32.0,280.0,308,79,211
310173P,480.0,38.0,434.0,437,40,376
3101928P,1708.4,439.5,1169.8,1335,389,930
3101911P,760.7,160.7,563.2,802,215,577
3101914P,965.0,252.5,647.2,957,297,650
3101910P,1320.2,200.7,1042.2,1179,261,910
310199P,507.5,64.0,420.1,421,91,323
3101925P,1306.1,321.1,931.7,980,290,684
3101935P,704.0,196.0,461.0,642,202,429
3101916P,830.0,261.0,493.0,850,293,545
3101927P,781.6,187.1,553.1,600,180,416
3101929P,371.5,93.4,256.9,536,145,383
3101921P,330.1,104.7,197.8,587,221,354
3101924P,357.3,126.6,193.9,310,116,188
3101926P,605.3,192.1,362.8,399,153,241
3101915P,530.0,123.0,359.0,542,170,361
310192P,647.0,92.4,518.9,597,150,442
310194P,365.1,39.7,309.6,355,78,269
310191P,239.2,20.6,208.9,258,49,206
3101917P,485.8,129.3,307.7,584,195,380
3101918P,739.2,196.7,468.3,590,224,351
3101930P,490.5,154.6,296.6,451,179,266
3101920P,371.3,131.6,201.5,365,147,208
3101923P,1286.7,277.9,909.4,1169,383,774
3101919P,597.5,162.5,385.6,523,213,303
3101922P,526.6,143.2,339.8,451,152,293
310193P,295.5,42.5,237.7,305,90,209
3101934P,618.4,135.9,425.6,566,195,357
310195P,335.7,46.7,270.8,319,66,249
310197P,468.3,66.6,376.3,432,93,330
3101933P,338.0,77.0,249.0,372,110,255
3101931P,285.5,55.2,208.2,289,74,212
310198P,669.4,135.8,490.2,653,217,431
3101913P,617.0,86.0,491.0,530,155,372
3101912P,278.7,46.4,222.3,278,74,199
310214W,445.5,143.1,274.5,371,160,208
310215P,168.1,49.5,104.9,189,92,93
310216P,302.5,71.4,211.5,319,123,190
310213P,276.8,38.1,225.0,285,69,209
310211W,345.2,85.9,247.0,306,114,188
310214P,252.0,51.0,178.0,238,118,117
310212P,383.0,146.0,213.0,368,201,163
310211P,202.0,39.0,153.0,169,61,103
310217P,406.0,110.0,277.0,405,177,217
310213W,418.0,127.0,248.0,389,186,194
310212W,334.0,69.0,235.0,340,112,225
310231W,331.3,64.4,256.5,369,125,234
310233W,415.3,75.9,317.7,439,124,309
310238P,111.2,17.2,91.6,101,19,80
310232W,408.5,87.7,299.8,342,122,215
310231P,313.4,46.0,249.0,294,88,200
310232P,265.6,39.0,211.0,279,64,209
310237P,125.6,14.1,109.0,123,27,94
310235P,128.5,24.7,98.3,111,35,71
310234P,86.1,16.5,65.9,60,18,41
310239P,134.4,25.8,102.8,147,53,92
3102310P,246.6,44.4,195.5,249,85,159
310236P,86.4,15.6,68.5,71,20,50
310233P,160.7,24.9,132.4,132,39,92
3102311P,123.4,13.9,107.1,120,29,90
3102312P,106.4,21.2,81.8,104,33,69
3102313P,294.6,58.8,226.2,313,105,203
3102315P,161.7,24.5,129.6,167,75,81
3102314P,95.3,14.5,76.4,87,17,69
3102316P,86.2,16.1,67.7,75,16,56
3102317P,244.8,45.9,192.3,245,96,143
310251P,1075.9,308.4,713.6,981,373,604
310252P,236.1,72.6,151.4,247,116,128
310251W,280.0,87.0,167.0,300,152,143
310258P,294.5,73.0,202.1,302,134,168
310252W,279.5,94.0,165.9,307,149,154
310253P,449.0,117.0,292.0,454,199,245
310254P,487.0,151.0,313.0,503,214,281
3102511P,251.6,66.2,165.4,288,124,158
3102513P,572.0,139.0,395.0,471,197,264
3102518P,1186.2,342.5,788.7,937,327,601
310255P,341.0,105.0,224.0,367,162,200
310256P,497.0,131.0,350.0,444,152,284
310253W,195.3,59.6,120.8,246,98,148
310254W,385.2,116.4,243.2,359,136,214
310255W,399.9,112.7,257.6,420,172,240
310257W,408.6,114.2,250.4,340,127,205
310256W,249.2,74.2,156.8,207,98,106
310259W,358.3,103.4,223.5,341,178,151
310258W,276.9,69.2,176.4,309,107,194
3102519P,708.6,175.0,502.6,600,193,404
310259P,430.0,139.0,267.0,460,193,258
3102510P,575.0,142.0,405.0,497,180,299
3102512P,124.0,25.0,87.0,118,48,67
3102516P,566.0,156.0,389.0,516,185,330
3102517P,385.0,104.0,258.0,403,154,245
310253W2,282.0,77.0,177.0,265,115,144
3102520P,916.0,211.0,653.0,834,277,547
3102515P,317.0,72.0,232.0,344,115,217
3102514P,180.4,46.8,124.6,202,78,121
310271P,204.0,40.0,142.0,163,61,97
310272P,433.0,65.0,347.0,329,91,232
310275P,290.0,27.0,250.0,201,41,160
310273P,205.0,31.0,159.0,171,42,128
310274P,215.0,24.0,180.2,208,80,122
310279P,280.5,41.9,228.8,246,66,177
310278P,462.0,61.7,380.1,463,121,336
3102715P,153.0,14.0,130.0,87,32,54
310276P,101.0,21.0,69.0,85,32,45
310277P,415.7,55.5,342.0,493,140,349
3102716P,260.8,30.3,211.2,173,52,116
3102717P,238.2,27.7,192.8,352,112,234
3102718P,160.0,37.0,103.0,117,36,78
3102713P,361.0,36.0,311.0,411,117,294
3102720P,268.5,27.4,225.4,297,84,205
3102719P,310.5,31.6,260.6,371,83,285
310291P,238.0,19.0,214.0,255,37,212
310292P,322.0,25.0,291.0,301,57,243
310297P,316.0,37.0,268.0,323,63,256
310298P,600.0,54.0,521.0,573,112,458
310293P,403.0,36.0,354.0,389,72,308
310311P,153.0,14.0,136.0,121,18,98
310312P,209.0,13.0,187.0,184,27,147
310313P,36.0,3.0,32.0,33,7,23
3103110P,17.0,0.0,17.0,21,1,20
3103111P,41.0,2.0,39.0,44,2,41
310314P,85.0,5.0,74.0,83,18,62
310318P,489.5,60.7,401.4,519,118,382
3103113P,85.0,5.0,75.0,77,12,62
3103114P,114.0,11.0,101.0,116,13,101
3103116P,43.0,2.0,41.0,42,1,41
3103117P,70.0,2.0,66.0,64,8,53
3103119P,123.0,10.0,106.0,138,16,119
3103120P,79.0,2.0,74.0,77,3,69
3103115P,26.0,0.0,23.0,31,0,31
310315P,103.7,9.5,92.0,103,24,76
310316P,641.5,85.2,516.2,655,175,467
310317P,618.3,81.6,509.5,599,138,447
3103118P,94.0,9.0,82.0,83,13,69
310319P,29.0,1.0,27.0,27,0,27
3103112P,25.0,1.0,24.0,33,5,25
310331P,366.0,30.0,321.0,393,105,282
310332P,303.0,34.0,249.0,308,61,242
310333P,399.0,51.0,335.0,404,114,280
310334P,305.0,22.0,266.0,313,45,265
310335P,570.0,102.0,428.0,614,157,449
310337P,559.0,102.0,429.0,653,182,461
310336P,903.0,166.0,706.0,914,197,714
3103310P,759.0,112.0,597.0,745,190,536
310339P,471.0,92.0,334.0,477,122,343
310351P,216.0,26.0,175.0,219,59,156
310352P,373.0,76.0,268.0,365,101,258
310353P,242.0,31.0,204.0,246,40,201
310354P,220.0,36.0,177.0,196,57,132
310356P,192.0,17.0,172.0,200,43,151
310357P,311.0,56.0,242.0,328,89,233
3103510P,350.0,70.0,265.0,364,107,251
3103511P,197.0,32.0,154.0,169,61,106
310359P,375.0,62.0,303.0,372,80,284
310355P,193.0,24.0,161.0,197,54,140
310358P,361.0,47.0,301.0,363,89,265
310371P,682.2,229.2,428.9,634,238,385
310372P,402.1,80.7,309.6,431,108,315
310379P,474.0,81.9,376.6,483,160,318
310373P,487.4,180.3,281.7,530,224,297
3103711P,432.9,56.3,353.3,461,142,312
310375P,695.3,230.5,420.8,655,253,391
310391P,782.0,146.0,599.0,782,286,480
310392P,491.0,104.0,364.0,481,128,341
310394P,435.0,67.0,358.0,459,137,315
310396P,537.0,77.0,431.0,382,96,280
310397P,537.1,86.0,428.0,562,144,406
3103910P,808.2,163.5,601.0,786,279,490
3103911P,433.8,75.5,341.0,628,204,420
310411P,16.3,1.8,13.8,18,7,10
310412P,218.7,24.2,185.2,204,34,164
310413P,24.2,1.0,22.2,21,2,19
310414P,32.0,1.0,31.0,35,2,33
310415P,82.8,9.9,70.2,69,23,46
310417P,181.6,27.3,142.3,173,43,127
310418P,77.4,11.7,60.6,74,19,54
310419P,70.8,3.0,64.8,71,11,60
3104117P,53.0,7.0,42.0,58,18,40
3104112P,347.0,28.0,306.0,349,78,263
3104124P,206.8,18.1,185.7,216,50,162
3104115P,68.0,0.0,64.0,66,11,53
3104116P,54.0,3.0,51.0,60,9,51
3104111P,80.0,4.0,76.0,82,10,70
3104122P,427.0,39.0,365.0,399,79,315
3104120P,72.0,1.0,71.0,77,9,68
3104132P,69.5,7.9,58.6,65,12,52
3104133P,160.5,18.2,135.4,154,30,120
3104131P,64.0,3.0,60.0,94,10,84
3104134P,311.5,37.4,256.1,330,79,248
310416P,9.2,1.1,7.8,16,7,9
3104136P,376.6,31.4,331.8,362,78,281
3104110P,102.4,8.6,90.2,102,20,79
3104113P,221.0,13.0,204.0,195,35,156
3104139P,494.0,68.0,393.0,510,108,392
3104138P,263.2,47.9,207.3,304,85,214
3104125P,114.0,14.0,95.0,127,11,115
3104137P,541.9,88.0,430.7,571,140,422
3104127P,50.9,6.1,41.9,64,20,43
3104126P,70.5,8.5,58.0,77,10,66
3104118P,10.0,1.0,8.0,5,0,5
3104114P,60.0,4.0,55.0,57,5,51
3104129P,168.0,15.0,142.0,156,30,122
3104123P,60.0,8.0,46.0,40,6,34
3104121P,62.0,4.0,58.0,51,1,50
3104119P,79.0,19.0,59.0,75,30,44
3104135P,227.1,53.0,161.3,202,63,139
3104128P,24.0,4.0,20.0,19,5,13
3104130P,28.0,0.0,25.0,30,2,27
310431P,425.0,124.0,287.0,465,205,253
310432P,718.0,188.0,504.0,716,315,395
310433P,209.0,36.0,162.0,230,80,145
310435P,252.0,62.0,185.0,297,104,189
310436P,539.0,107.0,400.0,580,226,341
310437P,620.0,225.0,371.0,605,307,290
3104311P,680.0,346.0,289.0,651,369,265
3104314P,658.0,267.0,368.0,623,257,355
3104315P,356.0,133.0,209.0,367,131,234
310434P,236.0,83.0,146.0,271,144,124
310439P,428.0,216.0,198.0,457,271,178
3104310P,655.0,343.0,269.0,678,385,286
3104313P,433.0,184.0,228.0,441,200,237
310451P,218.0,52.0,140.0,212,98,113
310452P,363.5,101.5,234.7,413,135,266
310455P,485.1,148.2,291.6,554,232,309
310453P,423.3,131.3,261.7,454,194,246
310454P,151.7,46.0,94.4,433,168,259
3104513P,237.3,72.0,147.6,0,0,0
310456P,354.0,52.0,291.0,346,88,248
310459P,136.0,19.0,109.0,107,26,75
310458P,253.0,32.0,212.0,296,91,193
3104511P,299.0,45.0,233.0,321,99,211
310457P,308.0,46.0,244.0,187,44,138
3104510P,447.0,56.0,373.0,441,110,318
310471P,150.0,10.0,130.0,145,29,116
310472P,282.1,27.9,231.0,216,48,164
310473P,96.7,6.4,83.0,74,14,59
310478P,213.0,25.0,182.0,183,54,125
310477P,133.0,14.0,114.0,127,40,86
310479P,297.0,60.0,230.0,232,62,170
3104721P,506.0,255.0,213.0,399,175,219
3104710P,227.0,42.0,170.0,210,46,164
3104712P,857.0,185.0,629.0,814,223,581
3104713P,883.9,138.1,711.0,868,212,644
3104715P,794.0,140.0,614.0,720,235,474
3104716P,852.0,157.0,649.0,861,271,569
3104717P,259.0,160.0,83.0,225,111,112
3104718P,437.0,220.0,192.0,428,159,265
3104720P,793.0,309.0,440.0,677,226,440
310474P,244.3,18.7,209.9,233,36,192
310476P,143.0,27.0,112.0,112,29,83
3104711P,516.0,60.0,436.0,497,152,337
310475P,187.0,38.0,143.0,196,46,148
3104719P,688.0,243.0,412.0,753,231,512
310491P,329.0,56.0,264.0,348,100,246
310492P,332.6,31.6,284.9,305,41,254
310493P,315.4,32.4,260.1,340,102,232
310511P,477.0,101.0,344.0,424,154,263
310513P,331.3,65.8,260.9,336,129,201
310514P,234.0,22.0,198.0,187,37,149
310518P,193.0,54.0,124.0,222,89,125
310519P,209.0,35.0,165.0,209,52,153
3105113P,191.0,63.0,111.0,215,88,126
3105112P,136.0,37.0,90.0,180,71,106
310515P,272.0,48.0,208.0,273,78,189
310516P,279.0,45.0,219.0,280,75,198
310517P,149.0,32.0,108.0,118,39,72
3105110P,105.6,24.3,79.9,140,59,79
3105111P,167.0,28.9,133.1,201,75,124
310531P,441.0,87.0,347.0,425,141,276
310532P,240.0,31.0,193.0,232,67,157
310533P,266.0,51.0,199.0,247,77,163
310535P,539.0,97.0,420.0,503,175,316
310538P,263.0,81.0,174.0,303,130,170
3105315P,541.0,210.0,307.0,542,275,252
310539P,202.0,49.0,145.0,219,85,133
3105313P,685.0,228.0,418.0,699,345,346
310534P,447.0,75.0,343.0,418,115,293
310537P,587.0,136.0,432.0,676,250,413
3105310P,845.0,246.0,549.0,882,371,502
3105311P,297.0,86.0,193.0,359,172,173
3105312P,342.0,102.0,224.0,361,174,175
3105316P,541.0,157.0,357.0,685,292,385
3105318P,402.0,134.0,245.0,342,139,200
3105322P,827.0,262.0,530.0,745,288,452
3105314P,645.0,248.0,380.0,593,247,336
3105321P,805.0,247.0,533.0,753,257,490
3105317P,467.0,165.0,272.0,479,242,228
3105319P,325.0,119.0,182.0,321,159,155
3105320P,586.0,213.0,333.0,644,310,326
3105324P,360.0,135.0,199.0,381,207,168
3105323P,189.0,81.0,96.0,212,125,80
3105325P,449.0,154.0,265.0,537,273,258
3105327P,381.0,127.0,228.0,425,202,214
3105328P,565.0,173.0,350.0,566,267,293
3105330P,417.0,121.0,277.0,440,184,247
3105331P,561.0,147.0,381.0,531,223,306
3105333P,449.0,79.0,348.0,398,153,239
3105329P,797.0,274.0,483.0,789,369,417
3105326P,312.0,102.0,190.0,323,167,145
310571P,321.0,31.0,279.0,317,61,250
310572P,336.0,24.0,300.0,388,76,304
310573P,292.0,34.0,244.0,314,81,229
310591P,329.0,87.0,223.0,358,137,216
310592P,290.0,46.0,216.0,302,82,215
310593P,218.0,28.0,174.0,227,53,169
310596P,327.5,70.5,243.0,310,91,214
310594P,141.5,30.5,105.0,162,45,116
310595P,419.0,104.0,290.0,468,171,288
310597P,303.0,77.0,203.0,272,106,165
310598P,344.0,85.0,243.0,322,114,191
310599P,192.0,23.0,158.0,174,51,119
3105910P,351.0,62.0,275.0,337,112,220
310611P,464.0,72.0,374.0,424,125,295
310613P,292.0,48.0,239.0,269,73,189
310615P,546.0,71.0,458.0,500,142,342
310617P,356.0,59.0,276.0,356,102,253
310631P,220.0,31.0,181.0,220,43,172
310632P,395.0,48.0,334.0,461,121,335
310634P,341.0,59.0,269.0,364,125,236
310636P,257.1,18.0,232.0,262,47,210
310635P,102.0,5.0,94.0,95,13,81
310651P,111.2,16.9,89.4,107,29,76
310653W,231.5,35.1,186.1,220,59,158
310651W,148.7,22.5,119.6,141,38,101
310652W,141.6,21.5,113.9,135,36,97
310652P,147.0,16.0,125.0,136,33,102
310655P,301.0,39.0,252.0,333,93,233
310656P,92.0,17.0,72.0,118,33,80
310658P,370.0,48.0,308.0,379,94,280
310657P,96.0,12.0,81.0,92,13,77
310653P,80.4,9.4,66.7,79,16,61
310655W,276.1,32.2,229.0,269,53,209
310654W,218.5,25.5,181.2,214,42,166
310654P,107.0,9.0,97.0,103,17,85
310671P,262.9,71.7,174.8,254,106,139
310675P,373.0,101.8,248.0,393,148,237
310672P,456.0,124.4,303.2,441,188,251
310674P,460.4,105.0,329.8,427,142,276
310673P,477.6,109.0,342.2,416,149,261
310679P,366.5,96.6,248.6,371,155,204
310676P,171.7,45.2,116.5,210,91,112
310677P,310.4,87.3,204.8,256,90,158
3106724P,601.9,192.6,376.7,541,207,319
3106726P,402.8,129.0,252.8,540,224,306
3106727P,376.6,118.4,226.0,436,248,180
3106718P,540.8,186.5,320.5,528,240,275
3106719P,459.5,158.4,272.3,461,192,263
3106710P,254.0,61.6,178.5,245,121,118
310678P,298.0,72.3,209.5,316,145,162
3106711P,186.3,50.3,127.3,178,66,106
3106730P,324.7,87.7,221.7,337,149,186
3106728P,284.2,83.5,185.1,331,145,176
3106712P,219.6,64.5,143.0,219,98,112
3106713P,179.8,52.9,117.1,230,96,131
3106715P,279.3,82.1,181.8,317,160,151
3106716P,268.8,84.5,161.3,303,137,163
3106723P,177.2,55.7,106.4,220,99,115
3106722P,438.2,141.6,268.1,371,189,174
3106729P,382.4,122.4,239.3,347,187,150
3106717P,423.7,146.1,251.2,417,217,196
3106720P,444.3,144.3,272.7,422,208,206
3106721P,490.4,159.3,301.0,592,276,308
310691P,109.0,12.0,92.0,111,28,83
310692P,379.0,49.0,312.0,400,95,298
310693P,300.0,48.0,243.0,325,95,227
310694P,275.0,44.0,222.0,302,65,236
310713P,405.4,38.9,351.5,428,79,340
310715P,250.1,32.5,210.5,297,66,228
310714P,314.5,49.6,259.0,303,67,232
310731P,355.0,74.0,266.0,329,84,241
310732P,383.0,56.0,304.0,418,87,327
310733P,193.0,26.0,164.0,224,62,159
310734P,73.0,10.0,60.0,77,27,49
310752P,394.0,20.0,367.0,367,41,318
310771P,194.0,37.0,154.0,250,105,145
310772P,342.0,83.0,238.0,341,154,171
310773P,458.0,73.0,369.0,430,144,279
310774P,172.0,17.0,151.0,178,55,120
310793P,573.2,230.5,314.0,414,204,200
310794P,504.8,203.2,276.8,638,225,409
310795P,638.7,264.1,330.9,757,322,406
310791P,409.0,161.6,225.9,290,147,138
310792P,352.8,159.9,170.2,301,143,148
3107912P,673.7,272.9,357.2,741,349,374
3107917P,633.2,223.2,372.8,573,261,304
3107919P,318.7,118.0,181.2,316,143,168
3107915P,856.3,233.5,585.3,855,274,570
3107921P,733.5,190.7,513.7,775,244,522
3107937P,389.1,99.0,276.4,496,162,331
310799P,953.1,286.1,635.5,768,330,423
3107920P,900.7,292.6,551.1,668,286,368
3107911P,598.8,210.9,346.2,726,293,423
3107914P,452.7,126.9,304.8,480,159,313
3107922P,406.8,113.7,270.3,500,199,293
3107923P,448.8,125.4,298.2,577,196,372
310796P,614.6,195.8,381.5,562,228,320
310798P,428.9,135.3,268.1,440,175,252
3107932P,1128.2,283.3,803.5,851,285,563
3107944P,599.0,126.7,444.8,490,150,337
3107913P,297.7,101.5,176.4,577,205,367
3107916P,491.0,167.4,290.8,411,186,220
310797P,389.9,137.2,227.1,456,192,256
3107910P,389.1,136.9,226.6,361,180,172
3107929P,357.3,53.1,291.2,356,115,235
3107918P,346.9,107.5,221.5,234,106,123
3107930P,654.0,110.0,514.0,578,162,408
3107942P,490.0,94.0,380.0,483,171,310
3107939P,340.3,60.4,263.3,455,147,306
3107933P,1002.6,216.1,748.5,815,265,544
3107938P,359.5,112.9,227.9,528,180,345
3107934P,648.6,134.7,489.1,683,204,465
3107936P,760.9,177.1,550.6,658,205,438
3107931P,218.0,34.9,172.6,208,53,153
3107940P,320.5,51.5,253.4,321,101,212
3107941P,558.0,105.0,428.0,513,140,367
3107935P,1074.8,282.9,749.4,708,248,450
3107943P,463.6,145.5,289.1,605,220,372
310811P,247.0,34.0,203.0,183,27,154
310812P,503.0,92.0,386.0,392,120,269
310813P,532.0,68.0,421.0,472,104,359
310814P,199.4,26.3,167.0,180,40,139
310818P,323.3,52.4,261.5,353,118,229
311219P,113.2,14.9,93.4,88,18,65
310819P,617.1,147.4,427.3,693,210,467
310816P,283.5,33.5,236.5,275,64,207
3108110P,538.1,107.1,399.2,616,192,423
3108111P,799.9,175.7,571.0,836,214,611
310817P,324.5,39.7,275.1,325,85,236
311218P,229.0,33.0,188.0,194,54,137
3112113P,103.0,15.0,83.0,53,9,43
310815P,561.0,102.0,436.0,461,158,295
3112112P,422.0,103.0,305.0,320,104,216
310851P,167.3,5.6,159.5,173,27,145
310852P,187.8,7.3,178.3,189,24,159
310853P,155.9,17.0,134.2,191,34,157
310871P,343.0,36.0,290.0,322,65,251
310872P,172.0,15.0,144.0,177,47,126
310874P,583.0,61.0,499.0,514,130,375
310875P,363.0,49.0,299.0,360,104,249
310891P,211.0,22.0,171.0,232,69,159
310892P,575.1,53.0,511.0,563,108,437
310893P,498.0,41.0,449.0,489,67,415
310894P,185.0,23.0,157.0,174,42,129
310895P,328.0,13.0,307.0,332,64,258
310896P,170.0,22.0,139.0,155,45,99
310897P,491.0,55.0,413.0,480,139,330
310898P,493.0,41.0,428.0,459,88,366
310899P,635.0,87.0,523.0,592,157,421
3108910P,494.0,69.0,404.0,514,117,386
3108911P,449.0,47.0,392.0,413,65,340
3108913P,263.0,33.0,215.0,269,71,190
3108912P,282.0,25.0,245.0,282,57,216
310911P,414.0,40.0,355.0,438,75,355
310931P,271.0,41.0,220.0,276,92,172
310932P,132.0,15.0,114.0,138,39,96
310933P,261.0,50.0,204.0,275,118,148
310934P,691.0,137.0,523.0,679,235,432
310935P,583.0,104.0,455.0,582,249,329
310936P,214.0,45.0,160.0,234,77,155
310937P,415.0,93.0,296.0,424,153,260
310938P,391.0,59.0,312.0,378,120,255
310951P,385.9,111.7,246.9,420,182,229
310954P,427.8,117.3,276.3,467,189,270
310953P,441.4,97.5,314.3,486,176,296
310952P,233.9,69.5,153.5,292,148,137
310957P,318.0,59.0,236.0,311,118,193
310955P,204.0,38.0,154.0,211,80,129
310958P,259.5,44.4,203.5,214,76,134
3109510P,328.5,70.6,240.5,397,156,240
310959P,419.0,135.0,273.0,438,209,222
310956P,430.0,94.0,301.0,452,186,253
310971P,589.0,155.0,382.0,606,270,321
310973P,277.0,61.0,188.0,288,117,166
310974P,97.0,24.0,70.0,119,57,60
310975P,265.9,73.2,174.0,298,149,148
310977P,665.2,209.8,415.0,623,268,341
310978P,168.0,40.0,126.0,164,53,106
310991P,300.1,52.8,236.0,284,92,188
310992P,120.8,21.2,95.0,126,28,96
310993P,103.0,12.0,86.0,101,22,78
310995P,240.0,33.0,191.0,225,55,166
3109912P,87.0,11.0,71.0,83,25,58
3109914P,449.0,100.0,317.0,445,167,270
3109915P,528.0,102.0,398.0,511,148,354
310996P,85.0,8.0,65.0,94,22,72
310998P,243.0,15.0,224.0,208,27,178
3109913P,394.0,99.0,275.0,382,126,250
310997P,485.0,73.0,383.0,435,103,326
3109911P,220.0,23.0,190.0,252,61,188
311011P,210.0,46.0,163.0,181,50,128
311012P,180.0,28.0,151.0,173,41,130
311013P,488.0,42.0,416.0,489,106,376
311014P,376.0,41.0,317.0,390,87,299
311016P,137.0,15.0,118.0,132,19,113
3110110P,384.9,77.5,283.4,406,127,274
311019P,502.5,79.4,392.2,458,114,338
3110112P,370.0,53.0,300.0,362,89,270
311015P,242.9,34.0,201.9,247,57,189
311017P,207.1,29.0,172.1,212,49,162
311018P,566.6,80.0,455.4,627,157,462
3110111P,330.0,46.0,265.0,282,78,201
311032P,113.5,8.1,101.0,127,24,100
311031P,67.5,4.8,60.0,78,17,60
311033P,217.0,23.0,187.0,183,48,135
311034P,119.0,4.0,112.0,145,26,114
311051P,159.0,22.0,126.0,161,35,125
311052P,334.4,33.0,283.5,345,77,263
311054P,363.0,49.0,294.0,396,97,294
311055P,578.6,101.0,438.5,690,182,499
311053P,220.9,25.0,188.0,217,48,165
311071P,671.0,110.0,533.0,689,216,453
311072P,707.0,123.0,558.0,711,206,494
311073P,888.0,124.0,725.0,756,174,562
311074P,157.0,26.0,124.0,218,78,132
311076P,330.0,64.0,257.0,356,125,221
311077P,562.9,88.0,446.0,566,185,367
311078P,518.0,75.0,430.0,517,130,385
311075P,240.0,110.0,115.0,257,141,114
311111P,856.0,119.0,693.0,935,233,678
311112P,849.0,100.0,710.0,865,198,641
311113P,318.0,25.0,290.0,387,76,310
311115P,944.0,96.0,810.0,840,201,615
311117P,420.0,59.0,342.0,428,98,326
311119P,551.0,70.0,461.0,539,146,383
3111113P,162.0,10.0,152.0,155,22,132
3111114P,361.0,48.0,295.0,352,112,235
3111117P,1170.0,158.0,962.0,1050,238,790
3111120P,445.0,102.0,308.0,546,215,327
3111122P,725.0,163.0,513.0,829,311,496
3111127P,623.0,162.0,411.0,651,248,392
3111128P,408.0,81.0,300.0,483,203,264
3111130P,555.6,118.6,408.2,504,182,308
3111129P,428.4,91.4,314.7,501,195,286
3111131P,763.0,167.0,543.0,767,265,491
3111133P,897.0,199.0,660.0,839,251,570
3111136P,569.4,122.7,405.5,608,210,384
3111135P,479.6,103.3,341.5,525,184,328
3111140P,377.0,56.0,305.0,377,98,276
3111141P,450.0,71.0,344.0,511,192,301
3111116P,587.0,81.0,483.0,558,136,421
3111121P,329.0,70.0,232.0,450,153,285
3111119P,566.0,135.0,391.0,547,188,351
3111134P,690.6,175.1,493.0,625,248,361
3111125P,567.3,143.9,405.0,510,198,304
3111132P,803.0,186.0,591.0,816,245,562
311131P,451.0,32.0,400.0,415,81,327
311151P,382.0,48.0,323.0,391,86,302
311171P,286.0,14.0,257.0,293,45,240
311191P,1066.8,203.9,802.0,1044,295,740
3111913P,655.0,95.0,536.0,641,140,494
311192P,693.6,159.2,489.0,517,181,329
311193P,528.9,121.5,373.0,698,187,505
311198P,584.2,154.0,380.7,644,218,415
3111911P,624.9,149.2,433.9,664,218,433
311197P,596.6,142.4,403.2,518,180,325
311199P,628.8,133.3,453.4,734,271,456
311196P,1071.4,198.7,816.0,1169,324,825
3111920P,242.0,34.0,196.0,203,52,148
3111914P,557.0,72.0,479.0,532,107,420
3111912P,580.5,154.3,385.7,482,208,263
3111910P,566.6,142.4,386.7,614,208,401
311194P,1479.8,260.4,1156.7,1412,410,993
311195P,998.9,175.8,774.6,946,282,657
3111923P,490.9,79.0,386.0,467,131,327
3111915P,553.0,88.0,430.0,502,140,343
3111919P,852.0,103.0,701.0,787,202,567
3111922P,231.0,8.0,217.0,235,27,204
3111916P,278.0,34.0,222.0,290,88,196
3111921P,213.3,10.8,198.5,229,35,190
3111925P,284.3,85.1,181.1,347,117,223
3111926P,356.4,107.1,226.4,326,121,201
311211P,279.0,22.0,233.0,240,77,158
311212P,174.0,29.0,139.0,184,54,121
311213P,93.0,13.0,76.0,79,14,65
311214P,124.0,19.0,99.0,93,26,66
311215P,309.0,60.0,230.0,326,109,210
311216P,131.0,16.0,106.0,121,35,84
3112110P,215.0,21.0,187.0,178,35,139
3112111P,245.0,31.0,205.0,258,74,183
3112115P,605.0,103.0,471.0,667,186,476
311217P,48.0,6.0,38.0,36,13,22
3112114P,631.0,116.0,472.0,580,178,390
311231P,351.0,53.0,283.0,393,100,282
311232P,77.0,4.0,72.0,78,5,71
311233P,39.0,0.0,39.0,57,9,47
311234P,462.0,56.0,386.0,505,122,373
311235P,243.0,29.0,208.0,249,54,185
311236P,170.0,12.0,145.0,216,63,141
311237P,344.0,51.0,276.0,351,93,253
311238P,66.0,13.0,48.0,77,9,66
311239P,432.0,66.0,345.0,418,102,307
311251P,158.0,23.0,122.0,185,72,108
311252P,316.0,46.0,261.0,305,76,224
311253P,235.0,35.0,199.0,241,71,168
311254P,508.0,110.0,377.0,543,180,351
311257P,197.3,38.5,148.7,209,76,125
311258P,189.7,28.5,153.3,219,74,140
311271P,133.0,35.0,91.0,190,71,113
311273P,304.0,82.0,206.0,313,110,183
311279P,372.1,117.2,236.8,431,166,255
311275P,242.0,74.0,154.0,257,96,156
311274P,512.0,102.0,371.0,531,182,337
3112712P,477.9,112.7,331.2,568,182,382
311278P,150.0,26.0,118.0,164,57,103
3112710P,440.0,128.0,278.0,486,189,291
3112711P,477.0,108.0,330.0,513,187,314
311291P,272.0,45.0,212.0,286,88,188
311292P,469.1,63.0,391.0,464,126,327
311293P,171.0,26.0,138.0,166,49,108
311294P,386.0,74.0,284.0,343,105,230
311295P,153.0,18.0,131.0,174,49,123
311296P,109.0,14.0,84.0,103,29,71
311297P,321.0,61.0,249.0,378,123,249
311298P,306.0,52.0,237.0,295,88,202
311311P,936.0,313.0,568.0,815,348,454
311312P,428.0,141.0,247.0,440,214,222
311313P,302.9,80.7,208.3,318,133,180
311317P,321.9,76.9,227.1,402,112,283
311316P,442.0,75.0,333.0,383,118,255
311319P,394.0,107.0,261.0,417,182,230
3113115P,360.1,92.4,249.3,407,181,222
3113119P,372.0,110.7,244.8,397,155,231
3113118P,535.7,151.1,357.5,467,170,287
3113116P,216.9,55.4,148.7,179,94,80
3113117P,568.7,148.6,388.5,548,228,318
3113114P,436.5,114.1,299.4,414,189,215
3113113P,342.4,99.1,226.4,342,150,186
3113110P,594.6,180.7,375.4,577,243,322
311315P,688.4,209.3,434.6,629,268,354
3113111P,377.9,70.0,291.0,333,130,194
311332P,247.0,52.0,186.0,237,70,152
311334P,208.0,29.0,169.0,229,73,152
311335P,190.0,24.0,160.0,206,57,147
3113313P,358.0,93.0,241.0,271,104,160
3113314P,315.0,81.0,218.0,437,179,248
311351P,416.5,44.3,356.0,236,34,194
311352P,486.1,57.2,410.9,598,141,454
311353P,534.4,59.4,450.1,583,135,444
311371P,169.0,14.0,137.0,122,26,94
311373P,173.0,19.0,138.0,128,19,108
311374P,155.0,27.0,122.0,152,39,112
311375P,206.0,13.0,190.0,186,26,159
311376P,287.0,20.0,262.0,270,34,236
311377P,271.0,9.0,258.0,262,43,215
311378P,311.0,22.0,283.0,287,56,227
3113716P,718.0,86.0,597.0,767,196,566
311379P,151.0,14.0,129.0,111,22,85
3113712P,413.0,72.0,331.0,390,129,253
3113713P,555.0,77.0,445.0,474,121,344
3113714P,583.0,97.0,452.0,652,174,468
3113715P,637.0,102.0,505.0,664,165,493
311391P,735.9,104.0,598.0,746,235,490
311392P,842.0,69.0,741.0,715,129,576
311395P,756.0,55.0,682.0,686,137,537
311396P,412.0,32.0,362.0,344,70,271
311397P,834.0,122.0,669.0,730,212,511
311411P,211.0,21.0,184.0,187,42,141
311413P,305.0,11.0,284.0,252,46,205
311414P,68.0,3.0,64.0,70,8,61
311415P,337.0,53.0,273.0,309,79,226
311417P,561.0,63.0,488.0,483,72,405
3114110P,221.0,26.0,193.0,177,31,144
3114130P,822.0,138.0,658.0,677,152,521
311416P,349.0,49.0,293.0,327,91,226
3114120P,828.0,153.0,647.0,563,188,364
3114126P,512.0,127.0,360.0,452,159,282
311419P,361.0,41.0,302.0,356,92,255
3114111P,339.0,23.0,307.0,296,41,240
3114113P,209.0,10.0,196.0,203,39,162
3114112P,446.0,61.0,374.0,453,104,340
3114115P,261.0,29.0,224.0,235,47,183
3114116P,497.0,79.0,400.0,503,133,365
3114118P,778.0,124.0,624.0,563,141,420
3114119P,471.0,131.0,313.0,665,201,460
3114121P,555.0,136.0,400.0,507,155,348
3114124P,314.0,73.0,213.0,324,151,171
3114125P,500.0,104.0,365.0,499,170,322
3114128P,490.0,131.0,313.0,556,207,337
3114122P,731.0,166.0,538.0,652,183,467
3114123P,437.0,96.0,328.0,447,141,297
3114127P,629.0,111.0,492.0,564,164,391
3114129P,737.0,174.0,522.0,695,217,463
3114141P,539.0,116.0,398.0,536,180,340
3114142P,479.0,138.0,310.0,537,183,350
3114143P,768.0,153.0,593.0,740,201,528
3114144P,437.0,106.0,309.0,550,178,359
311432P,241.0,34.0,198.0,216,83,130
311434P,348.0,62.0,267.0,367,93,268
311435P,439.0,64.0,359.0,435,97,327
311436P,572.0,113.0,436.0,564,190,360
311438P,422.0,59.0,350.0,429,75,351
311439P,527.0,81.0,418.0,521,130,386
311451P,425.3,40.5,370.7,387,64,315
311458P,487.0,56.0,408.0,472,116,349
311452P,216.4,14.4,196.3,209,42,159
311453P,355.6,23.6,322.7,320,67,252
311454P,250.0,16.0,221.0,227,32,191
311455P,251.0,29.0,212.0,230,43,181
311456P,172.0,14.0,155.0,199,25,174
3114510P,479.0,67.0,380.0,483,145,329
3114512P,391.0,64.0,308.0,378,103,268
3114514P,402.0,68.0,314.0,381,111,261
3114517P,356.0,58.0,286.0,340,106,231
3114515P,144.9,19.8,119.3,167,24,142
3114516P,355.8,48.7,292.9,406,133,266
311459P,384.0,73.0,299.0,400,85,310
3114511P,450.0,53.0,373.0,429,120,307
311471P,208.0,34.0,165.0,221,69,143
311472P,186.0,43.0,134.0,235,85,142
311473P,213.0,40.0,164.0,200,58,138
311477P,93.0,11.0,75.0,103,37,62
3114714P,368.7,94.6,256.6,374,161,208
3114715P,533.9,121.5,383.0,591,242,339
311478P,279.0,26.7,242.2,270,66,199
3114718P,308.0,104.3,188.8,321,172,141
311474P,111.0,22.0,80.0,114,57,54
3114712P,495.4,119.9,354.3,521,211,301
311475P,195.0,34.0,147.0,200,64,131
311476P,158.0,20.0,128.0,178,65,101
311479P,228.0,56.0,164.0,217,77,139
3114710P,194.0,45.0,141.0,186,63,118
3114711P,202.0,46.0,146.0,218,86,126
311493P,149.4,13.2,129.3,167,23,136
311494P,52.9,4.7,45.7,53,5,48
311492P,332.1,29.3,287.3,293,54,231
311491P,210.1,18.5,181.8,211,50,156
311495P,49.6,4.4,42.9,77,7,69
311511P,351.0,80.0,252.0,375,143,226
311512P,358.0,75.0,261.0,363,121,238
311513P,521.1,155.0,338.0,571,262,294
311515P,408.0,124.9,265.7,379,202,165
3115115P,628.1,295.8,287.5,733,406,312
311516P,178.0,59.0,108.0,177,81,85
311517P,237.0,54.0,166.0,234,130,98
3115112P,383.0,105.0,247.0,422,224,182
3115110P,517.0,158.0,329.0,481,267,209
3115114P,428.9,210.0,186.5,609,332,267
3115111P,423.0,104.0,292.0,396,217,171
3115113P,640.0,312.2,271.4,483,289,187
311553P,718.0,163.0,509.0,665,266,383
311554P,1033.0,251.0,759.0,993,356,632
311554W,600.8,174.7,388.3,614,252,350
31155W5,770.4,186.2,542.7,607,234,359
311559P,423.0,93.0,306.0,443,161,274
3115512P,445.0,61.0,352.0,544,167,367
31155W1,540.0,177.0,319.0,471,174,282
311556P,469.0,84.0,360.0,458,188,259
311557P,308.0,60.0,232.0,271,87,181
311558P,327.0,63.0,238.0,335,109,220
31155W2,556.0,159.0,354.0,542,203,326
3115510P,524.5,99.9,391.7,482,142,330
3115531P,306.2,58.3,228.7,294,113,175
3115530P,319.3,60.8,238.5,306,117,183
3115518P,717.0,184.0,492.0,564,164,390
3115511P,427.0,76.0,325.0,410,141,257
3115514P,718.0,180.0,512.0,689,294,375
3115515P,871.0,226.0,588.0,804,333,460
31155W3,616.7,166.2,419.0,667,266,385
311571P,198.0,22.0,163.0,190,42,144
311572P,144.0,17.0,121.0,122,34,87
311573P,470.9,74.0,387.0,511,138,368
3115713P,187.0,38.0,144.0,176,53,120
311574P,316.0,61.0,238.0,324,100,218
311575P,588.2,61.1,505.0,563,109,441
311577P,280.0,41.0,228.0,258,63,192
3115716P,245.0,37.0,194.0,229,54,171
3115730P,629.0,113.0,489.0,686,183,488
311576P,263.8,34.8,221.0,234,70,163
3115714P,337.0,51.0,270.0,350,129,217
311578P,326.0,44.0,266.0,365,83,274
311579P,959.0,188.0,714.0,915,259,644
3115710P,894.0,194.0,644.0,892,302,581
3115712P,856.0,173.0,635.0,1056,321,717
3115711P,560.0,136.0,382.0,595,215,371
3115715P,289.0,79.0,197.0,308,130,165
3115719P,444.0,81.0,332.0,454,113,335
3115727P,655.0,185.0,423.0,616,225,379
3115723P,435.0,203.0,200.0,519,261,249
3115717P,334.0,94.0,233.0,335,97,233
3115718P,325.0,50.0,264.0,384,96,285
3115720P,74.0,9.0,64.0,92,20,71
3115722P,841.0,286.0,504.0,884,341,534
3115721P,926.0,181.0,694.0,964,263,691
3115726P,554.0,168.0,332.0,603,242,352
3115724P,272.0,140.0,97.0,306,189,113
3115725P,633.0,160.0,432.0,643,269,360
3115728P,693.0,202.0,447.0,678,188,476
3115729P,363.0,84.0,256.0,435,156,269
311591P,313.0,72.0,223.0,309,131,170
311592P,203.0,31.0,156.0,227,78,145
311593P,611.0,159.0,420.0,570,241,312
311594P,502.0,84.0,381.0,494,193,287
311596P,417.0,104.0,299.1,399,138,254
3115914P,661.4,200.1,413.7,631,255,368
311597P,314.0,51.0,243.0,345,101,233
311598P,183.9,44.0,131.9,229,82,140
311599P,253.0,50.0,196.0,259,87,166
3115910P,226.0,49.0,168.0,232,82,146
3115912P,628.0,122.0,466.0,603,203,388
3115917P,457.0,83.0,349.0,391,114,271
3115911P,205.1,39.3,156.4,211,62,146
3115918P,404.9,77.7,308.7,416,121,289
3115916P,898.0,251.0,607.0,897,305,576
3115913P,1024.6,333.9,649.3,851,340,493
3115915P,448.0,124.0,286.0,441,170,263
311611P,494.0,54.0,422.0,448,92,342
311612P,392.0,46.0,334.0,331,50,278
311613P,148.3,5.2,139.6,126,20,104
311615P,459.8,47.8,382.4,452,71,366
311614P,297.0,45.0,243.0,300,87,208
311616P,409.0,64.0,340.0,416,95,314
311617P,187.0,18.0,167.0,188,23,158
311618P,199.0,7.0,183.0,188,16,171
311631P,184.0,48.0,128.0,168,65,100
311632P,319.0,106.0,200.0,322,153,156
311633P,227.0,35.0,177.0,216,104,106
311634P,338.0,44.0,275.0,346,66,279
311635P,268.0,61.0,199.0,281,128,150
311636P,226.0,46.0,171.0,235,69,159
3116500001P,446.4,56.8,367.7,441,77,356
3116500003P,282.7,24.2,248.3,291,40,247
311671P,726.7,117.5,565.9,714,181,521
311672P,183.3,37.5,129.1,162,51,109
311673P,118.0,17.0,93.0,87,17,69
311676P,164.0,24.0,129.0,102,21,80
3116711P,73.0,9.0,59.0,45,11,34
3116712P,78.0,16.0,60.0,67,28,38
311677P,368.0,57.0,294.0,388,104,280
311678P,327.0,50.0,266.0,323,77,240
3116716P,87.0,17.0,65.0,46,9,37
3116715P,111.0,8.0,101.0,69,21,45
311674P,278.0,37.0,216.0,270,88,177
3116714P,59.0,7.0,51.0,35,9,25
311679P,44.0,2.0,41.0,48,11,37
3116710P,59.0,8.0,43.0,56,15,41
3116713P,86.0,10.0,74.0,70,21,48
311691P,364.0,64.0,288.0,379,114,259
3116913P,501.0,99.0,369.0,473,174,295
311692P,297.0,55.0,215.0,281,99,176
311694P,215.0,53.0,152.0,208,96,106
311697P,464.0,85.0,353.0,490,148,336
311698P,393.0,39.0,348.0,375,82,285
3116914P,450.0,104.0,326.0,447,147,292
311711P,387.0,30.0,344.0,390,51,331
311731P,114.0,26.0,77.0,103,35,66
311732P,132.0,19.0,104.0,162,56,104
311733P,60.0,9.0,51.0,69,20,48
311734P,641.0,128.0,492.0,624,187,424
311735P,43.0,2.0,40.0,47,7,38
311736P,115.0,21.0,88.0,128,49,73
311737P,244.0,218.0,19.0,242,211,29
311739P,414.0,325.0,55.0,425,340,81
311738P,304.0,171.0,117.0,326,215,109
311751P,361.1,45.1,309.6,379,107,260
311753P,310.0,45.0,259.0,319,67,247
311754P,307.0,42.0,253.0,370,100,267
311758P,264.5,33.6,214.0,321,110,200
311755P,291.8,42.9,242.4,332,92,237
311756P,327.0,55.0,262.0,350,107,237
311757P,322.5,75.4,240.0,345,123,209
3115354P,53.1,25.6,24.0,61,38,23
3115389P,391.2,189.9,176.0,301,167,129
3115361P,472.1,219.9,218.7,641,356,276
3115365P,503.0,218.8,248.1,611,268,329
3115396P,679.7,245.0,365.3,707,333,356
3115374P,562.9,202.5,300.7,684,315,359
3115373P,517.1,187.0,280.2,675,313,353
3115386P,582.1,177.6,362.0,379,156,216
3115387P,631.0,196.2,387.9,501,169,324
3115393P,951.0,310.7,566.7,1342,522,810
3115383P,567.4,182.7,336.0,414,156,250
3115370P,1787.5,595.5,1041.8,862,318,526
3115356P,1322.8,540.2,696.3,1352,622,711
3115378P,660.1,242.2,373.7,627,224,398
3115379P,954.8,350.3,540.5,1045,433,604
3115346P,442.9,182.5,229.3,409,211,189
3115344P,550.3,226.7,284.8,626,294,322
3115345P,484.8,199.8,250.9,470,239,225
3115340P,2498.9,879.6,1452.1,1594,597,982
3115347P,897.9,334.3,504.7,891,410,465
3115350P,386.3,162.1,197.1,334,164,159
3115349P,729.1,284.4,400.0,768,362,385
3115352P,587.0,260.7,280.9,278,128,148
3115359P,795.6,342.8,405.2,671,326,334
3115371P,1539.2,544.0,880.8,721,299,412
3115367P,178.0,62.4,103.0,453,157,288
3115380P,529.6,196.0,296.6,677,271,397
3115377P,877.6,305.5,499.5,912,405,489
3115358P,622.5,252.4,327.3,441,160,272
3115368P,679.3,263.5,351.9,908,426,469
3115364P,1322.6,444.3,791.8,1763,585,1151
3115369P,413.4,149.6,231.9,149,65,83
3115394P,891.5,333.5,471.1,295,130,164
3115321P,1161.9,389.1,693.6,663,270,388
3115388P,2553.2,833.1,1549.6,1603,633,949
3115366P,1149.8,404.3,649.6,676,274,398
3115382P,686.6,228.1,397.9,1277,469,796
3115355P,1015.6,380.5,555.2,862,361,485
3115353P,597.5,221.6,328.3,488,249,234
3115315P,1910.5,738.6,1036.3,1199,608,581
31153100P,1196.3,470.5,643.4,1203,437,746
3115399P,927.7,340.1,524.8,645,265,371
3115316P,506.0,175.5,294.7,237,83,151
3115317P,901.3,349.6,484.2,855,395,446
3115337P,628.6,263.0,321.5,538,278,251
3115338P,445.2,186.2,223.8,402,189,203
3115343P,403.3,165.1,204.7,339,208,124
3115342P,641.6,248.5,344.0,609,303,289
3115341P,622.6,254.9,316.0,634,311,315
3115339P,716.7,268.6,396.0,751,341,397
3115319P,1376.3,442.8,872.3,667,270,394
3115322P,513.3,168.8,305.7,519,208,305
3115335P,1093.2,385.1,645.9,769,253,509
3115320P,963.4,348.1,553.6,1336,442,880
3115332P,665.2,249.5,366.0,808,301,501
3115334P,770.4,271.8,440.4,738,273,456
31153104P,1010.0,331.5,602.9,1013,369,623
3115324P,662.2,221.4,390.5,663,249,404
3115331P,458.5,158.2,265.6,563,211,345
3115397P,624.6,213.3,363.9,643,245,388
3115328P,1185.3,415.1,688.9,1074,402,663
3115326P,727.6,256.0,416.6,780,359,407
311534P,740.8,187.4,515.5,647,191,443
311531P,2451.4,804.7,1517.5,1350,470,870
3115390P,2221.9,657.2,1444.3,1568,506,1047
3115314P,659.8,241.8,366.9,529,240,282
3115392P,1429.1,386.9,970.0,916,309,597
311535P,886.4,258.2,576.6,846,260,577
311536P,776.0,217.0,490.0,655,261,386
3115313P,1446.5,526.6,805.3,1348,586,734
3115395P,992.7,387.1,528.1,1052,452,588
3115362P,490.7,187.1,268.7,575,275,295
3115391P,1031.7,281.4,700.6,774,256,511
31153102P,1512.6,533.2,890.4,965,430,529
31153103P,2837.9,1092.5,1555.5,1971,873,1082
31153101P,752.4,296.6,405.3,865,328,526
311539P,713.1,278.8,387.3,545,257,278
311538P,507.0,198.2,275.3,568,274,284
311537P,1237.4,440.5,719.8,816,434,369
3115310P,564.9,208.5,321.8,588,262,318
3115311P,871.0,321.5,496.2,800,336,450
3115312P,662.1,247.7,363.6,636,311,319
311532P,1246.0,335.0,820.0,965,359,591
3115372P,919.6,372.8,463.7,891,397,480
311533P,1116.0,356.0,675.0,1074,416,635
3115381P,730.1,273.5,407.5,709,290,400
3115384P,719.8,255.5,425.2,1000,362,628
310019P,322.0,41.0,271.0,324,105,214
3100110P,169.0,23.0,135.0,156,45,110
310016P,165.1,39.1,118.9,90,18,68
310011W,736.0,180.0,491.0,655,256,385
3100110W,518.7,196.2,301.2,520,248,263
3100113W,1160.3,287.6,814.9,975,311,661
310019W,497.0,157.4,304.8,496,196,291
310014P,344.1,38.5,300.5,320,78,238
310015P,618.0,102.0,491.0,615,153,453
3100112W,163.3,52.7,108.1,228,91,136
3100111W,635.0,186.4,399.6,650,267,368
310015W,106.0,27.7,72.6,93,38,55
310017W,540.0,140.0,379.0,586,217,358
310018W,846.6,225.3,567.9,854,294,550
3100115W,668.0,211.0,420.0,722,288,419
3100114W,493.0,182.0,287.0,495,234,252
3100117W,853.0,246.0,574.0,868,326,527
3100116W,309.0,113.0,169.0,363,166,189
310013W,426.8,152.8,256.1,462,236,220
310011P,623.0,62.0,535.0,602,136,452
310012P,145.0,19.0,121.0,132,19,111
310017P,191.0,25.0,158.0,178,38,137
310012W,571.0,145.0,378.0,576,243,314
310013P,479.0,71.0,388.0,482,150,328
310018P,247.0,18.0,221.0,266,52,208
310016W,929.0,220.0,656.0,850,256,585
310012E,538.0,140.3,368.4,595,224,360
310536P,490.0,127.0,340.0,461,208,249
3105574P,294.4,112.9,163.5,269,100,169
3105511P,1107.3,428.4,598.8,943,379,556
3105542P,501.1,189.4,284.5,359,177,181
31055112P,696.9,266.6,391.1,728,284,437
31055481P,751.2,286.2,424.2,589,212,372
3105577P,1044.3,376.0,615.8,1017,338,669
3105521P,954.2,368.5,518.6,897,359,529
31055454P,1795.1,678.5,1000.6,1115,482,627
31055455P,788.9,299.5,444.6,785,307,469
31055448P,1083.8,279.6,759.6,746,325,410
31055447P,645.5,162.9,455.9,663,189,472
31055446P,1213.4,296.9,848.7,696,193,497
31055425P,2105.4,779.9,1205.1,982,416,560
31055451P,1197.2,277.2,867.5,707,196,503
3105541P,279.9,83.2,183.6,179,56,123
3105557P,700.4,213.8,439.9,661,242,410
31055450P,1100.8,333.5,716.9,564,198,363
3105550P,504.3,154.6,320.7,525,148,368
3105529P,654.6,230.5,398.9,486,219,262
3105533P,1012.9,316.0,632.4,459,214,241
31055386P,0.0,0.0,0.0,0,0,0
31055461P,2119.8,705.2,1304.8,1113,390,714
3105561P,840.9,258.2,537.5,791,291,491
31055457P,637.3,186.7,418.1,646,188,455
31055458P,750.3,220.1,492.6,703,227,469
31055478P,1508.6,515.3,931.8,874,321,547
31055460P,764.4,232.7,498.2,369,136,230
31055459P,812.3,242.5,538.2,700,224,470
3105562P,830.3,242.9,558.5,677,159,514
31055523P,694.2,218.1,436.7,737,261,469
31055477P,941.2,306.0,587.8,851,273,572
31055479P,1076.7,334.4,706.5,733,195,533
31055113P,1227.1,437.6,738.7,816,346,462
31055453P,1800.7,531.2,1187.7,935,303,625
31055107P,773.6,253.0,476.6,835,295,532
31055162P,576.0,210.7,334.8,652,262,384
31055158P,653.5,246.1,373.9,663,265,391
31055110P,738.2,258.9,438.4,737,307,420
31055108P,664.2,269.5,353.7,626,257,358
31055115P,695.9,260.1,400.6,675,277,393
31055134P,618.9,218.0,374.2,711,237,471
31055143P,625.3,237.5,352.5,589,284,295
3105573P,854.7,344.5,460.2,820,403,408
3105580P,826.1,297.0,487.1,809,321,485
31055521P,437.6,169.8,241.7,427,210,215
31055111P,731.2,267.7,415.2,676,264,407
31055114P,524.9,189.0,300.4,576,164,405
31055156P,970.1,368.4,548.4,999,423,567
3105564P,761.6,283.5,437.8,647,283,356
31055155P,795.9,291.2,453.1,730,306,416
31055522P,546.1,199.8,310.9,567,212,349
3105512P,275.3,108.2,152.3,334,125,206
3105554P,545.1,224.0,288.8,602,296,294
31055100P,704.3,244.9,413.9,767,255,507
3105599P,646.0,220.9,390.3,655,247,405
3105591P,860.6,332.1,487.5,932,319,610
31055484P,706.9,268.0,404.7,660,249,407
3105592P,826.5,325.8,461.9,930,371,550
31055103P,948.8,372.8,529.0,935,406,517
31055102P,741.3,310.1,392.4,758,370,373
3105528P,449.4,211.8,214.0,623,261,357
3105544P,65.6,27.6,33.1,168,57,109
31055105P,768.4,331.7,389.3,782,355,415
31055179P,886.0,345.4,486.8,887,357,519
31055476P,712.0,277.6,391.2,781,259,517
31055475P,801.8,293.7,468.1,874,282,590
31055474P,980.2,405.3,521.9,782,420,353
31055486P,859.9,340.3,477.9,918,384,522
3105517P,847.8,341.5,460.5,811,333,472
3105518P,709.3,277.2,400.5,831,343,475
3105532P,582.6,209.0,339.0,553,210,341
3105531P,560.1,230.7,295.9,570,219,348
31055487P,781.4,277.2,459.5,641,227,407
3105519P,620.9,243.4,342.9,631,261,361
31055488P,546.7,209.7,311.7,598,250,342
3105513P,546.4,209.9,310.9,607,250,352
3105535P,584.4,209.6,340.0,580,246,333
31055463P,1137.4,477.5,585.1,643,342,295
31055166P,497.0,181.0,281.9,388,175,210
31055165P,443.8,155.4,268.7,446,161,278
3105588P,435.2,156.2,248.1,350,95,255
3105520P,268.2,94.0,162.4,271,72,196
31055172P,667.0,233.6,403.9,673,204,464
31055267P,813.9,363.5,415.3,923,405,512
31055268P,621.6,259.3,337.5,718,286,429
31055485P,428.9,147.7,261.2,453,154,294
31055159P,722.8,287.6,387.0,876,363,505
3105536P,484.6,200.3,252.8,445,237,199
31055109P,565.7,234.2,291.3,586,259,319
31055157P,447.4,186.7,228.5,477,235,234
31055144P,632.4,269.7,322.8,735,331,397
31055122P,654.1,283.2,333.7,645,303,335
31055125P,686.4,261.6,390.3,661,264,393
31055132P,526.1,196.9,300.0,644,210,429
31055136P,753.5,340.4,352.5,726,385,327
31055129P,866.3,339.2,496.9,957,389,566
31055128P,674.7,267.3,373.9,802,373,423
31055145P,406.0,199.1,179.1,567,283,275
31055127P,556.0,266.3,251.7,540,282,250
31055126P,445.8,179.2,236.8,556,241,307
3105563P,345.7,170.2,155.3,474,255,213
31055140P,591.6,266.1,273.2,583,316,256
31055123P,1006.3,462.4,447.2,809,439,355
31055203P,668.1,264.9,364.7,789,325,456
31055141P,441.7,181.1,231.6,520,207,304
31055142P,633.6,259.8,332.3,586,271,306
3105579P,539.7,225.4,282.6,596,281,306
3105581P,776.6,314.7,417.2,805,374,419
3105526P,552.7,238.5,277.7,462,247,206
31055104P,582.5,260.8,286.0,454,214,236
3105560P,580.3,259.8,284.9,748,288,457
31055101P,608.2,249.2,328.7,672,280,381
3105597P,792.7,320.1,436.1,710,317,383
3105575P,598.0,262.8,294.3,637,322,305
3105598P,669.1,296.0,343.3,618,272,336
3105576P,587.9,260.0,301.7,737,273,458
3105516P,556.0,229.1,299.7,621,266,352
31055492P,468.0,192.9,252.3,469,231,232
3105565P,380.3,160.0,200.6,497,206,285
3105568P,574.5,241.6,303.0,415,203,207
3105566P,374.2,157.4,197.4,472,161,305
31055518P,440.9,204.8,210.4,489,206,275
31055519P,673.5,314.8,318.4,752,340,400
3105594P,766.7,350.5,379.3,847,330,511
3105596P,563.3,257.5,278.7,525,263,255
3105585P,610.5,327.7,255.2,627,301,321
3105572P,390.8,188.6,179.9,453,200,246
31055130P,600.3,282.6,286.7,553,260,284
31055131P,554.5,264.0,260.5,567,255,301
31055146P,685.7,310.8,324.0,630,317,296
31055139P,736.5,342.2,342.6,721,346,364
3105586P,662.5,342.4,288.3,706,300,403
3105546P,658.8,365.2,251.5,862,435,419
31055517P,441.6,259.5,152.6,406,234,167
31055243P,355.2,171.7,159.3,400,171,221
31055415P,991.9,504.8,411.0,817,497,304
31055228P,449.3,217.6,200.4,471,273,188
31055426.2P,107.5,44.2,57.5,111,55,54
31055222P,531.0,251.0,246.2,477,240,224
31055422P,515.9,233.9,251.1,612,306,289
31055219P,503.9,217.6,258.4,477,234,239
31055245P,525.2,242.3,252.6,579,285,281
31055420.2P,0.0,0.0,0.0,0,0,0
31055249P,565.3,283.8,247.0,560,343,211
31055247P,444.5,220.0,194.5,448,268,173
31055257P,478.1,342.5,113.0,462,361,96
31055224P,912.2,623.8,244.4,768,529,223
31055220P,793.4,470.2,280.5,742,449,271
31055227P,568.8,263.2,273.9,611,303,297
31055211P,712.1,391.0,272.8,785,483,294
31055226P,482.8,315.3,143.6,519,305,198
31055214P,524.4,251.3,242.0,601,304,287
31055239P,596.9,276.5,287.7,674,315,351
31055233P,606.6,349.1,212.8,456,252,192
31055215P,522.2,273.4,212.2,408,269,136
31055238P,552.4,358.9,154.4,558,374,176
31055274P,636.8,408.4,189.0,363,255,102
31055289P,498.4,299.4,169.9,652,377,261
31055288P,326.1,209.8,95.6,352,228,118
31055291P,535.5,311.2,193.2,613,325,282
31055402P,792.1,538.6,202.1,525,372,143
31055237P,335.7,199.2,110.5,364,218,136
31055234P,385.1,258.8,98.5,365,239,120
31055217P,420.3,291.7,107.3,459,284,166
31055232P,373.0,196.3,145.8,420,230,177
31055335P,469.8,351.1,98.2,150,88,60
31055265P,1466.9,994.9,381.5,1146,819,306
31055309P,629.3,564.0,46.1,854,804,47
31055275P,625.8,398.4,173.2,575,342,221
31055301P,607.3,396.1,166.7,504,336,157
31055250P,502.0,338.2,126.6,402,298,99
31055278P,660.6,456.7,151.4,401,301,92
31055253P,914.4,636.9,211.5,821,584,216
31055230P,453.5,236.6,180.5,622,302,308
31055290P,544.1,325.5,183.0,630,407,207
31055261P,1230.1,750.1,402.0,783,466,301
31055429P,607.1,360.0,207.1,727,454,256
31055255P,555.7,327.2,192.4,553,346,193
31055276P,789.9,452.3,287.8,777,388,374
31055259P,331.7,196.1,107.3,588,342,232
31055254P,903.3,571.9,275.9,739,456,277
31055431P,448.1,265.1,155.9,475,228,241
31055252P,915.8,582.3,275.3,890,586,286
31055287P,505.8,289.3,185.0,683,374,289
31055280P,480.1,313.0,143.4,454,281,167
31055260P,704.4,475.5,191.8,765,447,307
31055427P,541.2,305.0,203.1,614,388,218
31055277P,761.6,503.3,205.6,668,446,199
31055279P,828.6,481.9,295.3,742,421,307
31055262P,525.1,363.0,125.9,504,353,141
31055248P,881.4,598.4,219.2,633,461,156
31055264P,317.2,217.0,76.0,496,304,182
31055199P,690.3,285.7,374.2,630,277,348
31055202P,653.5,281.5,343.0,747,265,473
31055493P,937.1,398.4,504.6,948,345,600
3105582P,893.5,429.0,423.7,970,373,588
31055520P,745.4,393.0,322.2,644,292,342
3105587P,676.0,345.6,300.4,778,370,398
31055354P,448.5,262.5,166.6,550,239,307
31055312P,513.7,292.3,191.2,539,300,235
31055324P,830.2,456.5,335.1,747,415,324
31055514P,667.4,347.5,282.4,651,351,294
31055368P,431.7,221.8,186.0,489,254,231
31055505P,581.3,319.1,231.7,533,259,269
31055504P,556.8,283.7,251.8,693,296,388
31055506P,472.5,261.6,186.3,426,278,140
31055503P,592.7,291.4,282.8,658,316,339
31055163P,998.3,517.4,401.1,814,470,335
31055178P,298.3,152.6,120.4,384,202,179
31055192P,337.2,169.1,137.1,482,248,229
31055494P,390.6,216.1,153.1,316,172,141
31055266P,366.1,189.9,157.5,424,232,185
31055168P,718.4,335.8,342.6,775,353,413
31055491P,549.0,228.7,290.0,655,325,318
31055495P,357.7,161.0,175.9,394,196,191
31055184P,1462.7,755.4,609.5,1051,698,338
31055496P,0.0,0.0,0.0,0,0,0
31055186P,755.2,374.5,338.5,750,368,377
31055185P,531.6,256.0,238.8,693,311,374
31055183P,1080.7,539.5,450.7,1022,615,392
31055432P,555.1,395.3,120.1,552,379,166
31055433P,796.3,570.8,172.6,788,603,169
31055434P,529.4,382.6,115.1,599,378,212
31055326P,741.7,477.3,231.4,848,452,393
31055352P,394.7,267.0,98.4,500,332,163
31055329P,792.3,519.3,228.8,756,466,274
31055516P,444.8,298.2,116.0,605,436,162
31055512P,554.8,373.0,146.9,550,355,188
31055353P,472.4,325.4,106.6,315,237,76
31055513P,543.6,364.2,146.9,654,420,229
31055306P,511.5,377.7,106.8,541,424,109
31055307P,524.9,374.7,115.6,659,462,183
31055371P,241.2,174.9,51.8,232,175,54
31055308P,238.7,170.4,52.6,379,308,66
31055333P,593.1,397.3,156.4,732,508,216
31055305P,702.9,466.6,191.6,739,460,265
31055510P,821.8,524.0,246.5,791,510,271
31055359P,582.8,368.4,178.0,657,417,228
31055208P,597.0,288.0,275.0,622,341,269
31055311P,587.0,320.9,226.1,667,323,327
31055323P,416.4,230.1,153.5,388,235,146
31055325P,427.9,238.0,153.6,430,247,174
31055348P,477.5,261.8,177.3,546,319,211
31055374P,435.4,238.1,162.6,447,220,215
31055372P,385.4,209.2,146.3,439,244,186
31055369P,583.8,337.6,204.4,654,391,253
31055367P,501.4,318.3,153.6,640,375,253
31055169P,668.9,272.7,358.2,711,269,439
31055489P,1019.0,431.0,528.0,878,462,412
31055470P,1214.0,483.9,673.7,871,362,501
31055472P,1451.0,639.1,737.4,1115,532,572
31055473P,1626.4,669.2,866.5,802,401,390
31055270P,646.2,287.8,326.4,607,283,319
31055177P,806.7,376.4,373.5,842,440,390
31055174P,767.1,368.4,344.9,851,448,392
31055498P,497.7,234.8,227.9,459,254,199
31055176P,687.4,333.8,306.3,654,375,271
31055471P,2162.9,828.3,1232.4,927,403,513
31055161P,797.5,372.1,378.0,841,418,418
31055273P,719.1,346.6,323.9,940,416,513
31055269P,847.2,434.5,351.5,983,494,483
31055193P,321.2,167.0,132.2,477,239,230
31055173P,514.2,262.3,216.6,530,316,208
31055501P,874.9,427.2,395.7,876,485,388
31055500P,403.1,196.8,182.3,404,223,179
31055464P,1577.9,475.0,1025.4,886,339,535
31055445P,892.7,247.0,599.2,558,164,386
31055444,893.4,360.8,485.9,593,209,376
31055380P,879.0,252.0,585.0,676,235,435
31055465P,1255.6,448.8,754.7,814,258,554
31055507P,1412.0,813.2,518.9,1137,691,435
31055360P,486.1,280.1,181.3,523,290,226
31055361P,537.7,309.6,199.1,495,243,241
31055443P,1379.7,792.7,503.5,922,535,373
31055322P,691.6,393.0,271.6,764,449,306
31055205P,730.6,356.4,333.6,794,405,377
31055440P,372.6,157.3,195.4,403,140,257
31055438P,335.1,124.9,201.7,342,115,225
31055499P,1081.2,509.1,498.6,885,514,361
31055439P,0.0,0.0,0.0,0,0,0
31055525P,0.0,0.0,0.0,0,0,0
31055441P,0.6,0.3,0.3,0,0,0
31055511P,942.0,526.0,332.0,1041,626,384
31055182P,742.2,357.4,333.3,695,387,300
31055383P,496.8,224.4,235.3,489,245,237
31055181P,904.5,438.6,385.6,904,512,381
31055381P,627.2,299.3,289.1,788,341,437
31055375P,658.0,317.1,303.3,741,384,351
31055189P,599.9,259.5,290.0,615,328,275
31055271P,626.5,277.7,314.7,734,309,417
31055209P,510.3,227.5,258.7,562,225,328
31055317P,339.0,308.2,24.1,504,492,11
31055319P,417.7,360.5,47.4,556,541,13
31055318P,447.0,380.3,46.3,541,480,53
31055327P,462.4,373.0,67.2,591,530,56
31055315P,691.0,632.9,39.8,890,850,38
31055339P,311.3,275.3,25.3,500,470,28
31055342P,323.9,296.6,18.1,467,447,18
31055296P,516.8,432.4,62.7,613,546,63
31055343P,498.2,429.3,50.6,651,583,65
31055344P,441.5,388.5,34.9,575,551,22
31055341P,560.7,496.6,49.3,644,574,62
31055365P,495.0,398.2,78.3,707,600,99
31055299P,430.6,293.6,113.2,513,408,99
31055293P,387.0,273.4,98.1,432,359,69
31055373P,656.5,503.4,132.5,697,613,83
31055336P,390.9,326.0,50.5,518,465,50
31055435P,814.9,676.1,113.8,999,924,66
31055346P,457.6,404.5,39.5,607,583,23
31055316P,424.9,396.6,20.0,600,582,18
31055345P,502.3,426.2,63.3,645,608,31
31055292P,716.5,486.0,188.4,380,217,149
31055300P,220.5,152.1,55.8,385,291,90
31055340P,254.5,160.2,76.5,483,369,108
31055370P,417.0,284.4,107.7,479,352,117
31055298P,455.3,389.5,60.4,601,526,72
31055302P,362.8,289.2,57.0,540,481,56
31055303P,440.5,357.7,63.8,519,438,80
31055295P,443.0,333.3,86.2,506,377,126
31055294P,435.2,327.4,84.6,492,375,112
31055379P,501.1,338.3,137.9,516,374,141
31055364P,645.7,442.7,174.9,687,487,197
31055362P,892.2,577.8,278.1,806,497,297
31055358P,775.7,478.9,265.4,984,578,388
31055320P,447.3,246.8,178.8,499,243,248
31055509P,47.0,14.9,30.3,42,24,17
31055328P,405.7,276.6,112.4,461,357,101
31055355P,628.3,330.7,256.8,598,351,235
31055304P,513.6,291.1,193.8,638,441,183
31055310P,305.2,158.9,126.8,376,224,148
31055437P,641.3,212.4,404.5,620,230,381
31055442P,740.5,361.1,339.3,711,412,292
31055138P,586.9,289.0,264.0,523,270,243
310552P,605.0,276.0,291.0,504,210,286
310551P,405.0,184.0,188.0,476,236,233
31055502P,399.0,157.0,217.0,440,219,209
310554P,497.0,227.0,235.0,516,247,261
310553P,587.0,216.0,341.0,595,238,350
3105515P,406.0,173.0,212.0,435,214,218
31055524P,165.3,53.2,104.7,138,44,93
3105593P,556.7,238.9,283.5,625,250,369
31055321P,466.8,222.4,218.1,474,239,227
31055462P,1268.5,511.4,693.4,412,164,247
31055231P,511.9,265.0,212.1,585,340,238
31055235P,566.2,302.3,217.2,645,325,311
31055223P,484.9,266.3,180.9,463,258,192
31055436P,606.0,230.6,346.4,668,260,400
31055515P,655.6,357.6,258.0,750,407,326
31055263P,365.1,265.5,77.6,509,370,129
31055242P,549.9,353.5,169.9,590,344,230
31055137P,674.9,331.1,302.7,762,347,411
31055201P,537.5,253.9,255.0,576,277,296
3105540P,947.3,428.0,479.8,895,330,556
3105525P,552.2,253.6,267.7,506,243,251
31055187P,582.8,280.7,270.9,597,301,290
31055188P,568.1,266.7,270.9,574,268,298
31055204P,599.3,246.6,326.2,607,245,355
31055167P,338.5,121.5,193.0,425,149,272
31055482P,521.1,182.0,317.5,589,212,366
31055480P,540.7,212.1,297.5,531,195,330
31055490P,941.0,432.5,465.1,830,405,416
31055456P,1826.8,684.3,1028.4,1100,388,704
31055382P,461.9,113.9,328.9,366,144,215
3108311P,233.0,36.0,195.0,203,41,157
3108310P,204.0,22.0,175.0,194,45,147
310838P,243.0,42.0,194.0,246,58,186
3108312P,265.0,44.0,200.0,268,68,198
310831P,224.0,25.0,183.0,195,31,159
310832P,207.0,32.0,170.0,207,49,149
310835P,283.0,35.0,240.0,288,73,205
310834P,160.0,18.0,139.0,165,37,128
31109155P,453.0,254.8,168.8,423,258,161
31109151P,407.4,263.7,106.4,299,223,67
31109150P,377.4,225.8,106.4,369,254,99
31109154P,765.5,419.9,282.9,652,375,271
31109185P,1057.7,454.9,544.9,846,465,373
31109327P,13.8,7.0,5.7,21,12,9
31109161P,444.8,215.9,193.2,415,239,167
31109152P,518.1,336.6,128.4,527,394,122
31109156P,1011.0,508.0,443.0,1096,602,483
31109147P,159.3,95.3,44.9,213,157,50
31109148P,496.2,346.9,109.7,1134,682,428
31109160P,213.1,103.0,93.6,324,180,138
31109157P,649.3,342.9,270.0,546,332,205
31109158P,437.7,231.1,182.0,530,270,251
31109159P,604.0,291.0,276.0,571,293,265
31109163P,750.8,267.1,440.5,691,324,358
31109164P,660.0,302.0,331.0,679,331,342
31109162P,487.5,240.9,203.5,506,299,201
31109193P,191.4,46.5,133.4,172,70,98
31109312P,1532.2,637.3,788.4,805,425,374
31109314P,630.2,273.9,315.5,749,355,388
31109174P,1118.6,565.8,456.0,836,507,316
31109315P,626.0,240.0,347.0,538,257,279
31109310P,166.6,76.8,77.6,403,176,217
31109215P,520.1,246.6,214.6,460,269,182
31109214P,500.9,229.2,223.6,582,309,260
31109212P,727.0,327.0,355.0,659,350,300
31109167P,854.3,316.6,470.8,850,367,477
31109172P,732.8,330.7,335.2,696,348,339
31109166P,724.0,268.0,417.0,707,307,396
31109168P,735.0,316.0,352.0,680,343,323
31109213P,518.0,225.1,255.8,505,297,200
31109316P,728.0,272.0,395.0,680,323,349
31109170P,700.0,305.0,335.0,714,414,295
31109317P,1023.0,377.0,571.0,764,411,343
31109184P,265.2,72.5,179.7,271,130,137
31109135P,505.8,354.4,97.6,490,364,112
31109321P,888.4,446.3,386.1,824,424,392
31109182P,518.0,226.0,252.0,548,303,237
31109318P,517.3,235.1,254.1,530,285,236
31109319P,398.0,178.0,187.0,363,192,167
31109191P,522.9,151.3,347.3,442,172,264
31109142P,519.6,315.0,154.9,586,378,198
31109144P,291.4,182.4,78.3,275,175,94
31109141P,466.7,293.8,127.6,487,356,121
31109145P,330.0,222.2,74.6,319,216,94
31109146P,489.0,342.7,95.2,600,465,116
31109131P,430.2,305.8,84.2,481,359,109
31109132P,606.2,446.5,109.6,536,406,110
31109133P,500.3,336.2,115.5,481,327,141
31109136P,561.6,364.1,159.2,634,476,147
31109138P,402.9,261.5,114.6,380,243,129
31109320P,221.5,100.9,100.8,20,11,8
31109332P,430.0,161.5,249.0,508,257,247
31109120P,810.6,411.6,324.0,482,268,200
31109333P,743.0,257.5,454.0,643,280,355
31109119P,726.1,341.0,339.1,649,359,280
31109323P,1093.9,420.8,643.4,504,160,340
31109204P,672.4,164.5,477.6,544,192,347
31109116P,595.0,289.0,274.0,611,265,345
31109117P,439.9,183.0,234.4,446,195,247
31109118P,1206.1,559.0,581.0,1080,477,588
31109322P,825.0,372.9,415.6,791,337,446
31109129P,508.3,351.5,104.7,597,457,121
31109130P,520.2,335.2,114.1,570,411,139
31109123P,741.0,511.0,185.0,735,511,215
31109121P,507.4,300.5,158.7,529,331,193
31109122P,355.5,225.1,103.2,396,264,128
31109137P,194.0,106.7,68.8,404,247,147
31109218P,161.8,89.0,57.4,332,194,132
3110940P,390.3,249.5,112.4,449,284,154
31109140P,500.0,298.9,162.6,549,370,175
31109139P,389.7,247.8,113.5,443,331,108
311098P,592.0,371.0,164.0,618,421,181
31109128P,516.0,350.3,117.6,569,425,136
3110949P,560.6,369.7,145.6,595,417,172
31109143P,399.4,239.8,122.6,325,235,77
31109127P,525.2,372.0,110.8,551,387,154
31109126P,501.3,329.0,136.0,516,364,146
311099P,535.5,357.2,126.0,557,366,178
31109125P,689.7,438.0,208.8,703,453,244
31109109P,702.8,488.5,177.1,693,436,252
31109110P,540.3,370.8,138.3,554,324,222
31109124P,526.8,361.9,133.4,554,344,200
31109106P,487.4,254.4,198.0,453,221,230
31109107P,514.6,273.9,205.6,568,294,274
31109111P,512.2,278.4,202.7,466,258,203
31109113P,518.3,253.1,218.4,458,282,172
31109100P,617.1,307.9,267.2,700,346,350
3110998P,742.0,351.0,336.0,743,360,370
31109112P,597.5,326.0,235.5,632,343,284
3110984P,509.1,240.1,232.2,531,276,249
31109115P,541.2,266.8,237.0,581,324,252
31109114P,324.5,158.1,135.5,323,171,144
3110996P,528.0,232.0,257.0,539,281,249
3110994P,611.0,334.0,247.0,581,290,285
3110999P,567.0,265.0,266.0,573,274,291
3110986P,603.0,249.0,307.0,586,280,300
3110997P,759.0,385.0,288.0,736,448,284
3110987P,693.0,329.0,310.0,707,321,385
3110995P,608.0,303.0,268.0,625,290,327
3110992P,575.0,262.0,282.0,582,276,304
3110988P,696.0,328.0,343.0,723,342,373
31109324P,615.0,229.0,343.0,715,320,391
3110993P,708.0,305.0,381.0,739,241,497
3110991P,1864.9,865.5,902.1,1022,442,571
31109325P,1131.9,562.6,507.9,978,491,481
3110990P,576.2,302.9,247.1,572,288,280
3110989P,578.9,250.3,299.9,562,235,321
31109326P,807.1,317.7,453.1,840,342,487
31109328P,0.0,0.0,0.0,2,0,2
3110946P,508.1,296.0,160.0,455,270,175
3110945P,490.2,265.8,175.5,523,317,197
3110947P,349.5,178.4,132.0,454,282,166
311097P,519.5,293.1,185.2,528,328,186
3110950P,515.5,290.9,183.8,502,292,200
311095P,646.0,367.0,248.0,742,428,310
3110948P,275.5,140.6,104.0,278,155,121
3110959P,325.1,167.7,132.2,366,160,200
3110958P,580.3,284.7,257.9,683,286,387
3110956P,517.0,312.0,173.0,503,317,178
3110955P,384.0,203.0,134.0,433,241,186
311096P,573.0,316.0,201.0,598,333,259
31109300P,147.1,69.1,69.1,178,74,102
3110961P,566.6,263.3,273.8,499,245,245
3110960P,420.9,185.3,214.9,554,237,313
3110951P,542.0,316.0,178.0,536,337,198
3110953P,632.0,364.0,219.0,626,325,286
3110957P,400.0,230.0,145.0,399,226,163
31109108P,728.0,396.0,264.0,724,409,291
31109104P,654.1,322.2,273.6,653,286,359
31109103P,510.1,264.2,201.6,516,319,188
3110980P,480.8,242.6,194.9,412,239,165
3110970P,544.2,251.1,248.2,680,332,337
3110977P,377.0,170.0,163.0,442,222,216
3110981P,561.7,263.1,255.9,681,340,327
3110979P,572.8,288.3,235.8,526,276,225
3110983P,517.6,250.6,227.8,615,305,300
3110982P,564.3,276.4,251.9,651,320,320
3110978P,462.0,232.0,201.0,579,265,303
3110975P,514.0,226.0,261.0,550,222,323
3110976P,687.0,257.0,384.0,659,264,387
31109199P,684.2,215.5,436.1,673,238,424
31109301P,1366.8,584.8,716.6,666,315,343
3110954P,538.0,318.0,190.0,555,320,225
31109105P,373.0,171.0,175.0,414,207,197
3110964P,465.0,239.0,197.0,494,242,242
3110963P,631.0,318.0,280.0,643,311,319
3110968P,682.0,338.0,306.0,657,342,310
3110914P,423.6,171.0,222.1,483,237,245
3110965P,510.0,216.0,260.0,555,241,305
3110971P,728.0,375.0,307.0,665,359,290
3110969P,522.0,245.0,245.0,638,325,304
3110972P,813.2,366.1,413.9,820,397,413
3110974P,544.0,259.0,260.0,605,277,324
31109216P,802.8,283.0,495.3,748,245,497
31109305P,956.1,355.2,556.1,444,176,264
3110967P,500.0,265.0,214.0,615,300,311
3110911P,407.4,155.2,231.3,496,186,308
3110915P,467.2,200.6,222.1,440,214,225
3110910P,464.8,182.2,254.4,495,227,262
31109197P,326.7,102.6,210.5,376,129,246
31109195P,551.8,148.2,379.4,614,246,353
31109308P,1427.8,631.7,704.4,436,214,220
3110912P,755.7,258.7,466.1,713,215,495
3110973P,775.0,329.0,423.0,874,366,504
3110966P,539.0,220.0,288.0,582,231,349
31109179P,723.0,296.0,389.0,619,265,349
31109304P,858.0,328.3,483.4,641,214,417
31109303P,1105.6,356.6,703.4,920,337,579
31109306P,1541.8,581.1,886.5,786,288,493
31109200P,660.9,190.4,440.5,594,237,352
31109307P,836.0,361.0,433.0,837,386,448
3110941P,523.0,288.0,176.0,505,323,169
3110942P,423.0,216.2,160.1,438,289,143
3110943P,291.3,148.4,112.1,307,192,111
3110944P,691.0,348.0,290.0,701,441,244
3110939P,483.5,245.3,181.8,525,312,202
3110935P,443.3,257.2,154.2,478,285,191
3110936P,435.7,214.2,179.5,550,304,235
3110933P,674.2,374.2,242.7,593,363,219
3110934P,349.5,199.6,123.1,379,198,175
311094P,468.0,240.0,185.0,434,234,198
3110938P,401.2,182.2,183.9,419,251,159
3110932P,441.0,193.0,220.0,391,191,192
3110931P,700.8,326.3,298.5,723,410,299
3110926P,773.1,363.0,346.9,688,359,318
311092P,816.3,382.4,364.1,837,434,392
31109309P,877.1,352.6,467.9,826,381,436
3110921P,589.5,249.9,301.5,701,362,334
3110922P,594.6,222.9,341.0,583,260,315
3110923P,659.2,333.1,277.1,721,401,314
3110927P,498.0,256.1,206.3,553,307,237
3110917P,493.5,240.5,226.2,520,293,217
3110916P,374.6,162.6,185.6,433,206,222
311091P,1185.1,487.8,618.5,622,296,325
31109313P,524.1,252.6,219.3,506,294,207
3110918P,576.8,247.0,285.0,587,281,301
311093P,617.5,293.9,278.0,650,382,252
3110925P,694.3,343.9,298.9,742,425,304
31109177P,595.1,290.6,254.7,564,327,222
3110928P,376.8,172.5,175.2,419,186,220
31109194P,409.7,119.5,265.1,425,152,271
3110929P,430.9,224.4,167.6,457,266,172
31109176P,593.9,273.3,283.3,516,277,230
31109206P,371.4,89.2,262.3,326,132,190
31109205P,491.5,116.8,350.9,442,180,257
31109202P,1017.9,314.2,660.0,827,323,491
31109190P,649.0,173.0,431.0,624,237,363
31109198P,636.0,195.3,412.4,529,182,342
31109311P,585.0,234.0,316.0,652,261,380
31109329P,1151.0,334.0,744.0,847,370,466
31109210P,926.0,316.0,539.0,732,362,350
31109192P,448.7,107.1,314.9,456,202,245
31109211P,496.0,134.0,329.0,439,140,298
31109187P,337.1,99.2,217.1,365,144,211
31109207P,544.4,167.9,346.7,494,169,315
31109208P,743.0,192.4,522.0,720,251,461
31109209P,601.3,144.2,413.5,528,133,391
31109188P,361.2,101.4,234.8,360,160,196
31109330P,869.0,236.0,581.0,743,315,413
31109331P,932.0,262.0,616.0,816,351,455
31109186P,701.0,188.0,475.0,681,303,359
