GEOID20,Tot_2016_gov,D_2016_gov,R_2016_gov,Tot_2016_pres,D_2016_pres,R_2016_pres,Tot_2016_sen,D_2016_sen,R_2016_sen,Tot_2018_ag,D_2018_ag,R_2018_ag,Tot_2018_sen,D_2018_sen,R_2018_sen,Tot_2020_pres,D_2020_pres,R_2020_pres,Tot_2020_gov,D_2020_gov,R_2020_gov
38079000904,784,505,247,789,483,208,773,390,337,1112,843,268,1155,993,161,782,546,220,767,465,277
38079000902,441,233,197,442,212,181,440,155,259,532,327,205,541,400,139,448,259,179,447,212,224
38101003805,800,79,694,813,146,613,804,67,716,757,175,581,769,231,534,892,180,688,886,132,695
38101000404,252,44,200,259,50,193,252,25,222,217,51,166,215,79,136,254,54,192,248,49,167
38101000501,6456,1175,4993,6567,1632,4245,6543,851,5416,5682,1664,4007,5790,2328,3422,6550,1946,4371,6495,1481,4637
38101000401,768,93,660,777,110,611,779,63,680,711,137,573,713,196,513,796,129,653,790,93,635
38101000304,4055,733,3019,4124,966,2580,4091,600,3232,3408,1147,2247,3488,1458,1990,4066,1146,2745,4024,889,2780
38101000302,1075,134,892,1099,176,819,1090,95,937,957,222,732,968,317,644,1091,228,833,1087,172,825
38101003804,468,55,402,474,71,361,472,39,420,407,81,326,409,108,300,487,95,383,484,70,363
38101003806,3842,609,3049,3903,843,2658,3877,465,3233,3472,916,2551,3529,1284,2228,4255,1143,2991,4220,878,3072
38079000901,610,304,291,602,189,366,609,110,476,637,259,377,651,352,296,646,257,377,640,226,385
38101004003,3872,768,2873,3967,1027,2403,3929,641,3042,3518,1108,2395,3568,1482,2057,4474,1422,2848,4423,1072,3040
38101004002,23,4,16,25,4,16,23,3,18,15,4,11,15,5,10,21,5,15,21,4,15
38079000903,1354,1118,188,1367,1051,143,1338,929,312,2051,1786,260,2119,1986,131,1402,1222,162,1386,1101,256
38079000905,565,223,317,555,164,319,566,117,417,563,231,332,579,311,266,526,198,319,526,147,354
38091002302,238,58,175,233,81,123,238,54,174,200,72,128,203,124,77,243,84,146,241,82,152
38091002303,211,35,172,203,75,113,213,31,176,194,79,115,195,116,79,217,91,122,217,66,143
38063002301,1744,500,1185,1717,536,1025,1750,323,1343,1623,576,1045,1647,866,770,1777,586,1141,1777,504,1192
38025000403,309,31,272,315,33,268,313,24,280,272,32,239,274,57,216,329,33,295,326,28,256
38075000603,570,76,486,575,101,441,578,48,511,532,84,448,526,157,366,537,101,424,535,71,431
38023000202,299,67,223,300,70,198,301,35,252,287,71,216,292,135,156,285,71,205,283,58,208
38099001901,3196,517,2460,3169,777,2098,3207,498,2585,3038,801,2231,3099,1259,1822,3223,877,2259,3190,630,2398
38101000303,844,67,743,856,97,686,845,42,760,747,152,594,769,202,561,826,113,680,818,88,669
38025000402,208,14,187,214,20,182,212,12,192,202,32,170,202,41,160,208,26,179,205,25,163
38025003601,315,30,278,314,29,267,312,23,277,296,34,262,300,58,241,326,24,301,318,20,239
38025003602,235,17,212,232,23,197,237,15,213,211,25,185,210,51,155,253,32,215,247,21,182
38105000210,215,43,169,221,36,174,218,26,184,195,47,148,192,64,127,191,36,152,187,34,123
38105000104,2350,291,1958,2385,388,1813,2360,249,2006,2178,487,1681,2226,683,1524,2510,495,1937,2464,363,1867
38075000602,119,21,91,120,19,90,123,13,104,113,24,88,114,44,70,150,24,123,148,25,115
38105000208,1070,103,931,1085,112,925,1069,79,940,903,117,785,915,156,759,1187,122,1050,1155,93,811
38105000206,345,36,293,352,30,298,348,23,311,296,45,251,305,52,253,361,33,320,353,33,270
38105000101,1658,208,1337,1693,261,1263,1678,171,1389,1399,317,1080,1409,440,961,1723,300,1368,1682,214,1279
38105000203,1400,118,1210,1464,137,1204,1414,124,1204,1283,221,1060,1310,275,1032,1951,241,1652,1866,193,1438
38075000601,213,23,185,217,30,167,215,18,188,218,32,184,215,60,153,242,29,202,247,27,205
38023000204,157,28,121,158,17,121,163,12,143,180,35,144,177,56,120,159,23,136,159,18,123
38023000201,592,105,468,596,121,425,599,73,502,574,107,467,573,220,349,585,139,425,584,101,454
38023000203,164,32,127,165,37,123,167,20,142,152,37,113,155,58,95,173,32,138,170,23,133
38075000605,292,30,248,303,39,238,297,16,268,263,42,221,263,69,194,318,49,261,312,35,254
38061000405,436,152,267,444,153,262,443,133,283,420,167,251,425,201,224,478,158,311,478,135,309
38061000407,851,509,291,861,569,197,847,428,351,813,580,229,827,642,182,829,564,245,820,499,290
38061000202,392,33,347,398,33,348,396,17,365,355,48,307,355,61,294,418,40,366,410,28,342
38061000201,957,101,812,969,130,782,963,75,848,848,134,713,852,180,670,966,130,812,956,94,769
38089003601,608,46,537,612,38,534,611,30,554,548,74,474,546,85,458,660,58,584,648,44,438
38089003607,579,51,519,578,87,457,584,52,517,553,98,454,562,140,418,596,84,488,592,67,421
38061000404,65,4,59,65,4,57,68,2,64,57,4,53,61,10,51,68,4,64,65,4,54
38061000406,226,20,203,225,16,200,226,7,213,207,23,184,201,32,169,248,22,224,247,24,189
38091002301,190,38,142,187,62,103,193,32,154,196,59,137,198,99,98,205,64,129,206,58,139
38055000801,4407,642,3647,4411,777,3341,4430,518,3746,4106,897,3209,4145,1249,2871,4548,866,3593,4470,763,2951
38047002801,288,18,263,279,17,242,283,11,263,256,37,219,255,57,196,288,28,255,278,31,173
38043001404,656,86,553,653,79,534,665,44,591,597,113,484,603,164,437,642,96,534,636,98,411
38043001406,307,24,273,306,26,265,308,24,275,269,38,231,269,54,214,310,29,274,305,31,204
38055000401,672,105,549,661,119,495,675,82,568,606,137,469,612,180,431,707,135,561,700,140,450
38055000402,231,171,43,243,185,24,231,132,77,287,239,46,293,272,18,281,229,44,274,191,65
38043001401,124,22,97,123,31,80,125,23,97,117,29,87,120,44,74,136,36,98,134,32,79
38043001403,76,15,59,74,14,54,77,10,63,76,24,52,76,40,36,104,21,82,105,20,67
38047002804,64,6,58,62,3,57,65,1,63,53,8,45,57,7,49,64,5,59,64,3,52
38099001001,1486,270,1153,1467,390,897,1501,251,1203,1395,394,999,1413,678,728,1560,456,1065,1554,345,1063
38043001402,86,21,63,85,19,60,86,12,71,81,20,61,83,37,46,106,26,79,105,21,68
38061000403,222,41,175,223,30,183,223,28,189,187,38,149,192,51,141,227,26,195,223,24,169
38069001406,432,86,333,429,89,303,432,44,379,359,95,264,359,138,221,420,108,308,421,72,317
38069001405,80,16,63,78,23,46,81,9,70,86,25,61,88,45,42,84,26,56,82,19,58
38069001408,500,95,400,492,120,323,506,48,447,441,110,331,442,173,267,487,121,354,487,89,363
38069001407,307,62,239,304,64,206,309,28,272,273,64,209,270,111,157,298,73,219,294,45,217
38069001404,219,55,159,224,60,142,219,40,175,204,59,145,205,86,118,206,55,141,203,44,136
38047002802,419,37,375,412,46,347,424,27,392,378,55,323,378,75,302,410,50,354,407,36,285
38003002403,456,92,338,459,164,230,458,92,336,373,136,236,385,194,188,392,151,228,386,119,247
38003002413,263,41,212,260,68,156,262,39,209,236,89,147,242,123,119,286,83,183,285,65,198
38105000102,2014,220,1717,2057,301,1586,2047,171,1798,1707,325,1379,1752,505,1236,2259,371,1803,2205,295,1677
38069001403,305,42,254,309,35,241,310,26,272,280,46,234,281,83,195,326,51,268,320,37,245
38069001402,128,25,103,129,28,92,128,23,103,134,30,104,132,45,87,162,39,121,159,37,94
38105000207,458,84,349,464,91,334,463,63,376,361,117,244,365,144,219,459,87,353,458,74,345
38105000201,1243,105,1083,1322,114,1122,1269,81,1134,1155,171,982,1174,213,957,1773,148,1574,1734,121,1385
38105000202,180,10,160,186,17,154,183,5,168,149,21,128,151,33,118,233,16,209,226,13,175
38035001903,1186,172,964,1192,259,818,1192,159,978,1095,304,788,1121,481,631,1139,297,806,1128,225,812
38035002002,1576,241,1293,1590,375,1081,1598,258,1288,1520,426,1092,1545,675,868,1717,473,1196,1709,349,1273
38035001704,1709,434,1224,1771,660,962,1760,465,1250,1603,606,994,1651,881,767,1746,754,949,1738,572,1115
38053003909,251,27,218,255,24,215,254,13,237,215,43,172,222,69,153,253,28,220,249,18,204
38053000401,234,163,61,245,183,41,236,132,85,224,195,28,228,211,16,200,159,38,199,143,53
38053003903,403,26,358,403,33,342,401,21,357,323,54,268,330,66,262,476,35,430,474,34,399
38087003903,144,15,126,140,11,122,143,9,130,127,17,110,128,23,105,136,12,123,139,11,117
38051002804,465,56,398,448,82,315,471,36,429,469,75,394,460,142,318,451,87,348,445,58,361
38003002407,131,15,109,134,31,80,135,19,110,131,38,93,130,59,70,157,42,109,157,31,121
38003002406,321,56,247,327,91,206,320,52,252,318,116,202,327,163,164,354,106,236,351,83,254
38069001401,107,13,90,106,12,84,109,7,98,112,27,85,111,30,81,145,24,118,142,30,92
38105000209,211,40,159,208,34,159,211,21,178,187,42,145,191,73,118,196,28,161,196,31,144
38089003606,236,22,208,248,28,205,241,18,213,243,34,208,249,45,203,279,35,238,279,32,204
38003002408,155,17,136,155,28,114,158,12,143,140,31,109,143,63,79,155,39,116,154,25,117
38003002412,253,38,212,250,59,168,252,29,214,219,68,150,225,113,112,247,59,183,243,41,170
38003002414,98,21,73,97,25,65,97,18,76,92,24,68,92,51,41,95,30,64,98,20,71
38065003303,101,13,82,101,17,75,102,11,86,100,20,80,101,36,65,111,17,91,108,16,76
38065003305,140,14,123,142,13,123,141,11,126,136,16,120,138,24,114,146,13,131,145,12,102
38065003301,217,17,194,211,21,177,216,15,193,196,28,168,208,55,153,237,27,210,233,30,162
38065003307,189,28,157,191,31,142,190,19,163,167,36,131,168,46,121,182,28,151,179,25,135
38005001401,1067,315,726,1051,314,626,1072,204,833,1015,300,715,1030,477,546,1118,339,753,1109,282,724
38005002302,523,344,137,540,372,81,527,270,203,751,617,132,767,691,74,429,337,84,426,290,117
38091002304,196,46,142,185,72,95,195,38,150,176,79,97,176,109,67,216,79,126,218,64,147
38015003504,1151,259,822,1170,326,676,1154,216,854,1052,399,651,1066,505,550,1160,467,648,1143,379,600
38015000803,228,24,195,231,17,198,232,13,212,213,29,184,218,48,169,230,24,202,227,24,140
38015002802,379,34,333,382,47,311,379,31,332,356,63,292,362,86,276,399,63,324,388,59,230
38015000802,149,24,122,146,26,115,150,20,130,164,44,120,168,63,103,174,29,140,172,39,105
38003002405,845,165,649,847,291,456,852,141,680,802,275,526,808,419,388,892,332,530,878,252,565
38003002411,586,86,490,587,145,380,582,79,490,547,161,385,560,239,321,665,180,475,653,130,483
38089003604,1328,91,1211,1344,124,1160,1331,71,1234,1387,193,1190,1404,283,1113,1702,185,1475,1677,137,1278
38089003603,1855,199,1570,1925,279,1507,1873,185,1601,1887,371,1509,1921,526,1386,2519,418,2014,2480,344,1763
38089003605,287,22,256,286,38,236,289,18,262,269,57,212,272,76,194,334,59,267,327,46,230
38089003701,6461,825,5424,6619,1086,5059,6565,674,5618,6405,1339,5060,6509,1832,4636,8101,1563,6305,7970,1231,5582
38003002415,201,27,168,200,45,146,204,23,178,186,45,141,191,79,110,214,43,165,210,35,141
38003002409,222,19,188,225,46,151,222,19,193,216,50,166,217,91,126,237,54,178,234,36,185
38011003903,216,12,201,210,12,193,212,7,197,203,23,180,205,32,171,217,10,206,217,8,167
38029002805,374,28,339,372,26,334,371,16,345,329,51,274,333,64,266,365,41,316,354,32,253
38029002804,349,35,306,355,49,287,351,25,314,311,46,265,321,74,245,318,29,282,313,34,239
38029002801,453,45,391,455,53,379,457,35,403,437,65,372,441,89,351,474,63,406,459,58,315
38029002802,387,39,336,392,44,334,388,31,340,390,73,316,394,77,314,422,44,375,411,42,273
38053003908,173,8,155,175,5,157,173,4,166,151,13,138,150,21,128,177,11,164,177,9,149
38043001405,136,10,122,135,10,118,137,4,127,134,16,117,129,25,104,162,13,148,157,13,99
38095001503,228,117,107,219,91,107,226,60,158,214,94,120,221,129,91,218,91,122,216,66,141
38103001403,276,25,242,275,32,232,279,21,253,264,58,206,268,62,205,268,38,222,267,31,186
38095001502,196,57,133,188,55,108,197,31,159,196,72,124,198,95,102,198,50,144,195,37,145
38103001405,952,152,781,955,184,690,962,102,821,832,162,670,831,243,585,912,199,698,901,152,617
38053003902,122,11,107,122,13,104,122,10,109,99,10,89,99,15,84,132,11,120,133,10,115
38031002902,63,15,48,60,21,36,62,9,50,67,21,46,66,32,33,69,16,53,66,8,44
38053003905,1321,63,1224,1335,98,1168,1323,65,1195,1155,119,1029,1191,188,997,1521,99,1389,1502,79,1303
38053003906,1403,108,1259,1437,176,1163,1400,121,1217,1256,217,1036,1282,288,990,1873,221,1595,1843,162,1560
38087003901,130,11,114,132,14,106,132,6,119,103,15,88,104,17,86,119,13,105,117,10,92
38087003902,154,15,136,158,18,134,153,10,139,147,29,118,149,33,116,172,19,152,169,19,120
38035001805,1429,484,853,1472,628,653,1449,525,853,1211,595,610,1251,793,446,1305,638,597,1286,512,710
38035001904,689,115,548,692,153,469,694,100,574,657,159,497,672,264,402,685,171,499,680,123,525
38035001902,384,55,294,385,83,255,388,47,320,371,99,270,378,159,216,414,110,287,414,74,312
38007003901,185,16,160,183,31,133,185,22,156,174,34,140,175,53,122,188,47,134,186,28,136
38051002806,154,10,141,165,17,141,161,11,145,149,21,128,160,33,127,163,20,139,157,20,94
38009000602,727,131,583,728,151,530,734,74,643,691,149,539,699,240,455,725,180,526,726,127,561
38009000603,656,111,528,662,130,483,660,72,559,605,150,453,612,220,387,634,155,470,627,116,477
38027002301,679,310,353,685,194,434,675,114,536,660,216,444,671,309,360,662,203,442,656,161,468
38009000605,644,124,506,650,175,421,650,76,551,597,166,430,600,243,357,653,188,450,639,119,475
38009000601,664,89,541,671,103,521,667,63,583,616,116,499,613,167,442,631,103,517,625,78,500
38009000604,780,140,610,783,177,539,788,98,662,744,154,590,747,240,506,828,195,612,828,148,640
38051002802,205,36,166,208,35,160,208,21,181,224,56,168,226,84,141,219,48,161,218,49,145
38035001901,519,92,390,531,132,355,528,97,414,499,159,339,512,242,268,557,159,375,553,127,405
38103001402,271,63,202,270,59,190,273,37,230,257,61,196,259,76,183,264,50,212,264,46,176
38035002001,599,104,448,648,147,414,624,103,470,478,142,333,484,189,292,568,139,404,547,99,415
38057003304,1960,151,1752,1973,174,1681,1973,123,1791,1703,215,1487,1718,325,1382,1977,208,1727,1943,166,1479
38057003303,1654,247,1378,1685,292,1267,1684,222,1398,1414,355,1057,1421,473,944,1646,320,1275,1629,260,1160
38059003301,837,83,729,834,109,674,839,70,739,736,146,590,753,214,535,878,132,723,862,118,499
38059003602,520,31,478,523,41,461,521,18,490,457,48,409,462,81,380,535,47,478,518,50,361
38059003103,713,77,613,714,104,567,719,78,618,744,154,589,755,201,548,862,128,719,848,128,562
38085003103,88,52,29,92,57,16,85,49,27,141,110,31,146,130,15,111,88,23,110,74,32
38041003601,418,50,355,409,64,316,411,34,361,439,73,364,445,102,341,475,81,388,463,68,308
38041003602,135,13,120,140,9,120,138,3,132,126,11,115,128,24,103,143,15,126,141,12,98
38085003104,192,33,152,193,44,129,195,34,150,176,51,124,182,78,104,168,47,120,165,41,105
38059003105,1674,245,1363,1710,310,1244,1688,209,1396,1614,407,1199,1646,525,1100,1798,388,1349,1778,353,1098
38059003402,2027,299,1668,2043,446,1417,2038,268,1699,2011,528,1470,2054,743,1301,2410,648,1685,2359,502,1564
38059003601,440,33,396,444,39,383,444,31,393,401,71,329,406,87,313,429,54,366,416,45,269
38059003403,993,232,699,1044,272,635,1010,208,731,875,338,529,905,423,468,984,347,580,973,311,544
38031002903,103,27,66,99,19,70,102,13,81,91,24,67,92,33,59,106,22,77,102,18,70
38073002402,545,117,411,547,176,287,548,101,421,562,213,347,567,343,220,624,226,374,621,160,412
38081002601,505,117,379,502,184,247,514,104,386,485,196,287,493,299,190,512,194,296,514,155,340
38031002905,537,85,436,534,119,371,544,52,464,524,134,388,536,192,339,532,138,379,527,112,375
38031002904,414,41,363,413,45,331,416,21,382,393,59,334,400,115,281,450,58,383,450,45,365
38031002906,511,89,407,507,114,358,509,59,425,453,118,333,457,166,287,510,117,382,502,88,381
38037003101,778,77,680,769,83,639,785,49,708,731,108,622,733,173,559,792,99,676,787,86,543
38037003103,322,44,271,319,57,239,325,35,281,268,63,205,273,100,170,280,55,221,282,43,210
38037003104,8,0,8,8,0,8,8,0,8,8,0,8,9,2,7,8,0,8,8,0,7
38051002801,410,46,355,406,56,324,410,30,366,379,65,313,386,122,262,377,64,306,373,40,322
38093002905,531,43,470,536,70,433,536,37,481,474,80,394,481,117,361,510,68,436,501,50,397
38093002904,709,98,584,733,128,541,734,72,627,706,160,545,727,248,472,771,147,604,757,112,584
38037003105,150,20,127,153,29,117,152,13,131,129,21,107,138,39,97,158,33,124,153,25,96
38093001202,1748,310,1384,1801,518,1119,1787,280,1457,1579,474,1101,1639,788,836,1711,546,1109,1681,406,1188
38093002901,258,28,222,256,47,199,257,20,229,252,54,198,263,86,176,288,41,242,286,34,225
38093001203,1181,217,925,1235,316,790,1215,177,987,1093,335,756,1164,527,627,1179,360,782,1151,258,808
38093002906,644,72,563,655,136,482,659,66,581,646,138,507,667,238,426,752,164,569,741,124,576
38093002902,183,21,153,187,40,133,186,17,157,199,55,144,203,72,130,197,37,152,192,28,144
38093002907,946,124,789,970,223,669,964,106,829,926,269,657,948,394,543,1019,242,749,1003,192,745
38093001204,1186,249,890,1207,342,724,1209,205,943,1091,353,737,1126,489,629,1157,361,748,1131,269,748
38093001205,894,150,705,919,233,598,905,123,750,816,269,547,850,384,462,837,222,594,827,181,583
38081002602,448,81,350,451,120,294,453,67,366,440,166,274,449,249,196,483,160,307,481,111,346
38081002605,271,76,187,269,106,135,267,74,179,251,124,124,255,167,87,261,96,156,256,75,174
38027002302,557,179,363,546,161,357,551,105,426,559,197,362,563,246,315,599,180,412,597,146,379
38103001404,301,46,249,298,59,224,303,33,260,299,74,225,300,111,185,308,65,237,305,60,204
38103001401,307,27,269,307,34,251,304,24,268,296,37,259,299,57,241,366,42,319,358,36,259
38035001802,760,228,490,787,307,380,774,256,482,775,366,407,806,480,319,840,403,405,817,340,439
38035001801,506,87,384,535,130,351,519,99,390,474,149,324,492,200,288,571,169,390,559,142,386
38035001701,650,124,504,657,187,440,654,133,501,683,185,498,695,280,413,780,241,526,781,180,581
38035001702,2242,533,1598,2324,863,1211,2283,548,1653,2329,857,1469,2411,1258,1145,3057,1259,1683,3009,958,1922
38035001705,2091,363,1684,2117,708,1264,2119,400,1692,2174,616,1555,2259,1054,1202,2596,1003,1523,2562,700,1803
38035004301,1693,430,1199,1754,672,920,1739,446,1225,1552,632,918,1626,919,700,1851,861,940,1825,679,1066
38035004303,1199,338,823,1239,509,621,1217,374,810,1145,479,665,1183,668,509,1417,685,682,1390,554,779
38013000205,130,18,110,130,13,115,131,10,119,121,15,106,122,23,99,142,12,128,141,13,105
38013000202,284,43,239,284,39,229,285,23,258,261,43,218,260,81,177,302,44,249,299,40,242
38083000701,786,86,678,787,95,650,792,60,703,782,115,667,789,179,607,812,104,688,795,101,516
38049000607,219,50,160,219,61,138,222,39,167,190,51,139,192,86,106,221,60,157,217,41,153
38049000602,202,18,176,198,14,159,203,10,180,175,22,153,173,39,133,209,26,173,205,20,168
38049000604,317,34,269,320,34,241,318,25,273,268,57,211,269,77,189,330,40,276,328,36,250
38093001201,1209,220,935,1252,362,755,1236,189,1004,1054,305,745,1092,501,588,1098,375,693,1081,263,749
38073002602,522,91,411,517,140,319,526,67,436,474,165,309,483,279,200,528,147,361,527,109,396
38077002501,547,106,414,550,159,342,551,84,434,492,198,293,518,314,200,576,179,381,565,142,392
38077002603,660,150,492,658,217,382,661,123,514,648,284,364,666,411,253,679,247,413,670,207,429
38077002504,233,48,179,232,68,149,234,34,193,221,88,133,223,138,85,225,83,139,227,69,156
38093002903,395,42,333,404,83,275,399,37,347,410,108,302,423,183,239,440,113,316,434,75,324
38085003106,341,225,88,344,261,23,339,201,94,380,316,60,387,356,23,276,253,16,275,224,37
38021002601,157,33,122,153,31,108,157,29,125,146,42,104,152,68,81,164,39,123,161,30,126
38039002301,265,66,191,268,57,175,263,42,207,256,72,184,252,101,151,241,54,180,237,44,172
38039002305,245,34,205,245,33,193,248,18,226,225,34,191,234,78,156,249,37,205,247,34,193
38039002303,292,64,221,288,77,189,296,46,241,227,59,168,241,107,132,283,68,212,280,55,218
38039002304,225,50,168,219,57,141,226,36,185,250,75,175,254,124,130,229,72,149,228,49,171
38045002902,425,99,314,419,132,260,427,79,330,416,135,281,425,195,224,474,127,335,469,97,321
38045002801,731,114,598,733,151,513,736,89,619,690,187,502,701,275,423,758,172,568,752,123,587
38081002604,542,152,377,532,195,281,542,123,401,535,226,309,554,315,239,556,209,333,552,170,371
38001003901,1217,135,1049,1218,216,909,1223,114,1067,1155,217,934,1164,364,796,1269,258,981,1260,163,1000
38077002605,241,37,201,241,55,166,241,32,200,231,79,152,235,137,98,261,68,191,264,53,198
38077002602,370,61,292,366,103,235,371,62,290,334,119,215,337,165,171,405,126,268,402,111,262
38077002510,796,166,582,826,247,478,812,148,608,756,298,453,786,449,324,776,277,475,772,226,513
38077002503,84,17,67,80,25,55,82,13,69,86,37,49,79,48,31,80,27,53,83,22,61
38049000601,225,25,193,220,32,169,223,15,198,206,38,168,205,62,143,241,36,197,238,27,193
38077002505,304,40,253,300,60,214,301,35,250,272,83,189,281,137,143,318,70,233,319,63,244
38077002604,486,85,380,510,113,333,499,60,418,472,171,301,487,236,250,531,145,361,522,127,359
38077002502,284,44,227,283,75,180,281,45,225,271,92,178,278,158,118,293,87,196,293,72,212
38095001501,747,129,601,750,159,518,754,88,635,699,191,506,708,273,431,758,176,564,756,131,575
38085003102,72,24,46,76,23,47,76,24,49,83,34,49,88,41,45,74,27,44,71,26,37
38077002511,1110,200,878,1120,318,690,1114,175,892,1035,373,662,1052,546,503,1095,378,687,1083,269,768
38077002506,312,55,240,310,74,198,314,46,245,296,109,187,300,146,151,338,114,216,338,90,232
38011003901,830,99,711,831,136,629,834,80,732,766,133,632,780,220,552,754,136,600,740,103,550
38011003902,413,33,375,412,29,363,416,19,387,381,45,336,377,74,302,408,34,365,400,25,315
38041003101,623,73,526,634,84,520,636,46,563,600,79,521,610,129,478,591,88,487,580,64,437
38071001502,1200,207,951,1187,274,794,1204,163,993,1097,292,802,1109,442,659,1225,286,902,1227,236,886
38071001503,2957,708,2096,2958,945,1641,2983,551,2295,2799,1003,1785,2849,1448,1365,2915,1010,1805,2907,769,1956
38071001504,717,122,582,714,178,482,723,101,612,691,176,514,694,280,407,758,210,534,757,138,576
38071001501,457,74,375,446,108,300,458,54,391,398,94,303,405,166,237,474,133,336,473,96,343
38067001005,231,35,184,231,63,149,231,39,185,231,63,168,232,102,128,246,73,169,243,63,166
38033003901,951,128,795,957,99,796,956,62,857,869,131,736,880,171,704,1026,137,871,1014,105,792
38031002901,110,29,77,106,29,75,110,16,89,102,34,68,103,50,53,111,22,88,110,19,82
38021002801,994,152,814,988,181,724,1009,115,857,880,203,677,888,288,600,971,208,725,977,160,733
38097002011,385,66,304,383,114,220,385,60,312,375,128,246,383,209,173,404,151,244,403,116,272
38097002008,534,92,428,538,148,324,535,82,432,482,154,328,493,254,237,522,166,343,513,133,363
38067001003,715,113,583,717,160,491,722,102,603,660,151,509,666,254,411,755,182,552,753,129,561
38005002301,255,85,164,252,79,146,259,50,200,240,82,157,236,118,117,235,69,163,238,72,151
38067001006,343,96,226,343,101,204,344,75,256,303,108,195,313,144,165,369,106,251,364,92,255
38019001001,2014,374,1598,2006,476,1357,2048,290,1707,1898,468,1426,1958,765,1181,2020,474,1499,2011,343,1551
38067001001,570,89,464,569,105,416,573,74,486,518,132,385,526,190,333,592,124,448,583,109,427
38097002003,97,18,76,96,38,50,96,26,68,79,33,46,81,46,35,97,34,60,95,26,67
38097002012,390,91,276,384,135,194,391,90,278,381,140,240,384,221,159,421,186,218,419,155,248
38097002005,227,41,179,221,62,146,224,35,179,209,62,146,214,109,103,217,68,143,214,59,147
38041003102,111,7,103,113,11,94,111,5,104,84,12,72,86,19,66,103,12,90,104,9,80
38097002001,130,23,105,133,50,73,130,24,103,125,36,89,133,77,55,138,45,89,139,28,101
38015003204,749,155,524,758,181,468,757,130,575,670,260,408,684,321,350,636,232,380,626,205,344
38015002801,252,26,216,256,33,206,256,23,216,236,54,182,239,70,168,267,26,235,256,31,162
38015003201,757,175,551,780,233,449,772,158,565,701,248,449,715,314,392,703,232,446,695,202,414
38077002508,792,120,637,827,200,541,810,92,666,711,253,457,742,397,336,747,227,497,744,181,545
38077002509,918,152,733,924,279,558,926,129,769,926,321,604,955,503,446,1067,378,663,1065,252,788
38029002803,410,38,366,407,43,343,411,29,372,357,61,296,346,87,257,430,60,359,419,59,295
38011003904,333,34,290,334,50,261,332,30,289,281,60,221,287,78,208,278,48,224,279,35,222
38015000806,835,97,709,848,131,646,849,79,731,835,162,672,849,252,588,920,190,705,905,154,588
38015000804,1525,141,1345,1534,210,1232,1536,136,1350,1506,261,1241,1522,403,1109,1790,295,1459,1757,255,1179
38005002303,162,73,82,168,77,76,164,50,104,228,113,111,234,141,91,179,77,94,179,64,106
38059003401,1755,282,1391,1788,362,1257,1781,240,1463,1664,439,1216,1704,624,1063,1983,489,1447,1955,412,1235
38059003302,1488,171,1271,1502,222,1179,1494,152,1284,1411,317,1094,1436,418,1013,1741,286,1417,1712,266,1131
38015000707,1320,259,1009,1344,330,886,1337,222,1044,1226,355,866,1273,493,766,1446,421,986,1417,368,886
38035001807,1491,408,1016,1538,576,808,1518,422,1037,1406,561,837,1462,819,636,1545,690,801,1526,522,927
38017024-02,351,61,271,347,87,212,353,41,289,304,114,189,315,160,154,355,101,240,352,72,245
38017022-08,2045,328,1644,2069,641,1221,2047,325,1612,2350,839,1507,2405,1215,1178,3269,1265,1884,3250,896,2206
38017020-01,453,59,374,450,125,260,453,50,377,413,142,270,417,223,192,448,147,284,446,89,332
38017027-02,3369,687,2537,3417,1341,1684,3366,711,2508,3330,1444,1878,3455,2024,1416,4405,2114,2122,4364,1604,2590
38017016-02,2167,582,1463,2239,966,997,2195,535,1506,2059,987,1067,2139,1293,823,2354,1192,1077,2336,982,1234
38017025-01,423,52,355,424,94,294,423,51,342,387,95,292,398,154,243,460,127,318,457,87,345
38017022-05,803,142,617,809,213,499,809,126,647,810,292,515,826,378,444,964,314,621,962,239,654
38017045-03,1141,155,941,1146,311,712,1141,150,936,1059,335,721,1081,500,574,1152,364,746,1149,250,863
38017027-03,4895,914,3775,4954,1695,2664,4902,920,3730,4887,1892,2988,5031,2718,2291,6510,2836,3456,6448,2133,4040
38017016-04,1183,161,986,1190,340,714,1197,164,983,1196,391,802,1222,570,648,1498,607,834,1494,418,1037
38017022-06,3400,552,2683,3427,1078,1941,3406,581,2655,3185,1106,2072,3278,1630,1635,3873,1534,2219,3846,1106,2555
38017016-03,2910,704,2072,2976,1089,1502,2932,662,2074,3236,1434,1792,3319,1891,1410,4649,2165,2296,4596,1703,2663
38097002010,378,68,292,373,118,217,379,69,296,378,122,256,381,184,195,416,144,257,417,131,263
38097002007,198,55,141,201,59,129,200,54,141,185,56,129,190,85,105,211,59,150,211,53,152
38097002006,391,88,294,387,120,230,395,71,320,371,117,252,375,192,181,445,164,273,446,123,312
38017021-02,2655,799,1643,2873,1251,1207,2711,819,1659,2238,1266,958,2354,1558,769,2495,1376,976,2453,1166,1150
38017013-01,2527,458,1955,2557,846,1455,2541,462,1941,2286,890,1393,2349,1288,1048,2617,1074,1442,2602,803,1674
38013000203,350,32,311,357,31,314,356,13,340,302,38,264,301,57,243,412,43,361,407,42,284
38013000204,150,16,129,150,16,128,150,7,136,144,16,128,146,30,113,166,17,147,163,21,123
38017045-01,4085,1061,2831,4214,1721,1964,4128,1030,2892,3286,1489,1788,3413,2031,1364,3557,1752,1672,3534,1364,2050
38017046-02,3463,728,2626,3483,1388,1718,3469,750,2581,3193,1240,1946,3280,1799,1466,3498,1731,1655,3452,1281,2069
38017022-01,232,32,188,231,57,148,231,30,187,197,70,127,198,86,110,213,59,150,212,46,160
38017016-01,2332,716,1456,2400,1054,1024,2351,677,1493,2139,1144,985,2190,1415,750,2223,1148,999,2189,922,1157
38017025-02,556,79,450,560,123,369,559,63,474,554,179,373,570,264,301,654,196,441,647,141,455
38017044-01,4168,1407,2502,4300,2026,1656,4210,1389,2558,3752,2111,1629,3909,2660,1222,3872,2272,1437,3848,1899,1754
38017045-04,459,41,410,458,103,303,459,44,393,436,133,303,442,208,233,484,140,331,486,102,369
38017022-02,486,57,419,481,126,297,481,60,396,457,164,289,473,262,208,497,143,331,495,90,391
38101003802,1011,115,855,1027,146,789,1017,89,876,958,169,789,968,276,684,1069,166,878,1065,122,854
38101000406,486,53,423,487,54,399,493,35,436,459,88,371,466,118,347,483,64,405,481,57,369
38101000301,754,85,624,764,119,589,757,57,663,677,137,538,681,198,479,784,142,617,782,123,592
38101000402,533,56,465,527,46,426,538,30,487,492,84,408,493,139,352,548,82,451,540,69,402
38101000405,279,42,232,285,46,215,281,29,249,254,63,191,256,83,172,293,48,244,290,39,216
38101004001,657,114,477,685,127,461,670,90,512,456,130,324,460,161,297,608,155,424,604,121,432
38025000404,92,17,74,93,14,75,95,6,88,83,13,70,88,22,66,90,10,78,90,4,81
38101003803,281,28,245,284,40,228,286,18,257,246,38,208,245,65,179,284,46,233,280,25,224
38061000401,235,40,191,238,45,176,236,26,202,232,56,176,234,89,144,265,54,208,264,44,205
38061000402,517,203,291,522,226,244,522,163,333,521,261,260,526,310,216,499,241,251,495,205,267
38061000203,158,22,123,161,14,133,159,13,132,146,25,120,147,29,117,167,17,148,165,15,97
38025003902,180,10,168,182,14,161,180,11,167,168,25,143,174,30,143,205,15,188,201,9,167
38025003903,443,35,396,456,50,384,450,26,409,393,55,338,401,81,320,499,49,431,495,40,387
38105000204,140,13,125,142,17,119,137,7,127,130,26,102,134,27,105,147,22,124,147,14,111
38089003602,697,51,629,710,73,597,706,53,636,704,110,594,703,164,537,859,97,739,847,76,583
38003002402,663,129,519,673,230,367,665,129,519,653,294,358,669,377,288,724,259,431,719,202,477
38065003304,66,4,62,66,7,56,66,3,61,66,10,56,68,18,50,76,7,67,74,8,50
38065003306,189,17,169,191,16,165,192,8,178,181,22,159,184,38,145,195,21,170,192,17,132
38003002404,626,116,477,623,205,347,627,103,494,596,232,364,604,317,284,663,247,394,663,182,432
38053003907,92,6,85,93,2,84,94,2,88,81,10,71,84,19,65,96,4,90,91,2,87
38053003904,262,18,237,264,15,231,264,15,239,238,29,209,239,44,195,296,23,268,290,12,251
38053003901,159,13,144,166,17,144,166,7,156,123,23,100,128,30,98,157,20,137,153,9,140
38025000405,79,51,26,79,65,10,78,52,24,52,46,6,53,50,3,82,61,20,81,57,21
38025003603,89,7,82,91,11,78,91,4,87,86,8,78,85,14,71,90,7,82,90,5,72
38051002803,71,13,57,68,23,40,69,5,61,70,16,54,75,42,32,77,19,57,79,16,55
38017045-02,1029,166,826,1033,274,659,1021,147,826,1074,324,749,1101,479,614,1269,416,819,1260,322,877
38051002805,154,13,136,151,22,120,154,7,145,148,20,127,148,44,102,168,23,142,166,18,132
38057003305,232,25,199,239,21,199,236,18,208,209,41,166,214,52,159,256,28,223,252,30,172
38039002302,246,64,176,245,74,149,248,52,187,238,77,161,245,124,119,248,77,161,249,65,170
38057003301,343,88,241,343,85,233,347,79,253,293,100,192,295,128,164,344,84,248,342,80,206
38045002903,803,138,650,798,190,549,812,115,677,729,211,518,748,327,421,775,195,565,773,152,572
38057003306,222,15,203,230,16,210,224,11,210,195,20,175,191,27,164,250,21,227,247,21,186
38037003102,136,11,123,132,16,105,136,11,123,117,14,103,115,23,92,143,20,116,142,17,108
38021002602,1254,219,1009,1266,342,835,1265,191,1040,1113,357,755,1130,555,572,1289,361,894,1284,289,932
38007003902,314,23,280,313,21,267,313,18,285,290,30,260,295,41,254,335,17,304,335,24,231
38015000801,292,34,238,295,46,231,294,26,252,253,63,187,259,78,180,289,54,220,282,51,193
38015002803,884,90,761,894,109,724,895,71,789,850,150,698,859,221,633,1021,180,813,997,166,611
38049000606,185,32,151,183,30,140,185,19,157,163,28,135,164,51,110,210,26,180,208,26,160
38081002603,248,67,171,243,89,131,248,55,181,246,96,149,251,141,109,258,79,174,257,60,183
38049000603,603,93,492,593,95,441,609,70,515,572,116,456,571,179,387,616,103,501,613,80,437
38057003302,204,22,176,203,28,165,204,14,175,175,31,144,175,49,125,192,36,153,191,30,143
38073002601,930,218,674,930,356,443,932,184,699,902,387,511,924,570,346,934,405,493,929,298,569
38015000805,1339,148,1149,1350,200,1059,1339,121,1167,1310,251,1059,1323,361,958,1486,268,1181,1463,241,944
38015004701,2965,385,2498,2950,665,2041,2965,372,2520,2905,557,2340,2954,1006,1930,3440,953,2400,3386,739,2251
38015004704,2239,349,1840,2252,551,1516,2256,315,1879,2163,476,1683,2201,829,1366,2376,723,1574,2360,589,1535
38015003203,588,167,392,606,201,332,599,133,419,512,207,302,528,255,265,614,223,365,602,199,330
38015003202,777,209,529,789,260,437,775,198,535,718,251,460,744,345,393,790,331,420,782,297,382
38015003002,1661,348,1180,1672,417,1022,1670,326,1216,1550,545,1000,1586,691,867,1537,533,935,1508,457,817
38015004703,1271,266,947,1292,354,764,1278,235,962,1148,395,750,1177,544,615,1234,434,740,1208,359,688
38015000704,749,84,646,768,124,594,760,75,660,751,150,599,768,211,551,839,139,673,827,129,560
38015003003,1928,315,1544,1954,440,1357,1953,265,1615,1853,460,1385,1874,712,1152,2019,559,1405,1977,461,1265
38015000701,1857,255,1526,1895,273,1434,1880,212,1557,1747,432,1309,1781,543,1219,2086,403,1605,2054,351,1281
38015003206,1740,234,1456,1753,383,1219,1750,226,1462,1698,396,1299,1729,623,1099,1352,404,902,1333,349,827
38015003004,2077,284,1724,2102,470,1460,2090,263,1745,2149,530,1613,2199,794,1387,2564,712,1768,2517,574,1619
38085003105,313,224,66,322,235,27,308,211,60,348,304,43,356,338,16,230,205,21,229,174,44
38049000605,918,145,746,904,191,628,913,101,787,845,224,619,837,332,503,1007,235,749,1000,192,728
38049000608,184,30,148,183,33,134,183,17,156,139,31,108,142,53,88,169,38,131,166,25,122
38015000703,1720,273,1392,1757,339,1278,1754,203,1471,1611,433,1176,1632,582,1038,1892,463,1370,1875,383,1166
38097002002,190,37,147,190,64,107,190,38,144,176,60,116,177,92,84,200,76,118,201,51,143
38067001004,682,88,578,670,131,487,683,94,568,626,148,478,648,239,407,725,173,537,717,119,550
38067001002,630,92,521,623,121,461,631,69,546,561,124,437,577,203,370,644,128,503,640,113,492
38013000201,56,6,50,55,6,48,57,5,51,55,3,52,58,11,47,57,6,49,57,4,46
38013000206,76,7,66,76,14,61,76,8,66,74,15,59,77,26,50,76,15,60,75,9,60
38059003407,693,141,504,705,148,468,701,109,534,645,217,422,661,263,385,605,175,411,595,159,356
38059003104,644,108,506,659,124,465,653,98,519,559,150,407,575,195,374,601,126,461,591,113,383
38017046-03,2194,464,1653,2215,868,1144,2207,446,1679,2116,837,1278,2160,1166,980,2423,1079,1267,2403,787,1527
38017011-02,3590,1065,2289,3662,1648,1522,3589,1043,2291,3348,1810,1530,3460,2211,1223,3553,1936,1498,3512,1564,1781
38017022-04,1565,250,1278,1551,463,924,1554,229,1277,1415,457,952,1436,753,673,1646,536,1047,1637,359,1207
38017011-01,3451,972,2300,3486,1642,1459,3455,1005,2227,3316,1664,1643,3397,2160,1216,3449,1951,1382,3430,1525,1789
38017027-01,1110,358,660,1167,533,471,1128,327,710,1000,590,408,1031,719,303,1099,661,387,1085,538,487
38015004702,2865,499,2310,2901,779,1888,2890,451,2345,2711,748,1956,2765,1169,1581,3082,1014,1956,3042,844,1859
38017024-01,205,27,170,208,44,146,205,20,180,191,66,125,194,96,98,199,73,120,199,57,127
38017022-03,305,50,245,304,82,186,304,37,254,260,100,160,261,140,117,284,83,195,285,59,211
38017044-02,3266,879,2266,3323,1415,1506,3311,814,2366,3143,1339,1795,3224,1917,1291,3326,1653,1550,3322,1282,1903
38017022-07,485,88,382,481,124,310,488,82,388,515,169,346,518,256,262,559,163,378,558,138,396
38017013-02,1837,427,1300,1868,733,889,1839,407,1303,1721,826,892,1777,1090,671,1816,868,881,1794,677,1035
38035004304,797,249,518,843,356,376,820,250,531,741,364,377,766,492,271,904,463,409,889,351,507
38017013-03,3311,593,2611,3306,1198,1826,3308,550,2639,3106,1129,1976,3186,1684,1484,3525,1483,1932,3517,1089,2293
38105000211,592,84,458,613,99,463,589,79,446,479,119,359,495,130,358,689,144,523,660,111,467
38091002305,194,54,135,191,71,104,193,49,137,182,68,114,188,109,78,207,74,129,206,63,133
38047002803,237,32,191,231,41,172,238,27,198,220,46,172,218,74,143,232,39,190,229,34,167
38075000604,79,11,66,78,12,57,80,9,69,76,17,59,75,26,49,72,17,55,72,10,59
38053000402,174,120,41,177,132,21,172,104,54,237,197,39,240,216,24,238,203,31,230,181,44
38103001406,276,42,227,278,51,209,276,22,248,272,53,218,276,73,202,256,48,205,247,31,164
38017041-02,3300,671,2493,3341,1241,1719,3326,663,2531,3120,1245,1871,3204,1703,1482,3473,1622,1725,3453,1233,2113
38035004204,1197,369,757,1286,517,617,1222,387,774,1008,437,564,1053,610,438,1127,529,555,1106,429,633
38035004202,1166,446,624,1268,575,475,1211,428,677,698,347,349,728,437,283,846,458,332,814,373,379
38077002507,195,30,151,198,52,123,194,24,153,201,67,133,203,98,103,218,70,144,212,51,143
38077002601,171,21,141,167,19,123,171,15,148,160,40,119,165,60,104,203,34,155,200,28,156
38097002009,246,53,177,252,78,140,249,49,189,209,70,139,214,108,106,255,94,151,254,82,158
38015000708,1313,204,1066,1318,274,934,1331,170,1114,1408,369,1038,1438,552,872,1677,501,1132,1645,412,1050
38015000706,1174,132,1015,1180,209,870,1181,129,1010,1228,273,955,1263,387,873,1460,320,1105,1446,286,995
38035001804,756,258,441,782,320,346,766,258,448,678,328,342,713,433,264,744,356,348,734,286,399
38059003101,270,36,228,272,36,222,271,25,238,231,39,192,237,50,185,258,35,216,251,24,179
38059003405,1040,225,762,1044,278,653,1046,196,803,953,304,646,964,430,527,1043,327,675,1033,286,601
38059003102,251,21,225,257,25,220,256,12,237,244,35,209,243,46,197,265,33,231,260,24,181
38017046-01,2278,672,1484,2303,1018,1004,2285,653,1512,2095,1020,1069,2145,1373,761,2203,1174,942,2178,939,1158
38017021-01,3211,1158,1812,3303,1714,1125,3208,1219,1724,3109,1938,1164,3213,2279,903,3236,2025,1106,3222,1654,1433
38101003801,293,54,212,307,69,204,301,52,226,174,53,121,179,69,110,276,88,176,266,76,167
38025003901,119,5,114,120,7,107,121,4,117,98,10,88,101,12,88,122,9,107,123,4,86
38101000403,181,27,149,182,37,140,177,18,156,143,38,105,147,57,90,189,41,147,187,27,141
38003002401,420,78,333,419,141,240,419,63,346,363,109,254,372,191,178,398,166,219,400,117,261
38105000205,326,64,244,340,61,239,336,60,248,281,95,186,286,110,175,317,66,240,313,55,214
38035001703,2174,576,1504,2228,871,1112,2208,649,1469,2025,817,1204,2099,1178,909,2223,1018,1120,2200,802,1316
38007003903,108,9,97,109,7,95,107,3,102,95,13,82,95,21,74,112,8,103,108,5,75
38073002401,361,120,226,365,166,161,362,111,237,328,163,165,336,207,124,368,167,190,368,126,226
38015000705,829,85,725,837,128,656,832,84,723,763,147,614,772,203,567,815,148,650,802,122,536
38015003001,1639,274,1301,1682,345,1174,1657,234,1357,1437,340,1092,1467,471,991,1596,350,1209,1568,294,1050
38015003505,1510,242,1213,1529,375,1018,1531,214,1266,1395,378,1012,1418,557,850,1464,486,931,1446,390,890
38015003502,1619,479,1047,1658,628,781,1634,453,1063,1536,640,891,1573,863,699,1579,745,769,1559,609,775
38017041-01,4226,944,3057,4265,1689,2085,4230,986,3011,3966,1785,2172,4056,2370,1660,4331,2125,2033,4299,1593,2523
38015003503,1400,259,1091,1420,380,890,1418,236,1108,1371,385,982,1384,584,791,1382,457,884,1374,396,814
38047002805,82,3,77,83,7,70,82,6,73,71,7,64,69,15,51,82,6,72,81,5,62
38003002410,87,17,66,88,28,54,85,17,62,76,28,48,78,38,39,86,29,57,85,28,53
38035001803,475,135,308,497,194,248,485,160,304,430,202,228,444,272,166,456,203,233,443,159,260
38059003404,878,150,701,886,213,593,885,135,726,791,235,555,805,324,471,829,249,545,814,211,483
38085003101,195,126,57,205,138,18,189,114,46,279,229,50,287,268,18,147,130,16,147,110,31
38045002901,206,17,186,201,29,159,207,9,192,193,37,156,195,60,135,212,33,177,213,19,186
38097002004,773,161,575,775,255,435,784,149,600,700,249,451,717,411,302,810,306,476,810,244,529
38015000702,1210,143,1029,1226,251,867,1226,128,1063,1272,264,1004,1303,457,836,1619,410,1159,1596,333,1080
38015003506,1093,210,838,1093,292,671,1095,176,877,957,276,679,979,408,562,1000,333,618,995,275,603
38035004203,1041,240,747,1220,411,680,1116,265,773,591,234,355,619,319,297,584,263,296,560,194,325
38035004302,1501,475,970,1563,656,762,1532,473,1013,1513,627,884,1575,917,651,1754,816,882,1713,651,1003
38057000401,9,4,5,9,5,4,9,3,6,10,6,4,10,7,3,10,7,3,10,4,6
38015003205,1412,279,1062,1432,338,934,1428,227,1135,1327,417,899,1354,564,770,1765,525,1173,1744,455,1084
38059003303,158,20,133,158,15,137,157,11,139,125,21,104,127,24,103,157,11,140,152,16,89
38059003406,642,128,476,653,166,392,654,125,495,610,217,390,619,284,327,683,210,453,678,170,384
38059003106,592,129,446,596,170,369,599,119,459,538,182,355,544,243,293,558,187,347,551,153,335
38015003501,1079,222,819,1105,311,652,1101,203,854,997,294,699,1026,467,555,1056,406,600,1045,331,602
38025000401,127,84,34,127,91,24,125,73,40,125,100,25,129,108,21,116,74,39,116,65,44
38105000103,268,33,226,275,37,216,274,21,241,241,57,184,246,71,175,338,60,273,328,45,242
38035004201,1011,271,681,1040,363,562,1032,249,731,933,369,559,976,539,427,1084,449,580,1069,378,651
38025003604,20,1,17,20,1,18,19,1,15,16,4,12,17,1,15,18,2,16,18,2,13
38015003207,817,158,626,820,205,542,827,130,657,747,228,515,757,325,423,994,295,662,984,256,612
38035001806,177,78,91,185,101,64,182,85,87,194,115,79,198,131,66,198,125,64,198,104,87
38065003302,119,12,103,115,14,92,118,7,108,110,27,80,105,33,69,119,16,98,115,15,84
38035004305,204,87,105,221,98,96,210,78,116,212,114,98,217,137,78,262,148,105,256,123,120
