GEOID10,Tot_2010_tot,Wh_2010_tot,Bl_2010_tot,Hisp_2010_tot,Nat_2010_tot,Oth_2010_tot,Asn_2010_tot,Pac_2010_tot,Bl+_2010_tot,Nat+_2010_tot,Asn+_2010_tot,Pac+_2010_tot,Tot_2010_vap,Wh_2010_vap,Bl_2010_vap,Hisp_2010_vap,Nat_2010_vap,Oth_2010_vap,Asn_2010_vap,Pac_2010_vap,Bl+_2010_vap,Nat+_2010_vap,Asn+_2010_vap,Pac+_2010_vap,Tot_2018_tot,Wh_2018_tot,Bl_2018_tot,Hisp_2018_tot,Nat_2018_tot,Oth_2018_tot,Asn_2018_tot,Pac_2018_tot,Bl+_2018_tot,Nat+_2018_tot,Asn+_2018_tot,Pac+_2018_tot
3800139-01,213,211,0,0,0,2,0,0,0,2,0,0,169,167,0,0,0,2,0,0,0,2,0,0,180.2,178.4,1.5,0.0,0.0,0.3,0.0,0.0,1.5,0.3,0.0,0.0
3800139-02,1881,1814,7,17,13,19,9,2,7,26,17,2,1519,1483,2,9,7,8,9,1,2,15,10,1,1901.4,1727.5,37.9,39.3,27.0,5.7,64.0,0.0,41.9,30.7,67.0,0.0
3800139-03,249,241,1,3,2,2,0,0,2,4,0,0,209,203,1,1,2,2,0,0,2,3,0,0,269.3,243.1,8.5,1.7,0.9,1.0,14.0,0.0,8.5,2.0,14.9,0.0
3800320-06,598,583,0,6,1,8,0,0,1,8,0,0,473,465,0,3,1,4,0,0,0,5,0,0,654.0,642.2,0.0,3.3,0.0,1.7,3.0,3.8,0.0,1.7,3.0,3.8
3800320-10,162,161,0,1,0,0,0,0,1,0,0,1,124,124,0,0,0,0,0,0,0,0,0,0,166.6,164.6,0.0,1.7,0.0,0.0,0.1,0.1,0.0,0.0,0.1,0.1
3800320-12,506,495,0,6,2,2,1,0,0,3,2,0,385,380,0,1,1,2,1,0,0,2,2,0,518.0,510.9,0.0,5.1,0.5,1.4,0.0,0.0,0.4,0.5,1.0,0.0
3800320-13,509,494,1,5,7,2,0,0,1,13,2,0,394,386,0,2,5,1,0,0,0,8,2,0,542.1,532.9,0.0,0.0,2.4,6.7,0.0,0.0,1.8,2.4,4.9,0.0
3800324-01,703,648,17,9,4,10,15,0,23,9,19,0,540,507,8,4,2,8,11,0,12,5,14,0,621.4,512.2,47.9,6.0,25.4,8.2,21.8,0.0,47.9,33.6,21.8,0.0
3800324-02,1613,1517,17,30,9,27,13,0,29,20,21,1,1294,1235,10,16,7,16,10,0,15,14,15,1,1268.6,1230.5,6.1,6.0,6.8,16.4,2.8,0.0,7.4,11.5,11.8,3.0
3800324-03,999,908,35,16,10,22,7,1,42,19,14,3,882,807,34,12,7,14,7,1,37,14,12,3,1000.4,904.7,23.1,21.0,6.1,40.3,5.2,0.0,27.6,15.9,26.0,10.5
3800324-04,1399,1325,6,20,13,24,11,0,17,23,17,0,1145,1100,6,12,8,10,9,0,10,13,12,0,1454.3,1315.5,94.2,20.3,7.3,16.7,0.3,0.0,94.4,12.3,11.5,0.5
3800324-05,1871,1816,4,21,11,11,8,0,6,21,10,0,1491,1450,4,14,8,9,6,0,6,16,8,0,2090.9,1877.7,65.9,89.6,34.4,6.3,16.9,0.0,65.9,40.7,16.9,0.0
3800324-07,418,409,1,1,0,7,0,0,6,2,0,0,311,308,1,1,0,1,0,0,1,1,0,0,439.5,429.9,0.0,0.2,0.0,1.9,3.3,4.2,0.0,1.9,3.3,4.2
3800324-08,207,206,0,0,0,1,0,0,1,0,0,0,141,141,0,0,0,0,0,0,0,0,0,0,193.6,190.7,0.0,1.0,0.0,0.4,0.7,0.8,0.0,0.4,0.7,0.8
3800324-09,483,469,0,5,1,5,3,0,0,7,6,0,370,361,0,3,1,3,2,0,0,4,3,0,463.9,444.0,2.8,9.7,6.9,0.5,0.0,0.0,2.8,7.4,0.0,0.0
3800324-11,1014,998,1,0,9,6,0,0,3,13,0,0,754,744,1,0,6,3,0,0,1,9,0,0,890.3,826.3,11.2,25.6,23.8,3.3,0.0,0.0,11.7,25.5,1.2,0.0
3800324-14,160,159,0,1,0,0,0,0,0,0,0,0,129,129,0,0,0,0,0,0,0,0,0,0,158.5,148.2,1.4,3.4,4.0,1.4,0.0,0.0,1.8,4.3,0.9,0.0
3800324-15,424,411,1,2,4,6,0,0,1,7,0,3,353,345,1,2,3,2,0,0,1,4,0,1,373.8,322.6,8.5,20.1,21.2,1.5,0.0,0.0,8.5,22.7,0.0,0.0
3800507-01,191,190,0,0,0,1,0,0,0,1,0,0,149,148,0,0,0,1,0,0,0,1,0,0,169.7,160.1,0.0,0.1,1.9,6.7,0.9,0.0,0.0,8.5,1.1,0.0
3800507-02,859,827,0,10,8,13,1,0,4,24,1,0,676,663,0,3,4,6,0,0,1,13,0,0,861.7,828.4,0.0,4.8,2.9,24.1,1.5,0.0,0.0,27.0,5.3,0.0
3800507-03,322,319,0,1,1,0,1,0,0,1,1,0,266,263,0,1,1,0,1,0,0,1,1,0,299.1,290.4,0.1,0.7,1.9,5.7,0.4,0.0,0.1,4.6,0.4,0.0
3800507-04,739,711,1,11,13,2,1,0,1,16,1,0,589,570,1,6,9,2,1,0,1,11,1,0,782.7,712.1,1.9,14.6,48.3,5.7,0.1,0.0,1.9,51.4,0.1,0.0
3800523-05,364,295,0,3,53,13,0,0,1,66,1,0,302,255,0,3,38,6,0,0,1,44,1,0,475.3,172.0,0.0,2.8,291.8,8.4,0.2,0.0,0.0,302.8,0.2,0.0
3800523-06,344,163,0,11,159,11,0,0,0,170,0,0,227,138,0,3,80,6,0,0,0,86,0,0,373.4,111.7,0.0,2.7,252.1,6.7,0.1,0.0,0.0,261.6,0.2,0.0
3800523-07,3135,171,0,26,2903,35,0,0,4,2959,1,2,1773,136,0,12,1608,17,0,0,0,1633,0,1,3177.1,377.4,0.0,17.1,2715.2,65.9,1.6,0.0,10.6,2793.5,5.1,0.0
3800523-08,706,185,0,15,494,11,0,1,1,512,0,4,439,157,0,9,269,3,0,1,0,274,0,2,747.1,164.9,0.0,20.2,518.9,39.7,3.4,0.0,1.3,577.4,8.7,0.0
3800739-01,219,211,0,0,3,1,4,0,0,4,4,0,190,182,0,0,3,1,4,0,0,4,4,0,278.7,257.2,3.2,16.8,1.5,0.0,0.0,0.0,3.2,1.5,0.0,0.0
3800739-02,417,416,0,1,0,0,0,0,0,0,0,0,329,328,0,1,0,0,0,0,0,0,0,0,482.5,445.3,5.6,29.1,2.6,0.0,0.0,0.0,5.6,2.6,0.0,0.0
3800739-03,147,144,0,3,0,0,0,0,2,0,0,0,126,123,0,3,0,0,0,0,2,0,0,0,184.8,170.5,2.1,11.1,1.0,0.0,0.0,0.0,2.1,1.0,0.0,0.0
3800906-01,909,883,2,5,8,10,1,0,9,9,3,1,760,743,1,5,6,4,1,0,4,7,1,1,992.9,946.2,0.2,23.1,1.3,19.4,2.6,0.0,1.3,13.0,2.6,0.0
3800906-03,229,218,0,5,2,4,0,0,0,6,0,0,186,181,0,2,2,1,0,0,0,3,0,0,232.8,220.0,0.0,3.8,7.2,1.7,0.0,0.0,0.7,8.3,0.0,0.0
3800906-04,716,689,0,2,5,17,2,1,3,16,4,3,569,557,0,1,4,5,1,1,1,7,2,1,663.6,626.0,10.2,14.1,10.7,2.5,0.0,0.0,10.7,11.3,0.3,0.0
3800906-05,281,270,1,6,1,3,0,0,2,2,0,0,211,205,1,2,1,2,0,0,1,1,0,0,235.2,221.7,5.1,4.5,3.1,0.7,0.0,0.0,5.1,3.1,0.0,0.0
3800906-06,712,677,0,7,15,12,1,0,1,25,2,0,580,554,0,4,10,11,1,0,0,20,2,0,735.0,700.5,0.1,13.1,9.5,9.5,2.2,0.0,1.5,15.2,2.2,0.0
3800906-07,121,121,0,0,0,0,0,0,0,0,0,0,101,101,0,0,0,0,0,0,0,0,0,0,126.4,119.5,0.0,2.1,3.9,0.9,0.0,0.0,0.4,4.5,0.0,0.0
3800906-08,379,357,1,11,2,8,0,0,2,8,4,0,302,291,1,6,2,2,0,0,1,3,1,0,402.6,380.0,1.1,13.1,6.5,1.8,0.0,0.0,1.8,7.2,1.1,0.0
3800906-10,573,544,5,13,3,7,1,0,6,10,1,0,432,421,2,5,2,2,0,0,2,5,0,0,575.8,543.6,1.5,18.7,9.3,2.6,0.0,0.0,2.6,10.4,1.5,0.0
3800906-11,298,283,1,3,7,4,0,0,1,11,0,0,255,245,1,3,3,3,0,0,1,6,0,0,291.4,284.8,0.0,0.0,0.8,3.1,2.7,0.0,1.2,2.7,2.7,0.0
3800906-12,720,669,0,8,24,14,5,0,0,39,6,0,580,544,0,3,21,10,2,0,0,30,3,0,746.3,590.4,21.9,21.4,85.6,26.9,0.0,0.0,29.1,109.2,0.0,0.0
3800906-13,558,496,15,10,23,13,1,0,23,28,2,0,473,424,15,7,19,7,1,0,17,24,2,0,608.6,481.5,17.9,17.4,69.8,21.9,0.0,0.0,23.7,89.0,0.0,0.0
3800906-14,505,452,0,6,33,12,2,0,0,47,3,0,416,379,0,4,24,7,2,0,0,31,3,0,537.1,508.5,1.0,9.2,13.3,1.0,4.1,0.0,1.0,14.3,4.1,0.0
3800906-15,428,403,0,6,7,9,3,0,0,14,4,0,342,325,0,3,6,6,2,0,0,11,3,0,441.6,418.0,0.8,7.6,10.9,0.8,3.4,0.0,0.8,11.8,3.4,0.0
3801139-01,1654,1576,0,64,3,9,2,0,3,9,2,0,1339,1297,0,34,2,4,2,0,2,4,2,0,1626.8,1459.0,0.9,142.7,20.7,3.6,0.0,0.0,0.9,51.9,0.0,0.0
3801139-02,585,570,3,10,1,1,0,0,3,7,0,0,417,411,0,5,0,1,0,0,0,4,0,0,565.1,540.6,0.1,19.4,2.3,2.6,0.0,0.0,0.8,7.7,0.0,0.0
3801139-03,380,376,0,0,0,4,0,0,0,3,0,0,297,295,0,0,0,2,0,0,0,1,0,0,430.8,424.0,0.0,6.7,0.0,0.0,0.0,0.0,0.0,0.0,0.0,0.0
3801139-04,532,517,0,4,9,2,0,0,0,11,0,0,422,416,0,3,2,1,0,0,0,3,0,0,572.4,557.4,0.0,4.2,0.0,10.8,0.0,0.0,3.3,7.5,0.0,0.0
380132-01,120,108,0,12,0,0,0,0,0,0,0,0,96,88,0,8,0,0,0,0,0,0,0,0,144.7,132.6,1.8,3.9,2.2,4.2,0.0,0.0,1.8,2.8,3.6,0.0
380132-02,580,563,0,4,2,2,9,0,0,3,10,0,454,442,0,4,2,2,4,0,0,3,5,0,684.3,627.0,8.4,18.7,10.3,19.9,0.0,0.0,8.4,13.2,16.9,0.0
380132-03,615,600,0,7,6,2,0,0,0,8,1,0,476,470,0,2,2,2,0,0,0,4,1,0,647.5,618.0,1.2,22.0,3.5,2.8,0.0,0.0,1.2,3.9,2.4,0.0
380132-04,276,265,3,0,0,5,3,0,7,1,3,0,228,221,3,0,0,1,3,0,3,1,3,0,304.9,293.1,0.0,10.7,1.1,0.0,0.0,0.0,0.0,1.1,0.0,0.0
380132-05,227,215,0,9,1,1,1,0,0,4,2,0,185,181,0,2,1,0,1,0,0,1,1,0,253.2,241.0,0.6,8.5,1.5,1.5,0.0,0.0,0.6,1.7,1.3,0.0
380132-06,150,140,1,5,3,1,0,0,2,3,0,0,120,112,1,4,3,0,0,0,1,3,0,0,178.3,164.3,2.0,5.0,2.4,4.6,0.0,0.0,2.0,3.1,3.9,0.0
380158-04,334,328,0,0,3,3,0,0,0,6,0,0,278,272,0,0,3,3,0,0,0,6,0,0,325.4,320.3,0.0,4.8,0.1,0.3,0.0,0.0,0.0,0.1,0.3,0.0
380158-05,3109,3028,7,27,18,19,5,5,12,27,9,5,2157,2114,5,14,11,6,3,4,6,14,3,4,3399.9,3260.3,6.3,40.4,31.8,61.0,0.2,0.0,6.3,86.3,9.8,0.0
380158-06,6099,5758,22,65,140,89,25,0,50,194,49,5,4547,4374,13,35,69,38,18,0,17,96,28,2,8642.9,7701.6,395.7,175.9,202.2,117.8,49.7,0.0,415.7,351.5,56.0,0.0
380158-10,3939,3799,16,39,29,44,10,2,24,60,15,8,2780,2701,8,24,17,22,7,1,9,36,10,6,4724.4,4234.5,71.2,88.2,294.2,30.0,6.0,0.3,76.2,323.2,6.7,0.3
3801514-11,330,319,0,1,4,6,0,0,0,11,0,0,247,242,0,0,2,3,0,0,0,5,0,0,323.2,301.9,0.0,5.4,10.6,4.5,0.8,0.0,0.0,11.5,4.1,0.0
3801514-12,234,230,1,0,0,3,0,0,1,3,0,0,187,183,1,0,0,3,0,0,1,3,0,0,235.1,223.6,0.0,3.8,5.1,2.2,0.4,0.0,0.0,5.5,2.0,0.0
3801514-13,607,580,3,3,8,12,0,1,5,18,2,7,472,459,0,3,5,4,0,1,0,8,2,1,584.2,559.7,0.0,9.2,10.2,4.3,0.8,0.0,0.0,11.0,3.9,0.0
3801514-16,559,535,1,4,10,9,0,0,2,18,0,0,434,421,1,2,9,1,0,0,1,10,0,0,664.0,628.6,0.0,19.9,4.4,8.5,1.3,1.4,15.4,12.2,4.6,1.4
3801514-17,569,553,0,10,2,4,0,0,2,4,0,0,457,447,0,5,2,3,0,0,1,4,0,0,649.0,625.2,0.0,10.4,2.8,7.1,3.0,0.4,4.4,9.8,4.0,0.4
3801514-19,3320,3171,12,24,60,52,1,0,20,94,16,0,2265,2188,6,17,37,17,0,0,6,50,7,0,4144.2,3915.5,76.7,6.0,116.4,28.7,0.9,0.0,76.7,145.2,0.9,0.0
3801530-20,1953,1477,12,23,419,13,9,0,18,432,12,0,1419,1122,12,22,250,7,6,0,15,261,7,0,2359.3,2103.1,16.7,55.0,108.4,76.1,0.0,0.0,17.3,114.9,68.9,0.0
3801530-21,1609,1515,30,20,15,16,11,2,33,23,18,2,1347,1264,30,19,12,11,9,2,32,17,13,2,1689.2,1494.7,12.3,84.4,83.0,14.7,0.0,0.0,12.9,97.2,0.0,0.0
3801530-22,2844,2502,22,51,202,59,6,2,33,257,13,6,2269,2073,16,31,117,27,3,2,20,141,10,3,2819.1,2446.9,94.9,62.2,130.9,21.4,62.8,0.0,94.9,152.2,62.8,0.0
3801530-23,2087,1830,14,38,152,50,2,1,27,203,3,1,1678,1531,12,19,93,20,2,1,14,115,3,1,2076.2,1820.9,97.9,54.4,77.5,13.2,12.2,0.0,97.9,90.7,12.2,0.0
3801530-24,3923,3487,59,75,250,41,6,5,76,275,14,7,3324,2974,54,62,210,17,5,2,60,223,9,4,4131.2,3562.9,163.0,157.6,173.5,62.4,11.9,0.0,174.1,219.6,16.1,0.0
3801530-25,3199,2960,3,39,138,45,14,0,9,168,22,1,2418,2290,2,19,78,22,7,0,4,92,11,1,3287.1,2998.0,4.1,68.4,37.6,179.1,0.0,0.0,4.1,199.0,27.1,0.0
3801532-31,1737,1545,6,10,142,31,2,1,15,172,3,1,1356,1239,4,6,91,14,2,0,7,104,3,0,1788.0,1448.2,41.4,20.6,225.3,49.4,3.1,0.0,41.4,274.1,3.8,0.0
3801532-33,2047,1580,26,57,325,51,8,0,41,378,11,3,1584,1338,11,29,174,25,7,0,17,194,10,2,1754.4,1287.0,71.7,37.3,332.9,25.5,0.0,0.0,71.7,393.4,0.0,0.0
3801532-34,1730,1468,10,22,194,28,7,1,18,218,11,3,1481,1299,9,17,134,14,7,1,11,149,10,2,1968.9,1454.1,43.3,152.8,241.0,66.7,11.0,0.0,47.5,274.6,41.6,6.7
3801532-36,1740,1523,24,21,133,29,10,0,36,158,14,1,1417,1269,16,14,97,12,9,0,18,109,11,1,1415.5,1223.3,19.5,94.5,38.6,39.7,0.0,0.0,30.3,56.8,20.2,17.3
3801532-37,2357,2295,3,14,26,12,7,0,7,30,10,0,1789,1756,1,5,17,6,4,0,3,20,5,0,2821.4,2712.5,0.0,74.9,17.2,16.8,0.0,0.0,0.0,35.2,4.6,0.0
3801532-38,3099,2771,14,45,196,55,18,0,32,243,26,0,2409,2214,9,30,117,21,18,0,12,138,23,0,3285.7,2949.6,9.6,177.2,108.4,35.0,6.0,0.0,9.6,144.1,14.6,0.0
3801532-39,1327,1235,11,15,29,26,11,0,16,43,17,0,1072,1017,6,9,20,14,6,0,6,31,9,0,1216.4,1094.0,5.3,54.9,38.6,14.7,6.3,2.6,6.5,39.0,18.6,3.5
3801535-51,1826,1739,2,25,37,12,10,1,8,47,13,1,1506,1441,2,20,26,9,8,0,4,36,10,0,2479.1,2174.8,15.3,17.8,92.8,99.0,35.0,44.4,36.1,105.7,92.6,59.5
3801535-52,2001,1927,4,17,32,16,5,0,11,40,5,0,1667,1621,4,11,19,7,5,0,5,23,5,0,2153.1,2044.5,16.6,0.0,41.8,50.2,0.0,0.0,41.8,74.9,0.0,0.0
3801535-53,3156,2951,11,34,102,36,21,1,22,134,22,1,2457,2328,7,24,60,22,15,1,11,80,15,1,3056.6,2958.6,76.5,5.4,4.4,11.7,0.0,0.0,79.4,13.2,0.0,0.0
3801535-54,1622,1459,16,27,76,35,9,0,28,105,9,0,1331,1236,14,19,44,13,5,0,15,57,5,0,1533.2,1454.3,72.9,0.0,6.0,0.0,0.0,0.0,72.9,6.0,0.0,0.0
3801535-55,1924,1837,13,16,33,20,5,0,19,42,11,0,1537,1483,9,12,25,5,3,0,10,29,5,0,2251.0,2102.0,138.0,0.0,0.0,11.0,0.0,0.0,138.0,11.0,0.0,0.0
3801535-56,2995,2690,38,71,142,43,11,0,52,177,16,4,2549,2328,28,45,112,26,10,0,37,135,13,2,3292.3,2836.0,76.2,173.9,123.1,59.4,23.7,0.0,86.0,134.3,68.1,0.0
3801547-40,3188,3090,1,17,42,29,9,0,1,49,22,0,2188,2144,0,7,17,13,7,0,0,21,11,0,5296.0,4817.2,0.1,195.0,215.1,66.9,1.8,0.0,23.8,215.7,43.7,0.0
3801547-41,5099,4832,11,47,75,61,73,0,27,101,90,1,3656,3510,6,26,39,24,51,0,9,52,58,1,7489.1,6775.1,50.7,120.9,320.5,96.6,125.2,0.0,55.1,370.3,153.0,0.0
3801547-42,2427,2271,20,25,59,39,11,2,31,82,16,5,1986,1892,11,14,40,17,10,2,14,53,13,2,2419.0,1960.0,236.0,70.0,0.0,153.0,0.0,0.0,315.0,86.0,0.0,0.0
3801547-45,2492,2297,27,26,76,34,30,2,42,95,41,3,2127,2020,11,11,46,16,21,2,17,57,26,3,2785.2,2275.2,28.3,5.0,201.4,90.9,184.4,0.0,44.7,265.6,194.7,0.0
3801547-46,2038,1932,14,22,31,31,8,0,19,48,21,1,1619,1560,10,11,16,18,4,0,11,26,13,1,2030.0,1723.4,64.0,26.0,101.3,73.0,42.3,0.0,80.6,157.7,42.3,0.0
3801547-48,3788,3540,23,56,84,43,42,0,41,113,50,4,2955,2804,17,31,56,15,32,0,20,71,35,2,4647.7,4315.6,45.9,123.0,74.6,64.4,24.3,0.0,45.9,120.6,27.0,0.0
3801711-01,5335,5043,46,99,43,64,38,2,70,79,58,3,4149,3977,20,58,34,29,30,1,26,55,39,2,4815.0,4395.4,198.3,77.2,19.0,82.5,42.6,0.0,198.3,45.5,42.6,0.0
3801711-02,7778,6554,388,234,192,205,201,4,488,306,242,8,6208,5426,233,143,146,102,154,4,277,202,172,6,7814.9,6522.9,456.4,322.6,85.0,168.9,259.1,0.0,492.5,353.6,327.9,0.0
3801713-01,4772,4550,22,79,30,61,30,0,45,65,50,1,3512,3369,18,44,25,32,24,0,24,42,35,1,5323.4,4896.7,32.4,174.6,42.3,134.0,43.5,0.0,38.3,152.1,120.5,0.0
3801713-02,6128,5397,257,179,89,127,79,0,301,151,105,3,4698,4305,125,92,68,52,56,0,130,105,67,2,6635.0,5549.3,645.3,141.2,56.5,185.0,57.8,0.0,783.2,105.1,88.7,0.5
3801713-03,7414,6846,123,109,45,107,178,6,165,104,213,9,5343,5034,70,55,27,43,111,3,81,48,126,6,8346.4,7554.0,71.7,193.4,67.1,274.6,185.6,0.0,175.6,248.4,259.4,0.0
3801720-01,327,304,0,18,0,4,1,0,3,1,3,0,232,224,0,7,0,0,1,0,0,0,1,0,357.3,342.7,0.0,4.6,0.2,9.9,0.0,0.0,1.4,7.7,0.9,0.0
3801720-02,968,940,0,9,4,14,1,0,1,14,3,0,757,742,0,5,2,7,1,0,0,8,1,0,1043.4,1022.0,5.5,3.1,4.2,8.7,0.0,0.0,5.9,12.5,0.0,0.0
3801721-01,6202,5503,161,188,145,133,70,2,211,210,102,4,5116,4661,110,103,116,65,59,2,128,150,74,4,6346.6,5346.9,380.7,227.0,82.6,108.7,200.6,0.0,411.2,205.7,221.3,9.4
3801721-02,7475,6237,286,243,222,176,309,2,361,354,356,13,6605,5645,205,158,177,129,289,2,248,257,327,7,7931.1,6294.8,713.9,165.2,100.1,452.6,204.4,0.0,993.3,248.1,283.5,130.6
3801722-01,151,151,0,0,0,0,0,0,0,0,0,0,114,114,0,0,0,0,0,0,0,0,0,0,181.3,173.3,0.0,2.4,0.0,5.6,0.0,0.0,0.8,4.3,0.5,0.0
3801722-02,962,931,0,6,9,13,2,1,2,18,5,2,732,716,0,3,4,6,2,1,0,10,3,1,939.7,925.4,0.0,9.9,2.5,1.9,0.0,0.0,0.6,3.8,0.0,0.0
3801722-03,1275,1250,2,3,8,11,1,0,7,14,1,0,979,965,1,2,7,3,1,0,1,10,1,0,1305.0,1286.1,0.0,6.4,6.0,6.6,0.0,0.0,0.8,11.2,0.5,0.0
3801722-04,864,849,1,0,7,6,1,0,1,12,2,0,572,564,1,0,3,3,1,0,1,6,1,0,848.9,834.3,5.0,0.0,2.2,7.4,0.0,0.0,5.5,9.2,0.0,0.0
3801722-05,2853,2738,5,58,28,21,2,1,6,48,5,3,1986,1931,0,27,14,12,1,1,0,25,3,1,3020.3,2922.4,18.0,27.6,16.0,36.3,0.0,0.0,18.0,52.3,0.0,0.0
3801722-06,1277,1205,29,30,3,4,6,0,31,10,6,1,898,864,12,14,2,3,3,0,13,6,3,0,1642.2,1397.5,91.9,32.7,3.5,108.5,8.0,0.0,92.1,39.8,80.1,0.0
3801722-07,551,526,1,3,3,11,7,0,2,9,10,0,414,395,1,3,3,7,5,0,1,7,7,0,624.3,531.1,41.6,23.1,0.8,4.6,23.1,0.0,50.6,4.4,23.1,0.8
3801722-08,704,691,0,8,2,3,0,0,2,6,0,0,547,538,0,7,2,0,0,0,1,4,0,0,706.5,676.5,0.0,26.0,0.0,4.0,0.0,0.0,0.0,2.7,4.0,0.0
3801722-09,1651,1578,3,37,7,25,1,0,5,23,8,0,1162,1120,2,24,5,10,1,0,2,12,4,0,1693.8,1620.5,0.9,41.6,8.0,9.9,0.0,13.0,0.9,11.4,9.9,17.0
3801722-10,6397,6041,82,85,41,87,58,3,106,79,95,3,4411,4213,45,45,25,33,48,2,49,45,64,2,11719.0,10709.2,321.0,110.4,18.8,264.6,295.0,0.0,325.5,104.1,469.9,0.0
3801722-11,3073,2983,11,23,33,15,8,0,17,53,10,0,2087,2038,4,13,18,8,6,0,7,29,7,0,3738.2,3397.3,36.5,200.8,1.1,54.4,48.1,0.0,36.8,45.2,58.2,0.0
3801722-12,773,754,0,13,3,3,0,0,0,3,0,0,553,544,0,6,1,2,0,0,0,1,0,0,867.8,849.5,2.1,14.1,0.0,2.1,0.0,0.0,2.1,0.0,2.1,0.0
3801727-01,11835,9886,644,351,166,323,463,2,756,323,547,16,10002,8723,382,224,124,187,360,2,429,224,418,12,13419.8,8293.3,2437.0,673.8,298.0,406.3,1311.4,0.0,2534.8,568.4,1462.5,10.0
3801727-02,2120,1922,40,39,31,53,35,0,65,45,51,0,1592,1481,24,23,17,20,27,0,32,24,33,0,2066.8,1634.3,221.5,67.7,7.6,9.8,126.0,0.0,222.9,15.9,126.0,0.0
3801727-03,1971,1787,35,63,17,40,28,1,46,34,39,1,1681,1566,22,42,14,17,19,1,25,23,25,1,3804.8,3391.0,229.1,29.5,4.2,58.9,92.2,0.0,230.1,23.2,131.1,0.0
3801727-04,8655,7928,204,169,42,133,174,5,254,91,204,11,6427,6013,99,102,28,53,129,3,111,52,142,6,17075.1,15603.7,467.7,160.8,27.4,385.6,429.9,0.0,474.2,151.7,684.6,0.0
3801727-05,1432,1380,13,12,6,15,6,0,14,7,18,0,1113,1082,5,11,5,5,5,0,5,6,9,0,2342.5,2149.0,48.0,26.4,2.8,71.4,45.0,0.0,48.6,47.4,71.1,0.0
3801741-01,8462,7438,351,177,77,191,227,1,439,166,268,4,6614,6044,185,96,48,72,168,1,203,88,184,2,9632.4,7802.5,896.9,239.4,240.6,75.6,377.3,0.0,960.9,261.0,381.5,0.0
3801741-02,6281,5780,81,77,29,78,233,3,109,48,260,17,4634,4330,44,49,16,34,158,3,50,27,168,11,5675.0,4815.0,261.0,228.0,35.0,118.0,218.0,0.0,344.0,186.0,218.0,0.0
3801744-01,7314,6740,58,171,91,132,121,1,98,174,161,6,6089,5671,43,110,78,80,106,1,57,126,130,3,6763.2,6147.2,153.8,124.1,48.0,254.3,35.8,0.0,179.9,157.8,166.1,14.0
3801744-02,5297,5011,31,53,40,53,104,5,42,66,127,6,4176,3976,24,33,31,25,84,3,27,44,95,3,4881.5,4580.5,0.0,22.3,139.6,50.1,89.0,0.0,6.0,183.7,89.0,0.0
3801745-01,6536,5480,86,103,37,105,723,2,120,76,766,5,6167,5180,84,91,35,90,685,2,112,70,721,5,6695.3,5485.8,343.9,168.2,38.6,124.5,528.1,6.1,382.7,85.1,561.1,14.7
3801745-02,5611,5153,56,97,82,107,115,1,89,138,145,10,4356,4041,41,57,62,58,96,1,53,94,114,7,5706.5,4884.4,67.9,308.4,64.0,243.4,112.5,25.9,140.1,210.4,152.5,62.3
3801745-06,1846,1812,2,5,11,12,4,0,4,17,6,1,1284,1265,0,3,7,6,3,0,1,10,4,1,2192.0,1986.8,142.9,37.6,2.7,15.2,6.8,0.0,174.4,13.7,6.8,2.7
3801746-01,6149,5531,175,145,79,116,102,1,237,125,141,3,5021,4623,125,86,57,47,82,1,138,82,100,3,6217.2,5245.2,206.4,375.6,46.4,134.4,209.3,0.0,286.8,94.2,302.0,8.4
3801746-02,9339,8611,179,129,59,159,196,6,244,113,253,13,6887,6457,95,80,35,70,147,3,118,69,170,8,11829.7,10732.7,306.6,239.3,33.2,238.9,279.0,0.0,417.1,198.4,393.7,1.6
3801910-01,161,158,0,0,3,0,0,0,0,3,0,0,133,130,0,0,3,0,0,0,0,3,0,0,166.2,161.1,0.2,0.0,0.0,4.8,0.0,0.0,3.9,1.0,0.0,0.0
3801910-02,169,165,0,0,0,3,1,0,0,0,1,0,132,130,0,0,0,1,1,0,0,0,1,0,165.0,159.9,0.2,0.0,0.0,4.8,0.0,0.0,3.8,1.0,0.0,0.0
3801910-03,390,388,0,0,1,1,0,0,0,2,0,0,301,299,0,0,1,1,0,0,0,2,0,0,376.1,364.7,0.4,0.0,0.0,11.0,0.0,0.0,8.8,2.2,0.0,0.0
3801910-04,105,105,0,0,0,0,0,0,0,0,0,0,79,79,0,0,0,0,0,0,0,0,0,0,98.7,95.7,0.1,0.0,0.0,2.9,0.0,0.0,2.3,0.6,0.0,0.0
3801910-05,112,112,0,0,0,0,0,0,0,0,0,0,93,93,0,0,0,0,0,0,0,0,0,0,130.8,123.8,0.0,0.0,1.1,5.9,0.0,0.0,0.0,7.0,0.0,0.0
3801910-06,170,165,0,0,2,1,2,0,0,2,3,0,145,142,0,0,2,0,1,0,0,2,1,0,203.9,193.0,0.0,0.0,1.7,9.3,0.0,0.0,0.0,10.9,0.0,0.0
3801910-07,240,235,0,1,3,1,0,0,0,4,0,0,204,199,0,1,3,1,0,0,0,4,0,0,273.4,259.4,0.0,0.0,2.4,11.7,0.0,0.0,0.0,14.1,0.0,0.0
3801910-08,198,190,0,4,4,0,0,0,0,4,0,0,168,162,0,2,4,0,0,0,0,4,0,0,135.0,132.4,0.0,0.0,2.0,0.6,0.0,0.0,0.0,2.6,0.0,0.0
3801910-09,570,553,0,4,9,2,2,0,1,13,2,0,433,424,0,2,4,1,2,0,0,5,2,0,412.3,399.4,0.1,0.6,4.9,7.3,0.0,0.0,1.2,11.0,0.0,0.0
3801910-10,1878,1819,4,15,13,22,4,1,6,30,5,2,1519,1485,1,9,13,8,2,1,2,18,3,1,1862.6,1747.6,3.0,44.4,36.0,31.6,0.0,0.0,3.0,67.6,0.0,0.0
3802126-02,413,405,2,5,0,1,0,0,2,1,0,0,311,305,1,4,0,1,0,0,1,1,0,0,420.2,387.6,0.3,21.9,10.1,0.1,0.2,0.0,0.4,10.1,0.2,0.0
3802126-03,2730,2602,9,74,6,22,17,0,18,14,25,0,2076,2014,4,29,4,13,12,0,9,11,15,0,2819.2,2647.4,33.0,116.7,10.1,0.0,12.0,0.0,33.0,10.1,12.0,0.0
3802128-01,2146,2037,24,21,24,34,5,1,36,53,9,1,1687,1613,17,18,19,14,5,1,23,32,7,1,1730.6,1606.0,23.7,31.5,47.8,11.9,9.8,0.0,25.6,49.8,13.8,0.0
3802302-01,1070,1033,3,20,5,6,3,0,6,9,4,0,884,867,3,7,1,3,3,0,5,2,4,0,1052.1,1010.3,0.0,0.0,13.9,0.0,27.9,0.0,0.0,13.9,27.9,0.0
3802302-02,455,448,1,2,2,2,0,0,2,3,0,0,376,374,0,1,0,1,0,0,1,0,0,0,568.1,507.8,9.6,21.1,7.8,7.8,14.1,0.0,9.6,15.2,27.7,0.0
3802302-03,286,278,1,1,1,5,0,0,1,6,0,0,233,230,0,1,1,1,0,0,0,2,0,0,385.4,336.2,8.6,18.9,5.3,7.0,9.3,0.0,8.6,12.0,21.6,0.0
3802302-04,260,247,0,7,2,1,3,0,0,4,4,0,224,214,0,4,2,1,3,0,0,4,4,0,363.5,318.7,7.7,17.0,5.0,6.3,8.8,0.0,7.7,11.0,19.8,0.0
3802504-01,213,20,1,6,185,1,0,0,1,189,0,0,143,19,1,3,119,1,0,0,1,120,0,0,214.9,164.9,7.4,5.0,33.3,2.4,2.1,0.0,7.4,40.3,2.6,0.0
3802504-02,316,291,1,3,15,3,3,0,1,17,4,0,255,236,1,3,11,1,3,0,1,12,3,0,482.4,414.4,1.5,26.8,24.6,13.5,1.5,0.0,1.5,39.1,1.6,0.0
3802504-03,425,387,0,8,13,17,0,0,1,34,3,3,334,316,0,4,7,7,0,0,1,15,2,0,578.0,499.5,3.6,23.3,34.4,12.9,3.5,0.9,3.6,48.4,4.9,0.9
3802504-04,154,143,0,2,8,1,0,0,0,9,0,0,131,120,0,2,8,1,0,0,0,9,0,0,254.6,221.1,0.0,15.0,10.3,7.6,0.6,0.0,0.0,17.9,0.6,0.0
3802504-05,222,26,5,4,183,4,0,0,5,187,0,2,159,21,2,3,130,3,0,0,2,132,0,2,239.0,183.3,8.2,5.5,37.0,2.6,2.3,0.0,8.2,44.9,2.9,0.0
3802536-06,752,697,1,7,27,17,3,0,1,37,11,0,595,562,1,5,18,6,3,0,1,23,4,0,894.3,685.9,30.6,20.7,138.6,9.9,8.5,0.0,30.6,167.9,10.8,0.0
3802536-07,386,373,0,4,6,3,0,0,0,8,1,0,305,297,0,2,3,3,0,0,0,5,1,0,452.9,373.8,10.2,6.9,51.1,4.8,5.0,1.2,10.2,60.8,7.2,1.2
3802536-08,134,133,0,0,0,0,1,0,0,0,1,0,118,117,0,0,0,0,1,0,0,0,1,0,220.5,193.3,0.0,11.4,8.7,6.0,0.8,0.2,0.0,14.5,1.1,0.2
3802536-09,403,396,0,2,2,3,0,0,1,4,0,1,314,308,0,2,2,2,0,0,0,4,0,1,455.9,427.2,0.0,0.0,14.6,4.3,6.3,3.6,0.0,14.6,10.6,3.6
3802536-10,370,365,0,1,2,0,2,0,0,2,2,0,278,275,0,1,1,0,1,0,0,1,1,0,403.6,378.2,0.0,0.0,12.9,3.8,5.6,3.1,0.0,12.9,9.4,3.1
3802536-11,161,153,0,1,2,4,1,0,0,5,1,1,127,119,0,1,2,4,1,0,0,5,1,1,190.9,146.4,6.5,4.4,29.6,2.1,1.8,0.0,6.5,35.8,2.3,0.0
3802723-01,1391,1305,1,41,23,14,5,2,5,38,5,2,1102,1052,1,25,15,7,2,0,3,23,2,0,1387.9,1181.1,0.0,0.0,134.9,72.0,0.0,0.0,0.0,206.8,0.0,0.0
3802723-02,190,184,0,3,0,3,0,0,0,3,0,0,144,141,0,2,0,1,0,0,0,1,0,0,175.8,158.5,0.0,0.0,10.9,6.6,0.0,0.0,0.0,17.4,0.0,0.0
3802723-03,350,302,2,8,33,5,0,0,2,39,0,0,296,261,1,5,24,5,0,0,1,30,0,0,382.2,334.3,0.0,0.0,30.3,17.7,0.0,0.0,0.0,47.9,0.0,0.0
3802723-04,228,227,0,0,1,0,0,0,0,1,0,0,164,163,0,0,1,0,0,0,0,1,0,0,174.5,173.2,0.0,0.0,0.0,1.4,0.0,0.0,0.0,1.4,0.0,0.0
3802729-05,226,224,1,0,0,0,1,0,1,0,1,0,181,179,1,0,0,0,1,0,1,0,1,0,192.6,191.1,0.0,0.0,0.0,1.5,0.0,0.0,0.0,1.5,0.0,0.0
3802928-01,763,736,1,14,5,7,0,0,4,7,1,0,601,586,1,9,1,4,0,0,1,3,1,0,827.9,799.3,0.0,0.8,0.0,27.7,0.0,0.0,0.0,24.0,0.0,0.0
3802928-02,717,701,0,4,7,3,2,0,2,7,3,0,542,533,0,3,2,2,2,0,1,2,3,0,652.6,623.6,0.0,6.9,0.3,12.0,9.8,0.0,0.0,8.7,12.1,4.3
3802928-03,862,840,1,4,2,12,3,0,9,7,4,0,700,687,0,4,2,5,2,0,3,5,2,0,776.8,730.6,0.0,16.4,0.0,5.7,24.2,0.0,0.0,0.0,29.9,10.7
3802928-04,606,600,0,2,0,3,1,0,2,2,2,0,485,481,0,2,0,2,0,0,0,1,0,0,519.0,511.9,0.0,0.3,2.1,4.8,0.0,0.0,0.0,6.9,0.0,0.0
3802928-05,602,591,0,10,0,1,0,0,0,1,0,0,463,457,0,5,0,1,0,0,0,1,0,0,575.7,545.7,0.0,1.6,0.7,27.8,0.0,0.0,0.0,28.4,0.0,0.0
3803129-01,215,214,0,0,0,1,0,0,0,1,0,0,179,178,0,0,0,1,0,0,0,1,0,0,232.3,226.1,1.3,5.0,0.0,0.0,0.0,0.0,1.3,0.0,0.0,0.0
3803129-02,139,138,0,1,0,0,0,0,0,0,0,0,124,123,0,1,0,0,0,0,0,0,0,0,161.0,156.6,0.9,3.4,0.0,0.0,0.0,0.0,0.9,0.0,0.0,0.0
3803129-03,197,196,0,0,1,0,0,0,0,1,0,0,145,145,0,0,0,0,0,0,0,0,0,0,188.2,183.1,1.0,4.0,0.0,0.0,0.0,0.0,1.0,0.0,0.0,0.0
3803129-04,727,709,0,14,4,0,0,0,0,4,0,0,551,539,0,8,4,0,0,0,0,4,0,0,714.1,693.9,3.8,15.0,0.6,0.8,0.0,0.0,3.8,1.6,0.0,0.0
3803129-05,1018,993,1,7,7,7,3,0,4,9,5,0,795,780,1,4,5,2,3,0,2,6,3,0,1033.9,972.2,0.0,17.6,24.5,19.6,0.0,0.0,0.0,51.9,0.0,0.0
3803129-06,1047,1022,2,7,8,8,0,0,6,16,0,0,821,810,0,6,4,1,0,0,1,6,0,0,960.5,909.0,0.0,5.9,8.9,35.6,1.0,0.0,0.0,44.5,1.0,0.0
3803339-01,1680,1613,9,35,10,11,1,1,11,18,3,2,1276,1241,4,21,2,6,1,1,4,7,2,1,1882.0,1776.0,0.0,60.0,15.0,31.0,0.0,0.0,0.0,57.0,0.0,0.0
3803517-01,475,458,0,11,2,3,1,0,2,4,3,0,375,367,0,4,0,3,1,0,1,2,2,0,513.2,427.6,19.1,50.8,2.5,10.1,3.1,0.0,24.0,6.3,8.9,5.0
3803517-02,706,688,0,8,3,2,5,0,0,6,7,0,501,488,0,5,3,0,5,0,0,5,5,0,621.5,564.9,9.1,28.7,1.9,13.6,3.2,0.0,14.0,11.1,6.4,2.4
3803517-03,1980,1854,13,32,30,40,11,0,20,50,29,5,1530,1441,12,25,21,23,8,0,14,34,18,3,2140.5,2038.1,0.0,46.4,17.2,36.0,2.8,0.0,0.0,58.9,2.8,0.0
3803517-04,2478,2280,33,54,43,47,20,1,51,62,39,4,1859,1745,20,29,30,19,15,1,25,39,24,2,2591.6,2489.2,0.0,15.3,77.7,7.0,2.5,0.0,0.0,84.7,2.5,0.0
3803517-05,1990,1875,22,37,8,38,9,1,30,27,23,3,1514,1447,16,20,7,14,9,1,19,15,14,1,2121.5,2099.6,0.0,0.0,0.0,9.5,12.4,0.0,7.8,7.8,14.1,0.0
3803517-06,2371,2151,48,66,55,40,10,1,72,80,14,1,1936,1784,40,44,39,18,10,1,47,51,12,1,3120.2,2774.1,67.1,53.1,22.5,49.8,153.7,0.0,67.1,22.5,160.3,0.0
3803517-07,2822,2703,9,39,4,28,38,1,19,10,47,1,2077,2000,7,23,3,15,28,1,10,7,33,1,3356.6,3158.5,51.1,16.2,11.7,63.5,55.6,0.0,74.8,35.4,72.9,0.0
3803517-08,2173,1955,31,65,18,45,59,0,52,35,73,0,1701,1559,22,41,14,22,43,0,31,23,51,0,3154.7,2827.0,100.2,41.2,45.9,94.8,45.7,0.0,107.1,54.3,46.5,0.0
3803518-09,1662,1361,95,112,31,34,26,3,126,53,37,6,1310,1070,87,79,27,23,21,3,102,44,28,6,1892.2,1414.9,106.7,199.8,27.1,65.9,39.8,38.0,116.6,66.1,65.3,49.8
3803518-10,1126,1025,8,53,18,15,6,1,11,31,11,2,924,859,4,30,17,8,5,1,5,23,6,2,960.4,809.1,5.6,90.2,19.3,36.3,0.0,0.0,24.1,24.1,17.7,0.0
3803518-11,2636,2276,22,122,151,55,10,0,37,196,17,3,2196,1924,21,82,121,38,10,0,31,151,15,3,2359.1,1933.8,24.9,221.4,76.0,57.1,45.9,0.0,35.9,130.6,61.0,0.0
3803518-12,2405,1997,42,140,106,101,19,0,78,185,38,6,2040,1749,35,90,91,57,18,0,46,136,31,2,2216.7,1874.1,66.1,124.5,54.3,94.8,3.0,0.0,66.2,91.0,52.9,0.0
3803518-13,1793,1624,10,68,51,28,12,0,22,72,24,1,1405,1293,9,38,36,21,8,0,15,50,18,0,1871.1,1501.2,216.2,122.1,17.0,13.3,1.2,0.0,226.2,19.4,4.5,0.0
3803518-14,357,341,2,2,6,3,3,0,6,7,3,0,264,253,2,2,4,0,3,0,3,4,3,0,362.9,290.6,69.6,0.0,0.0,2.7,0.0,0.0,69.6,0.0,2.7,0.0
3803518-15,1974,1834,14,55,32,27,12,0,21,55,20,0,1542,1453,7,32,24,16,10,0,8,36,16,0,1888.5,1594.0,92.5,18.5,54.1,66.9,62.6,0.0,126.1,105.0,64.0,1.1
3803518-16,405,377,3,7,11,7,0,0,5,14,1,0,335,318,1,6,5,5,0,0,2,7,1,0,500.0,466.1,6.1,9.4,6.7,11.7,0.0,0.0,6.1,19.4,0.0,0.0
3803519-17,2643,2067,159,204,36,113,52,12,213,75,108,31,1708,1387,102,106,23,43,39,8,114,39,59,16,2649.2,1975.1,183.1,220.1,35.6,161.6,56.6,17.0,289.4,72.1,133.0,29.9
3803519-18,522,489,0,21,4,8,0,0,3,10,0,0,408,394,0,7,2,5,0,0,1,6,0,0,439.8,417.7,0.3,9.1,1.1,4.9,6.6,0.0,0.7,4.4,8.2,0.4
3803519-19,483,467,1,5,4,6,0,0,2,8,0,0,372,362,1,2,4,3,0,0,1,7,0,0,369.3,356.1,0.0,2.2,0.0,3.9,7.1,0.0,0.0,2.7,8.2,0.0
3803519-20,790,733,4,26,9,16,2,0,6,20,7,0,613,573,4,18,7,9,2,0,4,12,6,0,775.7,694.9,3.9,20.0,30.8,23.8,2.2,0.0,7.3,51.5,3.7,0.0
3803519-21,681,644,4,20,4,5,4,0,5,5,7,0,499,477,3,11,2,2,4,0,4,3,4,0,631.4,565.3,2.8,17.1,26.1,18.7,1.4,0.0,5.0,42.8,2.4,0.0
3803519-22,600,541,3,23,15,18,0,0,5,31,2,0,460,426,3,15,10,6,0,0,3,16,1,0,581.9,519.9,1.2,18.3,27.5,15.0,0.0,0.0,1.2,42.5,0.0,0.0
3803519-23,893,864,8,4,3,13,1,0,9,11,8,4,659,643,6,2,3,4,1,0,6,6,3,1,876.8,804.8,1.9,46.7,6.9,11.4,5.0,0.0,4.4,13.9,9.5,2.5
3803519-24,313,301,0,5,5,1,1,0,0,5,2,0,257,248,0,3,5,0,1,0,0,5,1,0,324.8,290.3,0.7,10.2,15.3,8.3,0.0,0.0,0.7,23.6,0.0,0.0
3803519-25,495,479,3,3,0,9,1,0,4,2,7,1,369,359,3,3,0,3,1,0,3,1,3,1,418.9,411.2,3.2,1.6,3.0,0.0,0.0,0.0,3.2,3.0,0.0,0.0
3803519-26,373,369,0,1,1,2,0,0,0,2,1,0,309,306,0,1,0,2,0,0,0,1,1,0,348.5,343.0,2.0,1.5,1.9,0.0,0.0,0.0,2.0,1.9,0.0,0.0
3803519-27,646,635,0,3,1,6,1,0,0,7,1,0,462,458,0,1,1,1,1,0,0,2,1,0,525.2,515.2,4.2,1.9,3.9,0.0,0.0,0.0,4.2,3.9,0.0,0.0
3803519-28,662,644,3,8,2,2,3,0,3,4,3,0,517,503,2,5,2,2,3,0,2,4,3,0,562.6,531.5,0.0,2.8,2.6,15.2,10.5,0.0,2.6,17.8,10.5,0.0
3803519-29,1103,1072,3,10,10,5,3,0,5,13,3,0,798,782,1,6,5,3,1,0,1,8,1,0,1337.4,1285.4,0.0,4.3,9.2,30.7,7.8,0.0,12.6,26.5,9.2,0.0
3803519-30,927,891,2,14,4,9,6,1,3,12,7,1,673,651,2,6,4,4,5,1,2,7,5,1,880.2,842.4,0.0,7.4,4.4,20.8,5.2,0.0,5.8,19.5,5.8,0.0
3803542-31,2355,1901,68,94,167,82,40,3,89,229,62,4,1692,1436,38,55,100,27,33,3,44,123,42,4,2578.4,1881.2,69.0,119.4,305.3,85.8,117.7,0.0,88.3,305.3,117.7,0.0
3803542-32,3649,3055,110,89,131,87,176,1,134,173,221,10,3093,2681,61,58,79,59,154,1,72,104,186,7,3337.6,2407.8,91.0,136.6,331.7,137.2,233.3,0.0,94.7,425.7,322.3,16.0
3803542-33,2139,1598,90,47,92,57,255,0,104,129,275,7,1982,1528,76,33,60,45,240,0,85,82,256,7,1980.3,1380.3,238.7,40.6,13.5,57.5,203.1,46.5,264.0,29.6,217.5,56.7
3803542-34,2737,2411,38,54,45,54,133,2,55,72,153,5,2688,2389,34,49,34,52,128,2,51,59,148,5,2917.5,2458.5,160.0,87.2,8.6,69.2,125.5,8.5,170.8,63.3,137.7,10.3
3803542-35,2317,2103,18,51,88,36,21,0,38,105,28,0,1961,1807,17,39,62,19,17,0,21,74,23,0,2163.3,1808.3,134.3,97.8,33.6,36.9,52.4,0.0,143.9,40.8,73.8,0.0
3803542-36,1274,1162,8,39,32,24,8,1,11,49,15,1,1092,1016,7,29,23,8,8,1,7,29,10,1,1200.5,956.8,9.4,145.2,24.0,65.0,0.0,0.0,56.2,32.2,18.2,0.0
3803543-37,2903,2544,93,65,69,56,69,7,104,98,81,11,2482,2244,60,48,48,32,46,4,62,67,52,7,3010.6,2456.4,0.0,274.6,122.4,54.2,103.0,0.0,0.0,153.1,126.5,0.0
3803543-38,1067,941,29,20,41,22,14,0,41,49,19,0,833,762,18,12,22,9,10,0,22,27,11,0,1120.3,918.4,0.0,55.7,93.5,17.7,35.0,0.0,0.0,99.7,46.5,0.0
3803543-39,1448,1228,108,35,28,32,17,0,118,43,27,0,1261,1135,56,21,20,16,13,0,58,31,17,0,1827.3,1254.5,269.4,100.2,0.0,37.3,166.0,0.0,274.7,70.0,169.6,1.7
3803543-40,1917,1629,54,77,59,66,32,0,83,95,45,1,1573,1392,40,42,43,31,25,0,47,65,30,1,1871.8,1268.6,142.2,254.7,19.0,89.9,97.4,0.0,142.2,78.2,128.0,23.9
3803543-41,2145,1969,16,28,11,31,90,0,25,19,110,1,1724,1607,10,23,5,11,68,0,14,10,71,1,3319.2,2792.1,279.5,39.9,0.0,118.8,88.8,0.0,279.5,51.9,100.8,0.0
3803543-42,2279,1912,55,77,86,73,76,0,88,138,91,7,1728,1506,36,38,49,37,62,0,51,70,72,3,2268.0,1784.0,205.0,82.0,58.0,42.0,97.0,0.0,213.0,158.0,104.0,0.0
3803543-43,2147,1823,93,57,76,64,34,0,119,113,45,0,1718,1516,59,41,56,24,22,0,66,73,28,0,2412.8,2018.5,155.8,52.1,53.3,95.3,37.8,0.0,203.0,96.4,66.2,11.3
3803731-01,172,163,0,1,6,2,0,0,0,7,1,0,150,143,0,1,5,1,0,0,0,5,1,0,189.9,187.7,0.2,0.6,0.4,0.2,0.6,0.2,0.2,0.6,0.6,0.2
3803731-02,840,808,1,5,12,13,1,0,2,25,1,0,635,620,1,1,9,4,0,0,1,13,0,0,775.2,756.2,0.3,4.0,6.6,5.6,2.3,0.3,2.8,8.3,3.7,0.3
3803731-03,1020,999,0,1,7,12,1,0,4,11,5,0,842,833,0,1,3,4,1,0,1,5,2,0,1017.1,988.2,0.2,5.9,10.6,9.2,2.9,0.2,4.4,13.1,5.3,0.2
3803731-04,362,355,0,0,2,4,1,0,4,2,1,0,317,314,0,0,2,1,0,0,1,2,0,0,397.9,392.0,0.4,1.4,1.4,1.0,1.2,0.4,0.7,2.0,1.4,0.4
3803923-01,374,372,0,1,1,0,0,0,0,1,0,0,313,311,0,1,1,0,0,0,0,1,0,0,307.7,293.5,0.0,0.0,5.6,8.5,0.0,0.0,1.9,5.6,6.6,0.0
3803923-02,479,474,1,2,1,0,1,0,2,1,1,0,382,379,1,2,0,0,0,0,2,0,0,0,483.5,460.7,9.9,1.9,6.4,4.5,0.0,0.0,10.3,9.0,1.6,0.0
3803923-03,605,597,1,3,0,1,3,0,1,0,3,0,494,487,1,3,0,1,2,0,1,0,2,0,658.8,627.6,15.9,3.1,8.2,4.1,0.0,0.0,15.9,12.3,0.0,0.0
3803923-04,367,359,4,1,0,3,0,0,4,0,0,0,283,279,1,0,0,3,0,0,1,0,0,0,335.3,319.6,5.2,1.0,4.9,4.6,0.0,0.0,5.9,6.2,2.5,0.0
3803923-05,101,98,0,1,1,1,0,0,1,1,1,0,81,78,0,1,1,1,0,0,1,1,1,0,79.6,76.0,0.0,0.0,1.5,2.2,0.0,0.0,0.5,1.5,1.7,0.0
3803923-06,346,342,0,0,4,0,0,0,0,4,0,0,278,274,0,0,4,0,0,0,0,4,0,0,273.3,260.7,0.0,0.0,5.0,7.5,0.0,0.0,1.7,5.0,5.8,0.0
3803923-07,148,145,1,1,1,0,0,0,2,1,0,0,130,128,1,1,0,0,0,0,2,0,0,0,127.8,121.9,0.0,0.0,2.3,3.5,0.0,0.0,0.8,2.3,2.7,0.0
3804131-01,1170,1151,0,0,3,14,0,2,6,11,0,2,934,930,0,0,1,1,0,2,0,2,0,2,1221.7,1146.7,0.0,51.6,7.6,10.8,0.0,5.0,5.6,9.3,0.0,9.0
3804131-02,377,362,0,9,3,2,0,1,0,4,1,2,299,291,0,4,1,2,0,1,0,2,1,2,358.2,327.2,0.0,6.6,6.1,18.3,0.0,0.0,6.1,24.4,0.0,0.0
3804136-03,930,859,6,3,45,16,1,0,11,58,2,0,776,719,5,3,40,8,1,0,6,47,2,0,996.0,865.0,9.0,24.7,68.3,28.9,0.0,0.0,13.3,97.3,0.0,0.0
3804314-01,235,234,0,0,0,0,1,0,0,0,1,0,210,209,0,0,0,0,1,0,0,0,1,0,223.5,216.3,2.9,3.2,0.0,1.1,0.0,0.0,2.9,1.1,0.0,0.0
3804314-02,156,151,0,5,0,0,0,0,0,0,0,0,131,130,0,1,0,0,0,0,0,0,0,0,139.4,134.9,1.8,2.0,0.0,0.7,0.0,0.0,1.8,0.7,0.0,0.0
3804314-03,168,166,0,2,0,0,0,0,0,0,0,0,146,144,0,2,0,0,0,0,0,0,0,0,155.4,150.4,2.0,2.2,0.0,0.8,0.0,0.0,2.0,0.8,0.0,0.0
3804314-04,1111,1076,5,13,2,0,15,0,7,2,15,0,834,816,2,7,2,0,7,0,2,2,7,0,1139.6,1060.6,1.9,63.3,1.1,7.8,5.0,0.0,1.9,8.9,5.0,0.0
3804314-05,274,224,0,46,0,3,1,0,0,3,4,0,213,183,0,29,0,0,1,0,0,2,1,0,291.3,275.0,0.4,13.8,1.8,0.2,0.0,0.0,0.4,2.0,0.0,0.0
3804314-06,491,478,1,5,1,1,5,0,1,2,5,0,378,371,0,3,1,1,2,0,0,2,2,0,510.8,482.7,1.0,23.6,3.0,0.4,0.0,0.0,1.0,3.5,0.0,0.0
3804526-01,889,869,0,4,11,5,0,0,4,11,0,1,688,680,0,1,5,2,0,0,2,5,0,0,774.0,742.2,0.0,1.9,0.0,29.8,0.0,0.0,22.1,7.7,0.0,0.0
3804526-02,425,414,2,2,3,4,0,0,3,5,0,1,314,308,0,1,3,2,0,0,0,5,0,0,389.2,384.2,0.0,1.3,0.3,3.4,0.0,0.0,0.7,3.1,0.0,0.0
3804528-03,742,733,0,7,0,1,1,0,1,0,1,0,585,581,0,3,0,0,1,0,0,0,1,0,722.0,679.6,12.2,24.4,2.4,3.4,0.0,0.0,14.4,3.6,0.0,0.0
3804528-04,505,478,2,16,1,7,1,0,7,1,3,0,408,395,0,8,1,3,1,0,3,1,1,0,497.5,466.9,9.2,18.0,1.7,1.7,0.0,0.0,10.9,1.7,0.0,0.0
3804528-05,367,362,1,0,1,3,0,0,4,1,0,0,311,309,0,0,1,1,0,0,1,1,0,0,433.9,419.6,0.6,4.9,1.2,7.7,0.0,0.0,0.7,8.7,0.0,0.0
3804529-06,361,356,0,0,0,1,4,0,1,0,4,0,272,270,0,0,0,1,1,0,1,0,1,0,357.1,349.9,0.0,2.1,0.6,4.5,0.0,0.0,0.2,5.0,0.0,0.0
3804529-07,170,168,0,0,0,2,0,0,2,0,0,0,116,114,0,0,0,2,0,0,2,0,0,0,163.9,158.8,0.0,1.5,0.4,3.1,0.0,0.0,0.0,3.5,0.0,0.0
3804529-08,287,287,0,0,0,0,0,0,0,0,0,0,239,239,0,0,0,0,0,0,0,0,0,0,337.6,327.3,0.0,3.1,0.9,6.4,0.0,0.0,0.0,7.3,0.0,0.0
3804529-09,393,386,0,5,0,2,0,0,1,2,0,0,333,328,0,4,0,1,0,0,1,1,0,0,424.8,418.5,0.0,1.9,0.5,3.9,0.0,0.0,0.0,4.4,0.0,0.0
3804728-01,454,448,0,0,0,5,1,0,0,0,6,0,341,340,0,0,0,1,0,0,0,0,1,0,434.1,424.6,0.1,3.3,0.6,4.9,0.6,0.0,0.1,0.6,3.6,1.5
3804728-02,792,777,1,8,5,1,0,0,2,5,0,0,607,603,0,2,2,0,0,0,0,2,0,0,802.8,788.2,0.0,2.1,0.0,11.1,1.4,0.0,0.0,0.0,8.4,3.5
3804728-03,470,458,1,4,2,2,3,0,1,5,3,0,404,393,1,4,2,2,2,0,1,5,2,0,447.9,431.7,0.6,12.1,2.9,0.6,0.0,0.0,0.6,2.9,0.0,0.0
3804728-04,112,109,0,0,1,1,1,0,0,2,1,0,97,94,0,0,1,1,1,0,0,2,1,0,108.0,104.1,0.1,2.9,0.7,0.2,0.0,0.0,0.1,0.7,0.0,0.0
3804728-05,162,162,0,0,0,0,0,0,0,0,0,0,121,121,0,0,0,0,0,0,0,0,0,0,134.1,129.3,0.2,3.6,0.9,0.2,0.0,0.0,0.2,0.9,0.0,0.0
3804907-16,384,371,0,3,1,5,4,0,0,3,7,0,282,272,0,3,0,3,4,0,0,2,5,0,382.4,363.2,0.8,5.0,6.4,6.4,0.6,0.0,0.8,9.2,0.8,3.4
3804907-18,1033,966,6,38,10,9,4,0,10,19,5,0,819,776,5,25,8,3,2,0,5,12,2,0,1081.5,993.4,11.9,58.8,3.6,3.6,10.2,0.0,11.9,7.1,10.2,0.1
3804907-27,339,333,0,0,1,5,0,0,3,4,0,0,275,272,0,0,0,3,0,0,2,2,0,0,379.8,373.3,0.0,3.3,1.0,1.6,0.7,0.0,0.0,3.6,0.7,0.0
3804907-41,653,633,0,10,5,1,4,0,0,10,5,0,505,494,0,4,4,1,2,0,0,6,3,0,683.5,647.6,1.9,11.0,10.8,10.8,1.4,0.0,1.9,15.6,1.9,5.6
3804907-47,1764,1725,1,16,6,13,3,0,4,16,4,0,1363,1339,1,7,4,9,3,0,2,11,4,0,2059.2,1965.6,7.6,36.6,30.8,15.7,2.9,0.0,7.6,43.4,8.6,0.3
3804907-55,468,451,0,9,3,5,0,0,0,8,2,1,383,373,0,3,3,4,0,0,0,7,2,1,529.0,519.9,0.0,4.6,1.4,2.3,0.9,0.0,0.0,5.0,0.9,0.0
3804907-58,405,393,1,4,2,4,1,0,1,6,1,0,323,314,1,4,2,1,1,0,1,3,1,0,434.6,408.8,2.1,11.0,5.6,5.6,1.6,0.0,2.1,8.2,1.9,2.7
3804907-62,349,346,0,0,0,3,0,0,3,0,0,0,266,266,0,0,0,0,0,0,0,0,0,0,376.9,366.3,0.6,4.9,2.4,2.0,0.7,0.0,0.6,4.9,1.0,0.0
3805128-01,749,727,1,3,1,13,4,0,3,7,9,0,657,642,1,3,1,6,4,0,3,3,7,0,601.0,549.9,0.0,1.9,5.8,17.4,26.1,0.0,0.0,14.5,34.7,0.0
3805128-02,362,359,1,0,1,1,0,0,2,1,0,0,288,286,1,0,1,0,0,0,1,1,0,0,365.4,360.8,0.0,0.1,1.6,2.0,1.0,0.0,0.0,3.3,1.3,0.0
3805128-03,149,148,0,0,0,0,1,0,0,0,1,0,130,129,0,0,0,0,1,0,0,0,1,0,169.1,167.8,0.0,0.0,0.7,0.7,0.0,0.0,0.0,1.3,0.0,0.0
3805128-04,1002,958,0,31,9,3,1,0,0,12,1,0,803,774,0,20,5,3,1,0,0,8,1,0,977.6,902.8,23.0,37.4,9.6,4.8,0.0,0.0,23.0,14.4,0.0,0.0
3805128-05,302,297,1,3,0,0,1,0,1,0,1,0,229,224,1,3,0,0,1,0,1,0,1,0,295.1,289.9,1.0,1.6,1.4,1.2,0.0,0.0,1.0,2.6,0.0,0.0
3805128-06,245,236,3,1,1,1,3,0,3,1,4,0,189,186,1,1,1,0,0,0,1,1,0,0,245.9,243.9,0.0,0.0,1.0,1.0,0.0,0.0,0.0,2.0,0.0,0.0
3805304-01,693,19,0,22,640,11,1,0,0,661,3,0,421,17,0,7,390,6,1,0,0,398,3,0,639.3,28.2,0.5,46.8,555.8,8.0,0.0,0.0,1.0,599.6,0.0,0.0
3805304-02,706,26,0,50,619,11,0,0,0,677,0,0,416,22,0,23,364,7,0,0,0,391,0,0,631.7,27.8,0.5,46.2,549.2,7.9,0.0,0.0,1.0,592.4,0.0,0.0
3805339-03,169,165,0,2,0,2,0,0,0,2,0,0,132,128,0,2,0,2,0,0,0,2,0,0,189.2,182.9,1.1,2.9,0.0,1.9,0.3,0.0,1.1,0.6,1.4,0.5
3805339-04,524,490,0,14,15,5,0,0,5,19,0,0,425,401,0,10,11,3,0,0,2,14,0,0,613.3,593.0,3.7,9.5,0.2,6.1,0.8,0.0,3.7,2.2,4.5,1.6
3805339-05,260,254,0,2,1,1,2,0,0,3,2,0,195,190,0,2,1,0,2,0,0,2,2,0,381.1,320.9,0.3,4.5,2.5,34.3,18.5,0.0,1.0,12.0,43.5,0.1
3805339-06,154,152,0,0,1,0,1,0,0,1,1,0,119,117,0,0,1,0,1,0,0,1,1,0,170.5,164.9,1.0,2.6,0.0,1.7,0.2,0.0,1.0,0.6,1.3,0.5
3805339-07,417,396,1,7,4,9,0,0,3,13,0,0,325,314,0,4,3,4,0,0,0,7,0,0,465.7,450.4,2.8,7.2,0.0,4.7,0.6,0.0,2.8,1.6,3.4,1.3
3805339-08,234,226,0,1,0,7,0,0,0,4,0,0,184,179,0,1,0,4,0,0,0,1,0,0,318.1,240.5,0.0,2.0,0.0,48.9,26.8,0.0,1.0,13.5,62.4,0.0
3805339-09,399,388,0,2,1,8,0,0,0,8,0,0,310,304,0,1,1,4,0,0,0,4,0,0,804.1,662.5,0.1,48.9,13.8,52.1,26.6,0.0,1.1,31.9,62.1,2.6
3805339-10,638,614,0,4,6,12,2,0,0,18,3,0,494,476,0,4,5,8,1,0,0,14,1,0,1692.3,1545.7,2.8,71.6,41.2,21.9,9.2,0.0,4.8,50.2,21.4,2.1
3805339-11,660,609,1,11,28,10,1,0,3,36,3,0,517,484,1,7,21,3,1,0,1,24,1,0,2117.0,1786.5,40.9,170.8,83.9,34.9,0.0,0.0,66.1,93.6,0.0,0.0
3805339-12,632,572,1,21,21,12,3,2,6,30,3,3,458,424,1,9,17,4,2,1,3,21,2,1,1904.1,1514.2,12.3,280.5,67.7,29.4,0.0,0.0,19.4,96.3,0.0,14.6
3805339-13,422,407,1,2,5,7,0,0,3,10,0,0,336,324,1,2,3,6,0,0,2,8,0,0,1198.7,1145.6,0.0,25.1,28.0,0.0,0.0,0.0,0.0,28.0,0.0,0.0
3805339-14,452,428,0,1,8,6,9,0,2,11,9,3,337,327,0,0,3,2,5,0,0,4,5,1,1410.8,1090.9,0.9,250.4,47.6,21.1,0.0,0.0,0.9,75.4,0.0,15.7
3805504-08,591,565,0,1,11,13,1,0,4,20,1,0,451,441,0,1,3,5,1,0,0,8,1,0,622.6,565.9,0.0,24.6,18.4,13.7,0.0,0.0,0.0,31.7,0.4,0.0
3805504-09,2164,2028,1,33,71,30,1,0,3,117,2,0,1775,1683,1,16,56,18,1,0,1,81,2,0,2331.1,2127.2,39.1,21.0,110.4,23.2,10.0,0.1,40.2,132.1,10.9,0.1
3805504-10,491,33,0,22,428,8,0,0,1,455,1,0,317,33,0,11,267,6,0,0,0,281,1,0,406.4,110.4,2.5,12.3,268.3,11.7,0.0,1.2,3.1,289.2,0.0,1.2
3805504-11,327,282,0,4,26,15,0,0,0,44,0,0,259,226,0,2,22,9,0,0,0,32,0,0,337.2,154.5,1.4,12.3,158.9,9.5,0.0,0.7,1.8,173.7,0.0,0.7
3805508-01,676,650,0,13,4,8,1,0,2,8,4,0,548,530,0,11,4,2,1,0,1,7,1,0,817.0,798.3,0.6,11.1,3.0,4.0,0.0,0.0,0.7,3.2,3.8,0.0
3805508-02,1695,1654,1,19,7,14,0,0,1,21,1,0,1342,1322,0,8,7,5,0,0,0,13,0,0,1930.2,1783.4,9.0,101.2,12.0,24.6,0.0,0.0,10.2,102.8,12.2,0.0
3805508-03,280,264,0,2,7,3,4,0,0,10,4,0,251,239,0,1,5,2,4,0,0,7,4,0,292.3,288.3,0.0,4.0,0.0,0.0,0.0,0.0,0.0,0.0,0.0,0.0
3805508-04,1203,1157,1,11,16,16,0,2,6,27,2,3,988,952,1,7,14,13,0,1,3,23,2,2,1257.6,1199.3,0.2,30.9,23.0,4.2,0.0,0.0,4.2,26.5,0.7,0.0
3805508-05,989,950,2,4,14,15,4,0,3,27,5,0,816,794,0,1,8,10,3,0,1,16,4,0,1042.5,1014.0,2.5,6.6,4.5,15.0,0.0,0.0,2.9,18.8,0.5,0.0
3805508-06,241,234,0,0,1,5,1,0,0,6,1,0,191,187,0,0,1,2,1,0,0,3,1,0,222.9,212.7,3.6,3.3,0.5,2.7,0.0,0.0,4.1,2.9,0.0,0.0
3805508-07,305,298,1,2,0,4,0,0,2,3,0,0,257,251,1,2,0,3,0,0,2,2,0,0,348.3,341.1,0.0,1.6,1.1,4.4,0.0,0.0,0.0,5.0,0.4,0.0
3805733-01,562,547,0,4,2,8,1,0,3,9,2,1,461,451,0,3,2,4,1,0,1,7,1,0,536.6,522.0,0.0,0.4,5.2,5.6,3.4,0.0,0.0,8.2,6.4,0.0
3805733-02,3013,2891,9,33,45,18,13,4,22,52,14,5,2320,2245,7,20,33,4,9,2,7,38,9,3,3092.7,2846.5,76.0,80.3,59.7,3.9,26.4,0.0,76.0,61.8,28.4,0.0
3805733-03,62,5,0,2,55,0,0,0,0,57,0,0,43,5,0,1,37,0,0,0,0,38,0,0,56.6,47.8,0.0,3.6,5.1,0.0,0.0,0.0,0.0,5.1,0.0,0.0
3805733-04,3631,3441,7,71,60,36,8,8,9,109,12,9,2846,2726,5,35,50,17,7,6,6,71,9,7,3668.8,3462.6,0.0,107.8,89.9,2.1,6.4,0.0,0.0,91.0,7.6,0.0
3805733-05,454,425,0,5,7,14,3,0,1,23,3,0,357,340,0,3,7,4,3,0,1,11,3,0,470.0,397.2,0.0,29.8,42.6,0.0,0.4,0.0,0.0,42.6,0.4,0.0
3805733-06,312,307,0,1,3,1,0,0,0,3,1,0,276,273,0,0,3,0,0,0,0,3,0,0,321.3,312.5,0.0,0.2,3.1,3.4,2.0,0.0,0.0,4.9,3.8,0.0
3805733-07,390,380,0,5,2,1,2,0,0,3,2,0,322,314,0,4,2,0,2,0,0,2,2,0,423.9,358.2,0.0,26.9,38.4,0.0,0.3,0.0,0.0,38.4,0.3,0.0
3805931-17,2524,2443,0,18,40,20,1,2,4,52,3,5,1882,1832,0,9,25,13,1,2,2,32,2,5,2470.9,2408.8,6.0,9.2,9.5,37.4,0.0,0.0,23.0,25.3,6.5,0.0
3805931-18,1370,1222,3,20,85,36,4,0,11,119,7,0,1023,948,2,12,45,15,1,0,2,62,3,0,1113.1,982.4,0.1,101.7,22.3,4.3,2.3,0.0,1.5,30.8,2.3,0.0
3805931-20,446,440,0,0,1,3,1,1,0,4,1,1,338,335,0,0,1,1,0,1,0,2,0,1,463.4,418.2,0.0,33.8,5.2,6.2,0.0,0.0,4.8,16.4,0.0,0.0
3805931-23,466,460,0,0,3,2,1,0,1,4,1,0,364,358,0,0,3,2,1,0,1,4,1,0,471.8,432.6,0.0,26.5,4.1,8.6,0.0,0.0,7.2,12.8,0.0,0.0
3805931-24,1007,985,4,3,4,5,0,6,5,6,2,6,761,749,0,2,4,3,0,3,1,4,2,3,1156.6,1070.7,4.6,24.6,7.2,45.9,3.5,0.0,24.2,39.5,3.5,0.0
3805933-32,2232,2178,3,18,21,7,5,0,5,28,6,0,1598,1567,2,7,12,6,4,0,3,17,5,0,2287.0,2181.3,10.8,27.7,29.2,37.9,0.0,0.0,15.0,53.5,13.5,0.0
3805933-33,1557,1508,0,16,17,15,1,0,1,33,4,1,1211,1182,0,8,11,9,1,0,0,18,4,1,1585.0,1515.5,0.0,38.3,20.8,4.0,6.5,0.0,1.8,23.0,6.5,0.0
3805933-34,292,292,0,0,0,0,0,0,0,0,0,0,229,229,0,0,0,0,0,0,0,0,0,0,290.6,286.7,0.0,0.8,0.0,1.2,1.9,0.0,0.3,0.8,1.9,0.0
3805934-01,3237,2822,14,99,211,83,7,1,38,279,22,2,2274,2042,8,59,125,33,6,1,13,156,12,1,3602.0,3231.9,16.1,155.9,48.6,119.6,29.8,0.0,53.7,140.4,29.8,0.0
3805934-02,2104,1934,16,33,83,29,6,3,25,105,8,3,1604,1503,6,23,53,13,4,2,8,65,6,2,3411.9,3062.4,14.2,113.4,67.2,93.9,60.7,0.0,53.6,141.8,60.7,0.0
3805934-03,2311,1976,34,54,187,52,7,1,48,225,21,1,1837,1623,25,34,118,29,7,1,30,143,16,1,2377.8,1867.8,42.9,47.1,387.5,22.4,10.2,0.0,63.4,389.3,10.2,0.0
3805934-04,1589,1502,2,11,49,24,0,1,4,69,5,5,1232,1186,2,5,26,12,0,1,2,37,2,2,1482.6,1373.1,0.8,45.4,50.3,0.0,13.0,0.0,0.8,51.1,13.0,0.0
3805934-05,1224,1162,7,8,35,8,3,1,9,41,5,1,1040,998,5,4,26,3,3,1,5,29,3,1,1559.2,1351.5,0.5,109.8,38.1,59.4,0.0,0.0,59.9,38.1,0.0,0.0
3805934-06,2033,1899,21,29,58,19,4,3,29,72,4,5,1579,1497,9,20,41,8,3,1,11,49,3,2,2617.7,2390.7,11.6,27.1,127.4,55.3,5.6,0.0,66.9,127.4,5.6,0.0
3805934-07,1316,1215,5,41,38,14,2,1,14,56,2,1,1055,999,1,19,24,9,2,1,3,35,2,1,1532.5,1319.8,0.1,123.4,77.2,12.1,0.0,0.0,10.0,79.3,0.0,0.0
3805934-08,1805,1606,3,30,117,42,6,1,14,157,13,3,1337,1243,3,15,58,12,5,1,6,71,6,2,1932.0,1616.2,0.3,26.0,271.1,18.5,0.0,0.0,1.0,288.9,0.0,0.0
3805936-36,1065,1038,0,3,5,13,4,2,0,15,7,2,866,850,0,3,4,4,3,2,0,7,4,2,1180.6,1142.7,0.0,10.1,6.5,20.7,0.6,0.0,10.6,16.6,0.6,0.0
3805936-38,893,855,0,17,5,14,1,1,10,13,7,5,680,667,0,7,3,1,1,1,1,3,1,1,1009.1,928.5,25.0,39.3,3.8,8.6,4.0,0.0,29.3,8.0,7.0,3.0
3806102-01,1458,1373,3,57,7,10,8,0,9,14,8,0,1152,1099,3,33,6,3,8,0,3,9,8,0,2670.6,2180.8,88.1,310.7,40.7,20.8,29.4,0.0,108.0,128.8,29.4,0.0
3806102-06,232,226,2,4,0,0,0,0,2,0,0,0,159,156,0,3,0,0,0,0,0,0,0,0,239.0,221.6,0.0,4.9,2.0,10.4,0.0,0.0,0.7,2.0,0.0,0.0
3806102-07,925,872,1,37,7,8,0,0,3,11,0,0,778,729,1,36,6,6,0,0,2,9,0,0,1052.0,974.6,5.2,40.2,6.6,23.7,1.6,0.0,8.2,11.4,1.6,0.0
3806104-02,1900,340,3,83,1400,71,2,1,8,1528,8,6,1319,304,3,49,920,40,2,1,5,989,5,3,2494.4,467.9,11.4,231.3,1720.8,57.0,5.9,0.0,22.0,1850.2,7.9,1.0
3806104-03,1143,479,4,62,543,55,0,0,9,646,1,5,823,421,3,23,355,21,0,0,4,392,0,1,1584.9,885.2,7.5,60.6,557.4,65.7,8.4,0.0,13.2,632.5,23.4,0.0
3806104-04,358,337,2,11,4,3,1,0,2,4,3,0,290,275,2,6,4,2,1,0,2,4,2,0,304.8,294.6,0.3,9.6,0.0,0.3,0.0,0.0,0.5,0.0,0.0,0.0
3806104-05,482,474,1,1,3,2,1,0,1,4,2,0,371,363,1,1,3,2,1,0,1,4,2,0,491.2,461.5,0.1,11.8,2.8,14.8,0.0,0.0,1.3,2.8,0.0,0.0
3806104-08,802,473,0,20,274,32,3,0,1,317,3,0,644,421,0,13,190,19,1,0,1,216,1,0,950.9,479.9,4.6,82.8,327.2,56.2,0.1,0.0,11.8,419.3,0.3,0.0
3806104-09,373,357,0,11,2,3,0,0,0,9,0,0,307,299,0,5,2,1,0,0,0,4,0,0,364.5,314.8,0.7,12.1,32.4,4.1,0.5,0.0,1.2,36.8,1.4,0.0
3806323-01,672,650,2,0,13,7,0,0,2,20,0,0,541,526,2,0,8,5,0,0,2,13,0,0,701.4,653.5,0.0,47.9,0.0,0.0,0.0,0.0,0.0,0.0,0.0,0.0
3806323-02,593,573,2,8,6,4,0,0,2,12,0,0,474,465,1,3,4,1,0,0,1,5,0,0,518.0,502.7,0.0,8.5,1.6,4.6,0.6,0.0,1.9,4.4,2.4,0.0
3806323-03,621,589,1,11,4,14,2,0,7,13,3,0,507,490,0,5,4,7,1,0,4,8,2,0,525.9,512.7,0.0,5.0,1.9,6.0,0.3,0.0,1.0,5.4,1.4,0.0
3806323-04,637,619,1,8,4,5,0,0,1,8,5,0,544,528,1,8,3,4,0,0,1,6,5,0,620.5,605.9,0.0,8.2,1.2,5.1,0.1,0.0,1.2,5.1,0.2,0.0
3806323-05,603,587,2,6,1,6,0,1,8,1,0,1,500,492,2,1,1,3,0,1,5,1,0,1,554.0,542.2,0.0,5.4,1.3,5.3,0.0,0.0,0.9,5.1,0.0,0.0
3806533-01,388,377,0,3,2,6,0,0,1,9,0,0,293,290,0,0,2,1,0,0,0,3,0,0,358.4,322.0,6.3,6.8,6.9,16.2,0.2,0.0,6.9,24.7,1.1,0.0
3806533-02,208,199,0,2,6,1,0,0,0,7,0,0,179,170,0,2,6,1,0,0,0,7,0,0,241.8,222.3,0.2,3.8,2.5,11.8,1.3,0.0,4.8,3.1,7.9,0.0
3806533-03,180,175,0,2,0,0,3,0,0,0,3,0,140,137,0,2,0,0,1,0,0,0,1,0,169.6,152.0,3.3,3.3,3.4,7.6,0.0,0.0,3.3,12.7,0.0,0.0
3806533-04,110,110,0,0,0,0,0,0,0,0,0,0,86,86,0,0,0,0,0,0,0,0,0,0,106.4,95.8,1.7,2.0,1.9,4.9,0.1,0.0,2.1,6.6,0.7,0.0
3806533-05,246,245,0,0,1,0,0,0,0,1,0,0,199,198,0,0,1,0,0,0,0,1,0,0,270.3,248.8,0.0,4.2,2.7,13.2,1.5,0.0,5.4,2.7,9.3,0.0
3806533-06,351,338,0,3,5,4,1,0,0,7,3,0,256,251,0,3,1,0,1,0,0,1,1,0,347.8,320.0,0.0,5.4,3.5,17.0,1.9,0.0,6.9,3.5,11.9,0.0
3806533-07,363,338,3,9,12,1,0,0,4,12,0,0,283,267,3,3,9,1,0,0,4,9,0,0,342.8,307.2,6.6,6.6,7.0,15.4,0.0,0.0,6.6,25.7,0.0,0.0
3806710-01,1467,1412,4,17,7,21,6,0,6,24,8,0,1129,1100,3,11,5,6,4,0,3,11,4,0,1390.9,1278.5,5.0,46.1,21.0,32.3,8.0,0.0,5.0,49.3,13.0,2.0
3806710-02,1544,1387,5,21,96,34,1,0,7,126,3,2,1195,1098,1,12,63,20,1,0,2,80,3,2,1551.1,1316.4,5.3,36.3,123.7,57.4,12.0,0.0,5.5,180.9,12.0,0.0
3806710-03,1518,1467,8,24,4,13,2,0,10,14,2,0,1166,1132,6,17,4,5,2,0,6,10,2,0,1442.2,1360.3,7.6,21.6,18.6,33.7,0.6,0.0,14.0,47.7,0.6,0.0
3806710-04,1407,1316,0,35,29,23,2,2,8,49,5,2,1141,1084,0,23,17,13,2,2,3,28,5,2,1263.4,1148.0,1.8,76.2,15.4,17.6,4.4,0.0,16.0,33.0,4.4,0.0
3806710-05,583,498,1,81,2,1,0,0,2,2,0,0,463,406,0,55,2,0,0,0,0,2,0,0,583.0,509.5,0.3,56.0,14.4,2.8,0.0,0.0,0.5,17.0,0.0,0.0
3806716-01,894,867,3,12,5,7,0,0,4,8,1,0,719,699,3,9,4,4,0,0,3,5,1,0,785.3,775.4,0.0,7.8,1.9,0.2,0.0,0.0,0.0,2.1,0.0,0.0
380697-01,245,237,2,4,1,1,0,0,2,1,0,0,173,170,0,2,0,1,0,0,0,0,0,0,200.4,183.5,5.6,3.4,4.7,3.2,0.0,0.0,6.4,7.8,0.7,0.0
380697-02,256,253,0,1,0,0,2,0,0,0,2,0,210,209,0,0,0,0,1,0,0,0,1,0,311.4,310.3,0.0,1.2,0.0,0.0,0.0,0.0,0.0,0.0,0.0,0.0
380697-03,486,477,6,2,0,1,0,0,7,2,0,0,360,357,2,0,0,1,0,0,2,1,0,0,533.9,531.9,0.0,2.0,0.0,0.0,0.0,0.0,0.0,0.0,0.0,0.0
380697-04,802,658,6,22,109,6,1,0,6,113,1,0,647,526,6,18,93,3,1,0,6,97,1,0,773.2,706.3,12.1,9.6,35.3,9.5,0.4,0.0,13.2,44.9,1.5,0.0
380697-05,115,112,0,0,2,1,0,0,0,3,0,0,93,90,0,0,2,1,0,0,0,3,0,0,92.4,79.0,0.0,2.3,11.1,0.0,0.0,0.0,0.0,11.1,0.0,0.0
380697-06,851,803,4,12,19,13,0,0,12,23,1,1,654,630,3,4,14,3,0,0,4,15,1,1,770.4,701.2,11.9,10.4,37.6,9.1,0.3,0.0,13.1,46.7,1.5,0.0
380697-07,676,635,0,0,27,14,0,0,0,41,0,0,540,518,0,0,15,7,0,0,0,22,0,0,640.2,596.9,2.4,3.8,23.5,3.2,10.3,0.0,2.4,26.7,10.3,0.0
380697-08,926,909,1,3,11,1,0,1,1,12,0,1,742,728,0,2,10,1,0,1,0,11,0,1,888.0,846.9,0.0,4.3,17.8,0.0,18.9,0.0,0.0,17.8,18.9,0.0
3807115-01,214,214,0,0,0,0,0,0,0,0,0,0,175,175,0,0,0,0,0,0,0,0,0,0,196.9,183.7,0.0,2.3,2.5,7.9,0.6,0.0,1.3,10.4,0.6,0.0
3807115-02,359,348,0,2,3,1,2,3,0,3,3,3,313,303,0,2,3,0,2,3,0,3,2,3,314.7,296.4,0.0,1.4,0.1,14.6,2.1,0.0,0.0,14.7,2.1,0.0
3807115-03,408,384,0,7,12,4,1,0,0,16,2,0,298,280,0,4,10,3,1,0,0,13,2,0,368.8,341.7,0.0,6.2,8.2,12.8,0.0,0.0,4.3,21.0,0.0,0.0
3807115-04,508,474,0,9,15,9,1,0,0,24,1,0,379,362,0,4,8,5,0,0,0,13,0,0,438.0,409.6,0.0,4.9,13.4,10.2,0.0,0.0,3.4,23.5,0.0,0.0
3807115-05,340,307,0,4,18,7,4,0,0,23,7,0,264,252,0,2,6,1,3,0,0,6,3,0,297.1,275.8,0.0,5.6,9.6,5.3,0.9,0.0,0.0,11.9,3.3,0.0
3807115-06,575,564,0,0,1,10,0,0,0,10,0,0,476,471,0,0,1,4,0,0,0,4,0,0,496.2,470.6,0.0,1.7,22.8,0.9,0.2,0.0,0.0,22.8,0.9,0.0
3807115-07,1906,1810,4,19,47,19,7,0,7,63,10,2,1430,1372,2,7,31,11,7,0,4,38,8,1,2150.6,2018.1,1.2,52.4,47.9,30.7,0.2,0.0,2.5,111.8,1.2,0.2
3807115-08,7141,5879,37,96,868,229,30,2,60,1114,44,4,5601,4807,31,52,574,110,25,2,35,686,35,4,7294.6,5718.1,11.8,228.6,1031.6,261.6,43.0,0.0,80.6,1364.0,44.8,1.8
3807324-01,363,358,1,2,0,1,1,0,1,1,1,0,286,282,0,2,0,1,1,0,0,1,1,0,360.9,355.3,0.0,2.8,0.0,0.0,2.8,0.0,0.0,0.0,2.8,0.0
3807324-02,1093,1056,2,24,6,2,3,0,2,9,3,0,858,833,2,14,5,2,2,0,2,8,2,0,1092.4,1040.7,0.0,26.0,0.0,0.0,25.7,0.0,0.0,0.0,25.7,0.0
3807324-03,2154,2071,10,28,10,22,13,0,23,18,19,3,1683,1639,1,17,8,8,10,0,7,12,12,2,2123.7,1975.8,36.8,46.1,11.6,53.3,0.0,0.0,50.4,11.6,39.8,39.8
3807324-04,542,532,0,2,1,4,3,0,0,4,4,0,397,390,0,1,0,3,3,0,0,2,4,0,560.4,536.3,1.2,3.1,0.4,18.2,1.2,0.0,1.6,0.4,19.0,17.8
3807326-05,880,857,6,8,1,8,0,0,8,7,0,0,622,610,2,6,1,3,0,0,2,4,0,0,853.0,814.0,0.0,8.1,0.0,25.5,5.4,0.0,0.0,0.0,30.9,25.5
3807326-06,425,411,0,2,3,9,0,0,1,9,0,0,330,323,0,1,0,6,0,0,0,4,0,0,370.7,353.0,0.0,10.9,0.0,0.0,6.9,0.0,0.0,0.0,6.9,0.0
380756-01,438,435,0,1,0,2,0,0,0,2,0,0,335,334,0,1,0,0,0,0,0,0,0,0,403.4,384.2,0.0,14.5,0.0,4.7,0.0,0.0,0.0,1.4,2.8,0.5
380756-02,246,241,0,5,0,0,0,0,0,0,0,0,205,200,0,5,0,0,0,0,0,0,0,0,246.8,235.1,0.0,8.9,0.0,2.9,0.0,0.0,0.0,0.8,1.7,0.3
380756-03,1038,1007,2,10,8,10,1,0,4,16,3,0,813,794,2,7,5,4,1,0,3,8,2,0,970.4,886.1,3.0,56.2,7.1,4.7,13.2,0.0,3.3,7.9,14.7,0.3
380756-04,129,129,0,0,0,0,0,0,0,0,0,0,105,105,0,0,0,0,0,0,0,0,0,0,155.2,136.6,0.3,13.4,1.0,2.7,1.1,0.0,2.1,1.3,2.0,0.3
380756-05,619,589,0,8,1,17,4,0,10,2,11,1,478,462,0,5,1,6,4,0,3,2,7,1,719.0,629.0,1.6,64.9,4.9,13.0,5.7,0.0,10.5,6.5,9.7,1.6
3807725-01,561,543,2,10,0,6,0,0,2,4,0,0,409,404,1,2,0,2,0,0,1,2,0,0,504.2,489.6,0.0,1.0,2.1,11.5,0.0,0.0,2.6,6.3,4.7,0.0
3807725-02,362,361,0,0,1,0,0,0,0,1,0,0,259,258,0,0,1,0,0,0,0,1,0,0,345.4,339.2,0.6,0.3,0.6,4.7,0.0,0.0,2.1,2.5,1.3,0.0
3807725-03,531,525,1,1,2,2,0,0,1,3,0,1,392,389,0,0,2,1,0,0,0,3,0,0,562.6,548.9,0.9,4.9,3.5,4.3,0.0,0.0,2.1,6.3,0.0,0.0
3807725-04,419,401,0,0,7,4,7,0,0,10,8,0,315,304,0,0,4,2,5,0,0,6,5,0,449.7,431.7,0.0,8.7,6.0,3.3,0.0,0.0,0.0,8.8,0.0,0.0
3807725-08,619,585,2,17,4,10,1,0,7,9,5,0,466,449,2,9,4,1,1,0,3,6,1,0,648.0,565.2,0.0,31.7,44.0,7.0,0.0,0.0,3.5,52.8,0.0,0.0
3807725-10,1288,1202,1,26,36,16,6,1,1,54,8,2,1001,946,0,15,27,8,5,0,0,38,5,1,1284.9,1248.8,0.0,16.9,16.3,3.0,0.0,0.0,1.4,22.5,0.0,0.0
3807725-11,402,388,1,5,0,4,4,0,1,0,7,0,305,294,1,4,0,2,4,0,1,0,5,0,384.3,374.3,0.2,0.7,1.3,7.8,0.0,0.0,2.1,4.2,3.0,0.0
3807725-12,2191,2004,29,69,56,17,16,0,32,77,25,0,1691,1583,14,33,41,6,14,0,15,50,15,0,2341.8,2149.3,0.0,88.3,25.6,75.1,3.5,0.0,0.0,85.5,18.7,0.0
3807725-13,2282,2125,19,31,49,44,13,1,33,78,20,2,1750,1646,16,15,39,20,13,1,20,56,13,2,2123.2,1870.3,14.8,42.3,89.7,89.8,16.2,0.0,23.0,133.8,52.0,1.5
3807725-14,1774,1653,18,32,35,24,12,0,28,52,16,2,1443,1366,14,19,23,15,6,0,18,33,8,2,1993.4,1679.7,64.5,115.3,55.8,74.9,3.3,0.0,100.6,77.9,12.0,7.3
3807725-15,2596,2379,33,36,82,39,23,4,45,111,32,4,2094,1954,27,16,57,23,16,1,33,71,20,1,2401.8,2129.2,36.8,63.7,34.3,119.9,18.0,0.0,74.5,87.9,43.3,3.3
3807726-05,296,294,1,0,0,1,0,0,1,1,0,0,227,227,0,0,0,0,0,0,0,0,0,0,295.1,279.6,0.0,12.2,1.4,1.6,0.4,0.0,0.2,3.5,0.4,0.0
3807726-06,300,282,3,0,3,8,4,0,5,9,4,0,216,208,1,0,3,0,4,0,1,3,4,0,263.1,249.7,0.0,8.0,4.1,1.3,0.0,0.0,0.6,7.2,0.0,0.0
3807726-07,911,871,0,27,5,7,1,0,2,11,2,0,680,660,0,12,3,5,0,0,1,7,1,0,897.5,850.3,0.1,39.3,1.3,5.1,1.5,0.0,0.3,6.9,1.5,0.0
3807726-09,1009,975,0,6,21,5,1,1,1,23,3,1,812,797,0,1,9,3,1,1,0,11,2,1,990.6,928.8,0.0,40.4,8.8,12.5,0.0,0.0,0.7,31.5,6.0,0.0
3807726-16,295,295,0,0,0,0,0,0,0,0,0,0,224,224,0,0,0,0,0,0,0,0,0,0,316.5,313.3,0.9,0.0,0.0,2.3,0.0,0.0,2.0,1.2,0.0,0.0
3807726-17,204,202,0,1,0,1,0,0,1,0,0,0,159,158,0,1,0,0,0,0,0,0,0,0,221.6,216.5,0.4,2.8,0.2,1.5,0.1,0.0,1.0,1.1,0.1,0.0
3807726-18,281,266,0,10,1,4,0,0,0,5,1,0,216,209,0,5,1,1,0,0,0,3,0,0,264.4,251.6,0.0,7.6,4.0,1.2,0.0,0.0,0.5,6.9,0.0,0.0
380799-01,1604,926,1,27,579,63,8,0,3,654,10,0,1172,759,1,12,365,29,6,0,1,395,7,0,1593.3,736.3,26.2,2.3,747.5,81.1,0.0,0.0,26.7,830.8,0.0,0.0
380799-02,1391,334,2,9,990,52,4,0,2,1048,5,0,953,287,2,3,625,33,3,0,2,660,4,0,1409.0,382.7,2.0,8.9,950.5,65.0,0.0,0.0,2.0,1024.3,0.0,0.0
380799-03,6360,149,8,53,6074,73,3,0,26,6189,6,0,4013,132,6,25,3802,45,3,0,15,3864,4,0,6633.6,277.2,59.5,27.6,6168.8,88.5,12.0,0.0,81.7,6264.9,12.0,0.0
380799-04,3287,476,9,31,2714,55,1,1,14,2793,2,4,2151,424,4,14,1679,28,1,1,5,1716,1,1,3296.9,565.0,0.2,32.9,2659.4,28.4,11.0,0.0,0.6,2705.7,11.0,0.0
380799-05,1295,917,1,13,320,44,0,0,4,370,0,1,988,730,1,7,224,26,0,0,1,254,0,1,1670.2,735.9,3.2,21.3,836.9,73.0,0.0,0.0,6.1,904.2,0.0,0.0
3808126-01,996,971,0,13,3,7,2,0,4,7,4,0,772,755,0,10,2,3,2,0,2,4,2,0,1036.4,985.2,0.3,21.1,2.1,23.7,4.0,0.0,0.3,24.8,10.0,0.0
3808126-02,938,907,0,17,6,4,4,0,0,10,4,0,677,657,0,10,3,3,4,0,0,6,4,0,1063.0,928.6,53.4,68.8,6.5,5.5,0.0,0.0,53.4,12.1,0.0,0.0
3808126-03,521,501,0,5,5,7,2,1,1,8,3,1,408,396,0,5,4,0,2,1,0,4,2,1,461.9,408.3,29.7,10.5,6.7,6.4,0.2,0.0,29.7,14.6,0.5,0.0
3808126-04,960,946,1,7,1,4,0,1,2,4,0,1,758,749,1,3,1,3,0,1,1,4,0,1,924.4,889.0,8.6,11.9,6.4,6.1,2.4,0.0,8.6,12.0,2.8,0.0
3808126-05,414,392,1,9,5,6,1,0,1,13,1,3,342,330,1,1,5,4,1,0,1,9,1,0,397.3,384.8,0.0,3.7,3.2,5.2,0.3,0.0,0.0,10.5,0.7,0.0
380837-01,612,599,0,6,1,5,1,0,1,4,3,0,514,508,0,1,1,3,1,0,0,4,2,0,650.6,638.6,0.0,0.0,5.1,7.0,0.0,0.0,2.8,12.0,0.0,0.0
3808314-02,709,673,0,10,13,10,1,2,4,23,1,2,596,581,0,3,6,3,1,2,2,9,1,2,754.4,740.4,0.0,0.0,5.9,8.1,0.0,0.0,3.2,14.0,0.0,0.0
3808531-01,889,32,1,12,826,18,0,0,2,854,0,0,540,25,1,4,504,6,0,0,1,513,0,0,890.1,90.2,0.0,26.2,755.8,17.8,0.0,0.0,5.6,788.5,0.4,0.0
3808531-02,170,76,0,4,79,11,0,0,4,91,0,0,129,62,0,2,61,4,0,0,0,65,0,0,211.9,24.9,0.1,7.6,174.9,4.4,0.0,0.0,1.5,183.9,0.1,0.1
3808531-03,949,45,2,20,849,31,2,0,4,895,8,5,623,45,2,8,549,17,2,0,3,568,4,3,840.0,54.0,1.0,30.0,736.0,19.0,0.0,0.0,1.0,763.0,0.0,0.0
3808531-04,1221,28,2,29,1139,23,0,0,8,1187,0,2,716,23,2,13,667,11,0,0,3,688,0,0,1296.9,75.7,0.0,13.4,1190.0,17.7,0.0,0.0,0.0,1212.0,3.5,0.0
3808531-05,248,24,0,4,214,6,0,0,4,223,0,4,174,22,0,3,145,4,0,0,2,151,0,2,315.2,18.4,0.0,3.3,289.2,4.3,0.0,0.0,0.0,294.5,0.9,0.0
3808531-06,221,20,0,6,185,10,0,0,0,201,1,0,130,14,0,3,107,6,0,0,0,116,1,0,246.4,90.1,1.5,33.1,115.5,5.6,0.0,0.6,2.5,146.1,1.9,3.7
3808531-07,455,292,1,7,141,12,2,0,1,159,2,0,325,232,1,4,82,4,2,0,1,89,2,0,612.6,201.7,3.4,73.4,319.6,13.2,0.0,1.4,5.4,388.0,4.3,8.1
3808739-01,229,224,0,1,3,1,0,0,1,4,0,0,184,181,0,1,1,1,0,0,1,2,0,0,223.0,208.7,12.3,0.0,0.0,1.9,0.0,0.0,13.3,0.9,0.0,0.0
3808739-02,216,216,0,0,0,0,0,0,0,0,0,0,168,168,0,0,0,0,0,0,0,0,0,0,203.6,190.6,11.3,0.0,0.0,1.7,0.0,0.0,12.2,0.9,0.0,0.0
3808739-03,282,267,0,11,3,1,0,0,0,14,0,0,229,218,0,7,3,1,0,0,0,10,0,0,277.5,259.8,15.4,0.0,0.0,2.4,0.0,0.0,16.6,1.2,0.0,0.0
3808936-07,2405,2215,14,70,35,60,10,1,43,74,14,3,1758,1665,8,36,18,20,10,1,12,34,11,3,2527.5,2363.5,18.2,85.0,0.0,46.8,14.0,0.0,18.2,46.8,14.0,0.0
3808936-08,914,880,2,13,4,3,12,0,3,7,12,0,714,695,0,7,4,2,6,0,0,6,6,0,1280.2,1190.4,1.6,37.1,0.0,28.7,22.4,0.0,11.6,10.0,29.5,0.0
3808936-09,342,338,0,1,1,1,1,0,0,1,2,0,271,269,0,0,1,0,1,0,0,1,1,0,452.8,412.9,2.3,21.7,0.0,12.5,3.4,0.0,2.3,0.0,13.5,0.0
3808936-10,453,440,2,3,0,7,1,0,3,3,5,0,360,352,1,2,0,4,1,0,1,2,3,0,530.3,467.2,0.2,41.1,0.0,21.0,0.7,0.0,6.9,6.3,1.5,0.0
3808936-11,2299,2221,4,32,7,29,6,0,8,19,12,2,1782,1738,2,15,6,16,5,0,3,14,8,1,3190.8,2853.3,6.5,213.6,18.9,85.8,12.6,0.0,31.7,77.4,23.1,1.9
3808936-12,1224,1201,3,8,3,7,2,0,3,11,2,0,922,907,2,4,1,6,2,0,2,8,2,0,1762.4,1676.6,0.0,45.1,0.5,33.1,7.1,0.0,26.9,33.2,18.5,0.0
3808936-13,1120,1083,0,15,7,7,8,0,0,9,9,0,859,842,0,6,4,4,3,0,0,5,4,0,1430.5,1376.1,40.0,0.0,0.0,6.0,1.3,7.0,45.5,5.5,1.3,7.0
3808937-01,3527,3276,36,81,39,51,42,2,53,64,53,6,2827,2668,22,48,32,19,36,2,26,40,42,4,6669.0,5401.7,218.2,429.1,115.1,244.1,260.8,0.0,334.7,303.6,266.9,89.5
3808937-02,1914,1822,26,22,8,7,29,0,34,11,31,0,1478,1399,26,20,6,0,27,0,30,6,27,0,2179.4,1897.5,50.7,145.9,0.0,46.6,38.7,0.0,84.5,20.7,39.0,11.8
3808937-03,2538,2193,60,68,24,40,150,3,80,44,165,8,2138,1826,58,55,17,30,149,3,69,33,162,6,2401.1,2107.5,70.7,204.7,0.0,12.2,6.1,0.0,80.1,0.0,11.7,2.8
3808937-04,3508,3339,20,58,67,11,12,1,26,77,13,1,2867,2745,14,37,53,7,10,1,16,59,11,1,3356.5,3076.7,69.1,134.8,11.5,16.5,48.0,0.0,69.1,32.0,48.0,0.0
3808937-05,2818,2699,8,56,21,24,10,0,15,38,11,3,2134,2068,6,29,12,10,9,0,7,21,9,2,3514.0,3098.8,178.9,138.8,72.9,11.5,13.0,0.0,178.9,84.5,13.0,0.0
3808937-06,1137,1058,11,27,14,22,5,0,17,29,5,2,903,855,10,17,10,7,4,0,11,14,4,2,1581.4,1195.8,11.7,141.0,137.0,96.0,0.0,0.0,70.7,265.0,0.0,0.0
3809120-03,445,440,1,3,0,1,0,0,2,0,0,0,342,338,1,3,0,0,0,0,1,0,0,0,428.3,414.6,3.7,10.0,0.0,0.0,0.0,0.0,3.7,0.0,0.0,0.0
3809120-04,584,565,1,13,1,4,0,0,1,5,0,0,468,460,0,4,1,3,0,0,0,3,0,0,590.6,569.2,5.8,15.7,0.0,0.0,0.0,0.0,5.8,0.0,0.0,0.0
3809120-05,128,125,0,0,2,1,0,0,0,3,0,0,101,98,0,0,2,1,0,0,0,3,0,0,127.5,122.9,1.2,3.4,0.0,0.0,0.0,0.0,1.2,0.0,0.0,0.0
3809123-01,280,271,0,1,6,0,2,0,0,6,2,0,219,216,0,1,1,0,1,0,0,1,1,0,259.3,259.3,0.0,0.0,0.0,0.0,0.0,0.0,0.0,0.0,0.0,0.0
3809123-02,538,515,1,3,14,5,0,0,1,17,2,0,424,408,1,1,11,3,0,0,1,14,0,0,504.3,503.0,0.3,0.9,0.0,0.0,0.0,0.0,0.3,0.0,0.0,0.0
3809329-01,500,482,1,4,9,4,0,0,2,11,1,0,409,401,0,2,3,3,0,0,0,4,1,0,508.9,502.1,0.0,0.4,0.4,4.9,1.2,0.0,0.4,5.3,1.6,0.4
3809329-02,419,417,0,2,0,0,0,0,0,0,0,0,334,332,0,2,0,0,0,0,0,0,0,0,458.7,434.6,0.0,0.0,11.2,9.9,3.0,0.0,0.0,12.5,11.5,0.0
3809329-03,1050,1019,2,9,5,13,0,2,6,15,4,2,799,781,2,4,5,6,0,1,3,10,2,1,1126.6,1068.6,1.6,6.0,21.7,22.4,6.3,0.0,8.4,28.1,28.9,6.4
3809329-04,1345,1325,1,8,2,7,1,1,3,6,2,3,1012,1000,0,4,1,5,1,1,1,5,2,1,1167.9,1158.9,0.2,1.1,0.3,5.0,2.3,0.0,0.2,3.6,4.1,0.0
3809329-05,1133,1110,0,5,2,11,5,0,0,10,5,1,876,862,0,3,1,6,4,0,0,5,4,1,1093.7,1055.8,3.5,10.2,0.8,17.1,6.4,0.0,3.5,11.9,12.4,0.1
3809329-06,1228,1197,2,10,8,8,3,0,3,15,4,0,951,931,0,8,5,4,3,0,0,9,3,0,1169.4,1149.3,0.4,1.4,2.8,9.1,6.5,0.0,1.0,11.2,7.6,0.5
3809329-07,2623,2489,22,43,20,34,13,2,35,45,20,5,2202,2102,18,31,15,23,11,2,24,32,16,5,2756.1,2473.3,47.2,102.6,10.6,93.8,28.5,0.0,67.4,69.6,45.5,0.0
3809329-08,2685,2555,24,43,24,22,15,2,39,39,25,14,2164,2081,13,24,21,12,11,2,15,25,15,6,3089.0,2816.4,105.9,83.2,6.6,63.2,13.6,0.0,179.5,52.1,72.9,48.6
3809329-09,2615,2503,6,47,13,32,14,0,12,29,23,1,1997,1928,4,30,7,17,11,0,7,18,13,1,2495.2,2357.0,12.4,37.3,11.6,39.0,38.0,0.0,16.7,44.0,42.5,0.0
3809329-10,2035,1916,8,39,25,24,21,2,18,30,26,6,1583,1504,7,27,12,12,19,2,11,17,22,3,1915.9,1864.0,9.1,0.0,7.2,35.7,0.0,0.0,14.2,20.3,10.8,8.7
3809329-11,2768,2602,15,68,40,26,15,2,21,53,23,3,2161,2053,8,39,30,15,14,2,8,40,20,3,2879.4,2478.0,32.1,213.8,70.6,71.9,0.0,13.0,93.4,86.6,26.2,21.3
3809329-12,2699,2381,45,83,149,28,12,1,59,167,13,4,2281,2010,39,64,138,17,12,1,44,154,13,2,2403.2,2118.0,45.6,51.1,132.1,48.3,8.0,0.0,47.1,186.9,16.9,0.0
3809510-02,389,376,0,4,8,1,0,0,0,9,0,0,321,311,0,1,8,1,0,0,0,9,0,0,361.1,337.4,0.0,4.1,10.5,9.1,0.0,0.0,0.0,20.1,0.0,2.3
3809510-03,458,440,0,0,14,4,0,0,0,14,0,0,383,371,0,0,11,1,0,0,0,11,0,0,430.9,402.6,0.0,4.9,12.5,10.9,0.0,0.0,0.0,23.9,0.0,2.7
3809515-01,1399,1349,2,6,27,14,1,0,5,38,1,0,1110,1076,1,2,24,6,1,0,2,29,1,0,1454.0,1264.0,0.0,47.0,56.0,75.0,12.0,0.0,0.0,127.0,12.0,0.0
3809720-01,394,384,0,3,3,4,0,0,0,7,0,0,285,278,0,3,3,1,0,0,0,4,0,0,363.5,352.4,0.0,1.8,4.4,4.9,0.0,0.0,0.0,9.6,0.4,0.8
3809720-02,660,638,2,14,2,3,1,0,3,5,1,0,501,487,2,8,2,2,0,0,2,5,0,0,771.5,736.2,0.0,2.0,14.1,19.2,0.0,0.0,0.0,34.8,1.5,3.1
3809720-03,387,385,0,1,0,1,0,0,1,0,0,0,289,289,0,0,0,0,0,0,0,0,0,0,409.7,388.8,0.0,16.5,4.1,0.3,0.0,0.0,0.2,4.2,0.2,0.0
3809720-04,254,245,0,4,2,2,1,0,2,2,2,0,194,191,0,1,1,0,1,0,0,1,1,0,281.1,267.3,0.0,10.6,3.3,0.0,0.0,0.0,0.0,3.3,0.0,0.0
3809720-05,263,258,0,3,2,0,0,0,0,2,0,0,206,202,0,2,2,0,0,0,0,2,0,0,258.4,251.7,0.0,6.5,0.1,0.0,0.0,0.0,0.0,0.1,0.0,0.0
3809720-06,205,202,0,0,3,0,0,0,0,3,0,0,154,153,0,0,1,0,0,0,0,1,0,0,192.0,187.3,0.0,4.8,0.0,0.0,0.0,0.0,0.0,0.0,0.0,0.0
3809720-07,702,678,0,4,0,18,1,1,4,4,5,10,541,533,0,1,0,5,1,1,0,2,2,3,650.9,568.2,29.6,18.5,17.2,5.5,3.5,8.4,33.5,18.7,4.9,8.4
3809720-08,713,650,22,25,2,12,2,0,29,8,3,1,599,543,21,20,2,11,2,0,27,8,3,1,686.1,602.8,28.7,19.8,15.1,8.5,3.3,8.0,33.2,17.5,4.8,8.2
3809720-09,775,738,4,17,9,4,3,0,4,13,3,1,602,579,3,10,5,2,3,0,3,7,3,1,756.9,701.9,16.2,1.5,36.6,0.2,0.1,0.3,16.4,36.6,0.2,0.3
3809720-10,1037,985,0,29,4,16,3,0,4,14,7,0,798,770,0,15,4,7,2,0,1,9,4,0,977.1,906.1,0.0,32.2,7.7,26.0,5.0,0.0,11.0,33.7,10.0,0.0
3809720-11,877,809,1,36,18,8,5,0,4,22,6,0,675,635,1,19,14,3,3,0,1,16,4,0,847.8,731.5,0.8,102.6,4.2,8.8,0.0,0.0,1.3,4.3,8.3,0.0
3809720-12,955,874,0,59,8,10,4,0,3,16,4,0,695,654,0,32,5,3,1,0,0,8,1,0,963.9,908.7,0.1,37.9,0.3,16.9,0.0,0.0,14.6,4.2,1.5,0.0
3809720-13,899,847,10,19,10,12,1,0,17,15,3,0,772,728,10,15,9,9,1,0,14,13,3,0,860.1,794.2,12.6,32.3,7.9,12.8,0.1,0.2,16.9,8.0,0.1,0.2
3809916-01,350,331,0,15,0,2,2,0,0,2,2,0,304,287,0,13,0,2,2,0,0,2,2,0,347.5,311.7,0.5,9.0,0.9,20.5,4.9,0.0,0.8,14.4,4.9,0.0
3809916-02,475,460,0,5,0,9,1,0,0,5,2,0,400,393,0,1,0,5,1,0,0,3,1,0,458.5,410.6,0.6,13.0,3.4,24.9,6.1,0.0,0.7,19.9,6.1,0.0
3809916-03,709,634,1,65,1,5,3,0,1,7,8,0,549,501,1,41,1,2,3,0,1,4,5,0,661.0,565.5,0.0,87.5,2.4,5.7,0.0,0.0,0.0,8.0,0.0,0.0
3809916-04,778,742,0,28,2,2,4,0,0,5,6,0,614,590,0,17,2,1,4,0,0,4,5,0,690.2,614.6,0.6,67.6,1.8,2.9,2.7,0.0,1.7,3.8,2.7,0.0
3809916-05,467,409,0,53,1,3,1,0,0,3,1,0,363,323,0,37,1,1,1,0,0,1,1,0,541.2,411.6,0.0,106.6,13.0,10.0,0.0,0.0,0.7,25.2,0.7,0.0
3809916-06,512,475,0,32,1,4,0,0,0,5,0,0,386,365,0,18,1,2,0,0,0,3,0,0,502.1,435.5,0.0,61.2,2.1,3.2,0.0,0.0,1.4,4.4,0.1,0.0
3809916-07,685,644,4,20,15,1,1,0,5,15,1,0,513,488,3,11,10,0,1,0,3,10,1,0,609.1,551.6,2.3,46.3,6.9,2.0,0.0,0.0,2.5,9.4,0.0,0.0
3809916-08,503,473,1,17,2,9,1,0,5,11,8,3,405,392,0,7,2,3,1,0,1,4,3,1,440.2,420.6,0.0,8.7,10.1,0.7,0.0,0.0,0.7,10.1,0.0,0.0
3809916-09,349,335,2,4,3,4,1,0,3,6,4,1,280,274,0,2,2,1,1,0,0,4,1,0,292.0,290.2,0.0,0.0,0.0,1.8,0.0,0.0,1.8,0.0,0.0,0.0
3809916-10,867,670,5,158,23,7,4,0,7,36,5,0,694,587,2,81,17,3,4,0,3,22,5,0,964.7,649.3,5.2,246.8,59.6,3.8,0.0,0.0,5.2,63.5,0.0,0.0
3809916-11,667,467,0,160,29,8,0,3,3,41,3,3,471,371,0,76,17,5,0,2,2,21,3,2,596.8,422.7,4.2,126.2,16.1,10.6,17.1,0.0,9.0,23.1,17.1,0.0
3809916-12,911,793,3,78,24,6,6,1,3,30,6,1,739,664,2,43,21,3,6,0,2,24,6,0,912.0,703.9,7.3,144.4,7.3,16.9,32.1,0.0,18.5,18.1,32.1,0.0
3809916-13,914,702,6,163,18,18,7,0,9,37,8,1,698,572,3,96,12,9,6,0,5,21,6,1,786.2,650.2,5.0,76.8,39.1,8.1,7.0,0.0,10.5,46.5,7.0,0.0
3809916-14,925,854,0,43,16,10,2,0,5,21,2,0,674,644,0,16,7,5,2,0,0,10,2,0,837.3,804.1,6.7,17.0,0.0,0.2,9.2,0.0,18.5,0.1,9.2,0.0
3809916-15,489,475,0,8,3,3,0,0,2,5,0,0,377,369,0,3,3,2,0,0,1,5,0,0,514.1,501.0,3.5,8.1,0.0,1.5,0.0,0.0,3.5,7.1,0.0,0.0
3809916-16,418,390,0,13,7,6,2,0,1,7,7,0,331,318,0,4,7,0,2,0,0,7,2,0,419.0,392.7,5.0,20.7,0.0,0.6,0.0,0.0,5.0,3.0,0.0,0.0
3809916-17,496,475,0,12,7,1,1,0,2,8,1,0,398,385,0,6,5,1,1,0,0,6,1,0,499.6,466.0,6.2,26.7,0.0,0.7,0.0,0.0,6.2,3.1,0.0,0.0
3809916-18,604,505,2,95,1,1,0,0,3,3,1,0,456,403,1,50,1,1,0,0,2,2,1,0,730.4,534.3,0.0,160.1,20.3,15.7,0.0,0.0,1.2,39.5,1.2,0.0
3810103-08,2557,2354,21,44,88,44,6,0,39,118,21,3,1940,1823,16,23,55,18,5,0,21,68,12,2,4222.7,3366.2,118.5,326.4,60.5,143.6,194.7,12.8,169.1,86.7,310.0,12.8
3810103-14,970,928,4,13,11,13,1,0,5,23,1,0,755,729,3,9,9,4,1,0,4,12,1,0,1006.9,976.5,0.6,10.8,10.3,7.4,1.3,0.1,6.6,10.9,2.4,0.1
3810103-15,1578,1508,8,19,15,23,3,2,11,25,7,8,1138,1102,5,10,7,11,1,2,6,13,5,2,1628.0,1413.2,11.6,89.2,71.0,27.6,15.3,0.0,13.0,118.5,15.3,0.0
3810103-16,2520,2129,33,62,209,80,7,0,72,275,13,0,1874,1639,25,40,143,20,7,0,34,159,11,0,2423.5,1985.9,116.1,132.4,137.2,13.9,38.0,0.0,116.1,144.5,44.6,0.0
3810103-17,3222,2825,54,121,136,65,19,2,87,180,35,5,2449,2170,45,80,97,36,19,2,59,121,25,4,3256.9,2834.3,67.0,246.4,15.9,26.9,61.9,4.6,67.1,21.1,75.2,4.6
3810103-18,1885,1699,44,55,31,43,8,5,66,57,14,6,1488,1379,29,34,20,20,4,2,37,33,8,2,2635.0,2134.1,90.5,121.0,198.2,62.1,29.0,0.0,122.5,228.4,45.0,0.0
3810103-19,2190,1827,71,81,100,80,27,4,89,151,42,8,1794,1518,65,61,72,49,25,4,76,106,34,5,1948.4,1669.0,42.1,96.8,79.1,44.5,16.8,0.0,42.1,98.6,41.8,0.0
3810104-07,282,267,0,2,7,6,0,0,0,14,0,0,209,203,0,2,2,2,0,0,0,5,0,0,267.5,254.7,0.0,4.7,4.7,2.9,0.5,0.0,0.0,7.1,2.3,0.0
3810104-11,376,361,1,4,5,5,0,0,4,7,0,0,312,302,1,3,4,2,0,0,1,6,0,0,399.4,379.4,0.4,4.1,8.9,6.1,0.5,0.0,1.1,12.2,3.7,0.0
3810104-12,930,906,2,6,6,9,1,0,4,14,2,0,665,652,2,3,5,2,1,0,2,7,2,0,937.7,888.6,0.0,42.6,1.8,4.0,0.7,0.0,0.2,4.0,2.3,0.0
3810104-13,640,626,0,7,3,3,0,1,2,3,1,1,447,438,0,5,3,1,0,0,1,3,0,0,660.8,630.9,2.6,10.6,6.7,9.7,0.3,0.0,7.6,9.0,3.6,0.0
3810105-24,3238,3014,53,42,54,48,27,0,73,71,46,2,2481,2340,37,28,34,20,22,0,44,43,31,2,3656.7,3113.1,233.9,145.4,54.3,52.8,57.2,0.0,263.0,70.9,59.2,14.7
3810105-27,1500,1319,35,51,48,28,17,2,45,60,26,6,1205,1080,27,37,30,17,12,2,30,39,19,4,1613.2,1535.5,14.6,19.6,7.3,28.1,8.1,0.0,31.3,12.1,8.1,0.0
3810105-28,3227,2940,70,91,51,28,43,4,80,69,54,6,2784,2573,54,64,38,19,32,4,59,52,42,6,4576.5,3692.0,353.9,206.2,159.0,86.4,79.1,0.0,400.1,176.5,162.2,73.1
3810105-29,2602,2452,30,27,29,42,21,1,44,55,30,1,2128,2034,21,21,18,16,17,1,27,28,18,1,2820.2,2446.2,277.7,0.0,64.0,32.2,0.0,0.0,287.7,71.0,0.0,15.3
3810105-30,2288,2055,29,72,57,62,10,3,57,94,24,7,1853,1695,27,44,42,33,9,3,39,65,16,5,2212.1,1911.8,56.5,55.4,63.9,90.1,24.2,10.2,58.9,148.6,25.3,10.2
3810105-31,1917,1558,65,63,127,88,16,0,121,184,23,2,1465,1276,37,35,80,22,15,0,46,98,18,1,2629.4,2295.9,43.4,177.1,11.8,79.1,6.9,15.2,43.4,62.6,18.3,15.2
3810105-32,313,279,14,7,2,4,7,0,14,2,11,0,274,241,13,7,2,4,7,0,13,2,11,0,453.3,380.8,2.7,22.5,25.7,8.8,12.8,0.0,6.2,28.6,14.9,2.1
3810106-02,1180,1159,2,9,2,7,1,0,3,8,1,0,825,814,2,5,2,1,1,0,2,3,1,0,1008.1,928.5,0.2,61.6,2.6,12.1,3.1,0.0,4.6,11.5,5.5,0.0
3810106-04,476,466,0,2,4,4,0,0,0,5,4,0,353,349,0,1,1,2,0,0,0,2,1,0,533.0,473.4,4.4,10.5,2.6,11.7,30.3,0.0,12.9,4.5,31.7,0.0
3810106-06,1572,1499,2,40,8,14,9,0,2,19,9,3,1226,1187,2,15,7,10,5,0,2,16,5,1,1322.2,1182.9,3.0,79.0,16.3,41.1,0.0,0.0,9.4,45.2,0.2,0.0
3810138-01,648,635,4,0,3,6,0,0,6,5,2,0,477,472,2,0,2,1,0,0,2,2,1,0,650.1,589.8,11.6,22.6,2.2,22.3,1.5,0.1,34.2,2.4,2.4,0.1
3810138-03,1884,1782,2,24,41,30,5,0,19,46,21,0,1350,1299,2,12,25,9,3,0,5,26,11,0,2185.4,1953.5,21.5,18.8,14.0,22.1,155.5,0.0,24.0,24.8,162.0,0.0
3810138-05,1524,1430,13,14,35,20,11,1,15,52,15,1,1078,1029,11,7,17,7,6,1,11,23,9,1,1802.6,1647.0,81.0,37.2,3.3,18.0,16.0,0.0,98.5,4.0,17.1,0.7
3810138-09,2454,1767,234,229,11,129,79,5,318,41,154,20,1818,1331,193,158,9,64,60,3,233,33,91,11,2265.6,1551.2,201.4,365.3,5.4,109.2,19.2,13.9,270.0,139.9,78.1,21.2
3810138-23,3096,2913,35,31,23,49,43,2,51,39,59,5,2370,2257,26,19,16,21,30,1,33,23,36,3,4267.7,3663.5,0.0,434.9,20.6,120.4,28.3,0.0,38.2,97.7,45.2,27.8
3810138-26,2258,2058,30,71,41,47,9,2,51,69,23,6,1743,1619,24,43,21,25,9,2,29,38,17,3,2161.6,1748.9,25.1,163.8,17.9,180.3,25.7,0.0,193.2,21.9,56.9,0.0
3810138-31,1470,1340,25,18,53,25,8,1,33,69,11,1,1061,989,13,8,30,12,8,1,16,38,8,1,1849.5,1417.0,303.2,75.8,2.2,36.6,13.8,0.9,324.2,3.9,84.5,54.3
3810140-10,3712,2748,296,326,50,192,71,29,420,98,153,55,2313,1786,187,178,33,65,49,15,220,50,78,25,3682.3,2547.1,267.8,530.2,176.2,117.4,40.3,3.1,365.2,348.3,76.5,18.8
3810140-20,1316,1103,36,53,46,63,13,2,56,82,34,8,1046,894,33,44,36,26,11,2,38,53,23,5,1057.9,794.4,42.3,70.3,34.5,97.0,19.3,0.0,105.1,64.0,60.9,1.3
3810140-21,3235,2735,137,131,79,108,40,5,202,149,83,8,2562,2210,112,91,49,57,38,5,144,81,68,8,4281.4,3520.1,125.1,251.2,43.5,169.5,154.0,18.1,180.4,113.2,183.6,37.2
3810140-22,2782,2489,76,82,45,54,34,2,106,76,45,6,2265,2016,69,69,37,40,32,2,88,60,42,4,2633.4,2313.5,62.9,89.6,47.5,48.7,71.2,0.0,72.7,84.8,83.9,1.7
3810140-25,1567,1306,42,55,111,39,13,1,63,133,25,2,1234,1053,36,37,76,19,12,1,44,86,18,1,1418.8,980.0,15.1,149.3,42.1,228.5,3.7,0.0,241.8,44.0,4.0,0.0
3810140-33,266,240,1,17,2,3,1,2,1,5,5,2,191,178,1,5,2,2,1,2,1,4,3,2,482.4,393.8,25.4,10.8,43.8,6.1,1.6,0.9,27.6,45.9,2.3,1.8
3810314-01,2337,2293,1,19,10,14,0,0,5,19,2,1,1883,1849,1,16,7,10,0,0,2,15,2,1,2249.7,2188.7,0.0,23.9,6.0,24.0,7.0,0.0,22.0,7.0,7.6,0.0
3810314-02,881,872,1,0,1,4,3,0,5,1,3,0,736,730,1,0,1,2,2,0,3,1,2,0,924.0,922.4,0.0,1.5,0.0,0.0,0.0,0.0,0.0,0.0,0.5,0.0
3810314-03,485,481,0,2,1,1,0,0,0,1,1,0,418,415,0,1,1,1,0,0,0,1,1,0,447.7,434.3,0.0,13.4,0.0,0.0,0.0,0.0,0.0,0.0,0.0,0.0
3810314-04,504,497,1,0,1,4,1,0,1,4,1,1,406,403,1,0,0,2,0,0,1,1,0,1,433.7,420.6,0.0,13.2,0.0,0.0,0.0,0.0,0.0,0.0,0.0,0.0
3810501-59,4308,3980,5,56,145,107,13,2,20,234,22,11,3350,3145,4,37,105,50,7,2,9,148,9,3,4753.4,4077.7,96.4,96.9,123.6,339.8,19.0,0.0,271.2,361.4,40.6,0.0
3810501-60,2099,1854,10,64,107,59,5,0,17,162,12,0,1593,1444,7,40,77,20,5,0,7,99,8,0,2521.0,2150.4,33.5,87.3,102.5,129.4,18.0,0.0,37.7,203.9,35.3,0.0
3810501-73,2370,2213,20,26,60,46,5,0,32,96,9,0,1797,1692,17,20,39,26,3,0,26,60,4,0,3702.0,3254.7,150.1,65.3,103.6,120.3,7.9,0.0,162.9,230.6,26.9,0.0
3810501-74,2669,2448,6,65,64,69,15,2,15,120,26,3,2126,1982,4,43,53,33,10,1,7,83,13,2,3835.2,2306.7,164.6,926.2,187.6,232.3,0.9,17.0,164.8,409.4,1.8,17.0
3810501-76,3784,3410,6,120,112,124,12,0,20,233,31,3,2800,2576,3,72,76,63,10,0,6,136,18,2,9504.0,7549.5,497.3,665.4,151.1,537.8,103.0,0.0,545.4,328.8,115.0,76.3
381052-43,1478,1368,3,16,55,33,3,0,6,82,7,0,1109,1043,0,10,34,19,3,0,0,52,3,0,2470.9,1987.7,147.5,192.5,45.2,68.3,29.7,0.0,156.6,54.6,60.7,18.7
381052-45,210,198,0,1,6,5,0,0,0,11,0,0,163,151,0,1,6,5,0,0,0,11,0,0,358.1,297.2,0.5,13.6,6.8,33.8,6.2,0.0,8.9,10.5,28.2,0.0
381052-48,942,870,4,9,32,23,4,0,4,56,6,0,705,651,4,6,24,17,3,0,4,43,3,0,2159.7,1706.7,102.1,137.9,67.4,124.5,21.1,0.0,114.8,111.6,24.7,14.9
381052-53,189,184,0,1,2,2,0,0,0,4,0,0,167,162,0,1,2,2,0,0,0,4,0,0,224.3,214.4,0.4,0.9,7.1,1.4,0.0,0.0,0.4,8.2,0.4,0.0
381052-55,701,369,0,18,247,66,1,0,1,316,5,2,501,281,0,7,181,32,0,0,0,214,2,2,636.0,419.5,16.0,21.6,157.4,20.0,1.6,0.0,22.4,177.4,1.6,0.0
381052-62,536,496,1,8,18,8,5,0,6,24,6,0,407,389,1,3,11,2,1,0,1,14,1,0,601.7,544.3,14.4,14.9,22.5,5.7,0.0,0.0,14.5,25.8,2.2,0.0
381052-63,746,710,1,8,17,8,2,0,2,25,2,0,593,571,1,4,12,4,1,0,2,16,1,0,778.5,748.3,0.0,1.9,22.9,5.4,0.0,0.0,0.2,27.1,1.0,0.0
381052-64,1642,1585,0,14,8,24,10,1,10,24,13,3,1352,1312,0,10,8,14,8,0,3,21,10,1,1540.5,1466.4,7.0,53.3,9.4,4.4,0.0,0.0,7.5,13.0,0.2,0.0
381052-65,338,318,0,12,3,2,3,0,1,6,3,0,281,269,0,5,3,1,3,0,0,4,3,0,309.4,297.5,0.0,3.0,0.1,8.5,0.4,0.0,1.6,5.7,1.7,0.0
381052-67,386,361,1,18,2,4,0,0,4,3,0,0,289,278,1,5,2,3,0,0,3,3,0,0,666.1,560.1,0.0,25.4,2.8,65.6,12.3,0.0,16.0,9.0,55.6,0.0
