GEOID20,Tot_2020_pres,D_2020_pres,R_2020_pres,Tot_2020_sen,D_2020_sen,R_2020_sen,Tot_2018_ag,D_2018_ag,R_2018_ag,Tot_2018_ltg,D_2018_ltg,R_2018_ltg,Tot_2018_gov,D_2018_gov,R_2018_gov,Tot_2016_pres,D_2016_pres,R_2016_pres,Tot_2016_sen,D_2016_sen,R_2016_sen
16077772801,633,211,401,625,204,393,459,162,292,454,191,255,454,160,286,571,162,316,581,165,380
16077772803,911,258,618,904,257,600,587,175,401,590,203,379,591,184,393,810,196,499,812,188,575
16077772806,345,117,220,345,128,212,263,106,147,264,106,151,264,99,149,293,81,184,301,87,197
16077772802,782,245,519,774,251,497,561,168,381,563,213,337,571,195,359,710,205,414,710,183,489
16005052865,911,143,746,948,216,691,637,185,446,637,196,440,641,183,440,768,124,496,796,194,544
16005052966,756,228,503,767,234,498,616,245,369,632,271,366,641,261,367,690,211,394,679,217,422
16005052928,1130,574,494,1089,529,493,609,324,284,613,338,278,629,365,248,788,274,366,787,276,457
16005052904,881,450,396,865,453,363,629,385,242,637,419,211,644,419,211,737,340,291,732,362,324
16005052906,639,312,294,653,360,258,463,287,173,465,306,160,468,309,150,500,239,176,505,266,211
16005052843,784,279,485,787,302,442,546,287,259,543,308,235,549,297,226,594,226,267,602,250,315
16005052902,710,250,437,702,250,413,567,229,338,571,251,321,577,256,303,648,197,338,667,220,409
16005052861,636,76,547,641,92,515,377,73,295,384,80,295,395,71,296,447,51,283,455,79,338
16005052860,1183,865,289,1126,878,230,671,478,192,672,492,180,681,521,162,758,458,223,736,384,316
16077772804,294,30,253,297,32,247,205,22,180,205,23,179,208,20,178,264,16,173,265,27,201
16001011809,1893,1212,609,1890,1205,635,1456,861,594,1495,1035,461,1516,974,514,1554,807,514,1468,740,658
16001011919,1771,1407,329,1764,1350,370,1493,997,492,1515,1208,312,1543,1104,428,1469,1030,273,1422,962,409
16033333503,111,13,97,112,13,95,68,1,61,72,4,59,75,2,59,102,2,76,102,2,80
16005052842,545,218,311,544,210,314,387,195,192,399,209,186,402,212,183,472,164,221,480,164,286
16005052841,691,233,435,683,232,413,536,234,299,548,269,279,552,252,284,639,223,292,639,236,357
16005052932,402,218,166,386,217,154,349,204,142,358,233,125,365,235,126,461,209,178,461,203,234
16005052839,604,242,338,577,216,334,437,156,282,440,170,272,450,159,281,518,152,269,506,147,332
16077772805,109,4,105,110,4,104,94,2,93,96,4,92,95,2,92,112,3,93,112,3,96
16003039002,601,118,468,597,148,431,446,93,352,470,106,348,477,114,341,543,80,413,525,95,360
16003039001,247,43,204,237,38,194,195,31,152,197,43,146,200,38,149,215,31,175,204,41,136
16003039006,163,52,108,156,53,100,50,12,37,49,13,33,50,14,35,60,12,48,60,14,37
16003039005,918,251,640,914,256,616,664,205,450,675,251,411,687,270,405,798,197,501,783,197,537
16035357012,308,42,262,310,48,254,222,48,173,220,49,170,224,48,164,305,43,242,305,43,238
16035357010,28,3,25,28,3,24,25,4,21,25,4,20,25,4,21,21,3,16,21,2,16
16003039004,103,10,92,103,6,91,46,4,39,46,4,37,46,4,39,43,2,35,39,0,35
16035357001,535,115,403,531,115,401,364,97,267,365,116,249,374,112,248,514,91,364,495,95,373
16035357003,510,90,410,505,89,401,391,103,288,403,116,287,413,112,294,497,106,352,483,95,367
16033333501,112,11,99,110,11,93,86,5,71,87,17,67,92,19,67,103,17,67,102,6,86
16015158040,1328,306,1014,1322,324,956,816,178,613,822,209,597,837,214,591,915,128,690,893,159,612
16015158030,1458,360,1064,1447,357,1022,1076,262,805,1083,300,767,1100,310,763,1120,247,766,1108,264,738
16015158080,199,34,162,202,36,161,143,28,109,144,30,110,147,33,108,161,27,124,161,30,120
16015158060,205,63,129,213,78,118,114,30,83,116,30,86,114,34,79,171,15,140,169,34,105
16001012106,4231,1466,2622,4185,1420,2609,2539,804,1741,2627,1077,1553,2685,1018,1634,2748,783,1571,2626,706,1807
16001012003,2311,720,1535,2290,667,1557,1503,397,1102,1537,537,1000,1549,495,1047,1617,391,1000,1544,339,1136
16073732312,31,0,31,32,4,24,20,0,17,20,0,18,22,0,17,27,0,17,27,0,17
16073732311,150,125,23,134,110,19,60,44,11,65,51,11,65,53,10,39,26,11,40,26,12
16073732305,80,0,80,83,0,82,64,1,58,68,0,64,68,0,64,72,0,71,67,0,63
16073732302,1065,180,859,1060,181,834,687,135,541,680,150,527,704,141,541,779,116,606,774,124,584
16073732309,423,73,338,421,79,321,285,36,246,285,40,240,292,39,240,366,26,307,345,17,297
16015158050,753,236,485,743,252,446,478,134,346,486,170,320,498,168,310,562,121,365,559,149,358
16001012009,2599,993,1509,2578,999,1440,1853,684,1170,1890,838,1047,1922,838,1038,2113,639,1169,2038,641,1258
16005052908,498,233,228,496,275,193,318,201,119,321,210,105,321,213,100,385,172,139,382,194,170
16005052925,572,311,240,556,318,207,466,300,169,472,317,159,476,301,155,484,232,162,501,265,199
16005052867,592,135,447,601,145,432,487,138,353,491,160,333,499,125,357,577,94,362,602,187,377
16005052863,769,187,544,775,208,528,468,161,304,472,165,302,482,156,304,549,101,340,569,170,365
16001011715,2051,1185,775,2036,1220,720,1274,800,474,1300,895,401,1330,913,393,1311,640,469,1266,655,556
16001011606,1537,1146,333,1528,1158,339,1103,778,325,1128,900,235,1141,893,245,1110,684,284,1068,704,317
16001011709,1416,958,413,1403,945,417,1169,779,392,1191,881,291,1208,855,337,1167,692,307,1148,700,412
16001011615,2117,1308,725,2094,1318,679,1518,909,601,1551,1043,510,1595,1044,501,1548,765,542,1503,774,637
16001011916,1367,924,385,1345,902,396,953,637,317,976,721,256,984,702,273,912,547,258,903,551,315
16001011704,1227,853,320,1228,859,326,1010,654,359,1030,766,270,1059,738,294,1035,591,315,1020,619,352
16001012101,2229,680,1500,2221,648,1495,1673,460,1220,1706,609,1094,1719,564,1144,1981,454,1298,1896,414,1403
16001011910,2420,1861,485,2406,1774,567,1845,1260,584,1899,1522,375,1923,1386,517,1897,1331,350,1832,1237,554
16001011505,1356,577,736,1355,558,755,1026,426,598,1045,520,525,1053,480,552,1143,391,582,1065,387,621
16001011915,1598,1188,363,1586,1160,374,1250,936,312,1280,1058,218,1296,1055,221,1242,836,221,1195,857,291
16035357009,555,64,485,546,70,458,379,48,332,381,61,320,382,40,334,448,51,376,447,48,373
16035357006,124,11,113,125,16,100,71,9,61,68,10,60,73,4,65,81,2,76,81,2,76
16071713202,531,67,453,513,68,427,323,55,258,326,54,263,328,55,256,438,48,307,438,48,360
16071713203,628,86,527,615,83,494,366,58,314,369,62,310,387,54,309,514,54,364,519,63,409
16001012013,1415,567,800,1412,545,822,1113,370,738,1136,483,648,1145,458,676,1218,347,697,1145,309,768
16001012111,2833,1028,1713,2822,1006,1730,1491,519,968,1527,647,880,1545,625,910,1401,417,790,1355,406,869
16001012004,2368,898,1395,2358,881,1389,1453,485,968,1481,583,895,1501,562,917,1562,403,906,1485,398,988
16001011404,3333,704,2536,3305,703,2495,1815,441,1375,1823,501,1324,1853,486,1333,1867,316,1294,1735,318,1307
16001012115,2232,844,1306,2217,871,1226,1387,571,816,1413,638,779,1439,675,739,1620,450,887,1516,479,910
16001011714,1316,845,424,1315,864,410,1245,718,517,1285,857,422,1319,839,456,1287,604,517,1212,604,548
16001011412,1100,273,813,1103,271,809,696,177,516,701,212,486,710,202,496,613,137,400,606,132,442
16001011405,1993,510,1436,1979,497,1413,1425,349,1070,1449,428,1012,1469,425,1012,1494,329,993,1396,321,993
16001012008,2308,828,1401,2294,862,1329,1556,577,979,1589,705,880,1619,674,910,1845,493,1077,1774,516,1131
16001011407,1401,509,866,1391,499,863,950,298,649,965,386,580,989,363,614,1072,306,656,995,274,653
16001011802,1824,757,1000,1820,748,1008,1380,494,889,1406,634,766,1443,608,809,1556,491,808,1480,475,924
16073732310,190,22,165,193,26,161,231,32,195,231,32,192,236,32,189,251,29,192,239,26,192
16073732307,217,23,187,223,39,175,163,19,144,165,23,138,163,19,138,184,12,151,165,12,135
16073732306,368,33,325,366,39,317,330,53,278,333,57,273,338,59,266,373,41,307,365,52,258
16071713201,675,61,603,672,72,567,410,59,341,413,75,335,416,55,340,592,49,465,580,53,498
16071713204,433,26,397,435,22,386,263,16,223,263,18,224,266,10,226,364,10,288,360,14,318
16071713205,108,7,99,105,6,98,76,2,71,76,3,71,76,3,68,91,5,69,91,5,85
16029293208,366,50,313,364,53,299,243,18,211,243,27,209,243,18,210,320,5,242,331,25,287
16029293204,352,43,300,345,47,283,233,35,196,234,48,187,237,41,191,299,29,222,301,35,244
16063632606,41,1,40,40,0,38,27,0,27,27,0,27,27,0,23,39,0,32,39,0,31
16029293202,548,90,446,543,92,420,347,83,270,346,98,256,359,79,265,510,58,385,510,80,378
16029293201,641,67,562,638,71,536,404,54,352,407,75,348,407,66,348,554,30,399,568,66,481
16029293203,346,52,281,336,55,264,223,38,178,224,50,168,228,38,174,302,36,205,295,36,229
16029293205,423,23,386,236,10,214,302,28,254,302,28,253,312,26,254,394,0,324,391,10,349
16071713206,76,2,69,74,2,67,54,2,53,54,0,53,54,0,53,61,0,42,62,0,53
16063632603,404,101,292,403,96,284,285,68,218,290,77,209,294,74,207,337,74,235,339,63,247
16063632604,454,69,369,452,107,327,337,62,270,337,84,256,346,83,258,419,44,318,405,62,312
16075759005,1817,391,1382,1811,393,1352,1165,279,891,1169,333,843,1183,327,843,1439,286,1039,1413,259,1070
16075759003,836,173,647,833,202,595,594,157,432,594,182,399,599,197,391,670,136,475,659,157,467
16025252601,346,70,265,347,70,263,256,39,192,267,67,186,267,66,186,302,51,193,299,70,219
16025252602,328,79,242,328,86,225,254,52,200,259,79,179,261,74,179,270,41,199,260,41,199
16005052864,734,144,577,739,162,560,526,175,353,534,189,349,535,169,356,683,160,471,680,189,420
16005052923,620,297,299,620,325,270,409,212,200,423,235,189,432,212,205,473,179,200,468,205,235
16073732304,561,80,476,573,101,450,466,94,375,468,101,368,473,104,359,610,101,452,603,100,457
16017171018,421,106,302,415,100,301,290,76,215,293,79,215,299,76,218,344,79,226,342,79,240
16017177019,222,45,174,217,45,164,151,31,121,151,30,122,151,30,121,181,23,149,182,22,151
16017171006,583,146,423,576,150,398,397,129,265,397,136,257,400,134,257,476,116,323,470,122,323
16001011406,5179,1263,3811,5172,1137,3907,2963,634,2325,3007,823,2183,3026,736,2262,2476,541,1681,2335,452,1743
16001011402,1537,434,1071,1546,418,1090,1022,250,766,1039,338,705,1051,308,721,1238,291,794,1204,265,882
16001011418,2192,692,1449,2169,657,1447,1686,493,1196,1702,599,1101,1717,556,1134,1871,464,1213,1797,462,1229
16001011610,1939,950,894,1934,960,870,1472,680,792,1508,864,642,1551,835,691,1673,673,722,1581,661,823
16001011612,951,523,394,932,508,372,737,410,330,748,474,270,762,480,262,782,325,334,770,351,375
16001011911,1518,1218,260,1514,1203,277,1270,948,324,1314,1106,207,1329,1050,264,1272,955,189,1242,948,273
16001011913,1433,1181,230,1420,1156,241,1204,881,327,1249,1102,147,1247,997,226,1247,947,190,1190,870,279
16001011419,1476,516,910,1461,529,871,997,323,672,1004,407,602,1021,393,612,1150,320,677,1097,308,702
16001011920,955,623,314,958,609,332,687,391,292,712,502,207,712,450,259,770,467,234,757,407,329
16001011417,2239,646,1528,2220,659,1494,1366,410,956,1394,472,912,1420,482,913,1384,287,901,1340,300,972
16001011409,1434,561,834,1434,530,863,1141,383,762,1172,502,672,1186,443,736,1252,393,712,1178,355,784
16001011702,1527,802,665,1512,787,656,1189,564,621,1209,698,518,1228,698,511,1313,511,570,1244,532,633
16029293206,67,4,63,67,4,62,37,1,34,38,0,37,38,0,34,56,0,38,58,1,47
16029293209,43,1,42,40,2,37,32,0,32,32,0,32,33,0,33,40,0,37,37,0,33
16001011713,1711,939,701,1703,946,689,1344,663,679,1376,826,550,1384,749,610,1415,570,610,1383,593,721
16001012214,1250,292,924,1236,298,897,862,218,635,881,278,598,892,280,596,991,197,678,931,193,650
16001011805,2040,1413,562,2019,1401,572,1538,975,562,1577,1141,437,1610,1124,456,1510,854,459,1453,808,591
16001011901,3252,1426,1764,3243,1380,1775,1946,833,1113,1988,1030,960,2019,951,1041,1841,793,824,1779,769,930
16001011904,1619,796,787,1611,776,794,1200,560,641,1244,697,547,1261,664,581,1273,523,607,1197,507,621
16001011818,2171,1186,915,2153,1131,954,1493,740,760,1541,909,635,1579,863,678,1578,698,630,1481,633,792
16075759010,204,19,184,199,28,161,139,13,127,140,21,121,142,21,117,160,16,124,163,20,133
16013132603,517,107,394,518,97,392,516,113,396,521,142,373,531,138,375,630,91,433,643,99,500
16043433514,99,13,86,98,12,84,76,7,68,76,13,62,76,7,65,79,7,62,77,7,64
16043433502,648,89,548,646,86,527,502,68,427,502,92,409,504,85,398,590,68,433,588,76,475
16043433501,467,76,380,461,62,374,313,40,266,313,65,240,313,40,260,368,60,267,361,46,280
16043433504,165,17,145,163,17,143,120,9,102,120,17,97,120,10,100,121,8,97,121,8,99
16043433505,592,54,523,589,49,502,421,53,369,424,60,365,424,59,349,525,29,365,524,29,424
16073732308,95,5,90,91,4,79,90,6,82,93,1,89,93,1,84,95,6,90,93,6,74
16017171023,221,76,140,222,73,146,150,67,78,153,69,84,151,65,90,160,61,95,169,59,101
16017171020,380,142,235,383,130,244,300,88,199,306,96,198,309,97,200,336,98,205,339,86,239
16017171008,1233,337,873,1213,323,841,776,248,528,788,268,518,799,270,506,937,217,637,920,225,647
16075759008,1714,280,1406,1699,296,1348,1221,231,974,1231,256,958,1241,254,953,1381,202,1056,1375,231,1015
16075759002,2040,417,1577,2025,433,1515,1395,307,1087,1396,367,1031,1414,364,1030,1544,283,1146,1544,303,1144
16061616002,164,30,133,166,32,127,116,24,89,116,26,87,117,24,87,123,15,100,122,17,95
16061616001,372,82,278,369,84,269,293,69,213,295,93,198,299,79,211,353,79,229,353,58,286
16061616003,576,99,469,564,103,439,389,78,318,389,83,314,398,82,310,452,61,359,454,71,340
16061616004,353,58,289,349,65,268,246,37,212,245,53,191,246,53,191,302,37,240,307,37,244
16061616007,42,7,35,42,3,36,41,8,33,41,11,33,41,4,34,41,7,26,41,3,34
16061616005,312,59,248,307,54,247,240,39,199,242,52,189,246,49,197,274,41,214,272,32,213
16061616006,40,9,31,40,11,28,33,5,28,33,7,25,33,5,25,35,5,25,35,5,28
16061616008,11,5,6,11,5,6,7,4,3,7,4,3,7,4,3,7,2,4,6,1,5
16013132601,5,0,5,5,0,5,7,0,7,7,0,7,7,0,7,16,0,12,12,0,9
16013132606,611,382,217,618,359,244,351,215,133,360,246,108,355,227,118,361,201,126,341,165,163
16013132613,1147,838,279,1151,800,331,848,589,258,853,639,210,855,631,205,832,587,189,847,536,295
16013132609,822,647,153,823,649,154,646,494,150,654,554,100,662,548,109,645,452,155,632,412,204
16001012207,3111,704,2322,3085,727,2273,1759,350,1402,1777,476,1308,1811,473,1317,1759,250,1267,1666,265,1257
16001012205,1031,263,742,1026,263,729,723,173,552,738,212,526,751,206,534,772,155,524,708,162,512
16009095003,628,113,500,608,119,467,432,116,313,440,128,310,449,115,321,530,96,405,517,99,389
16009095009,982,156,812,966,174,764,667,135,530,672,140,530,688,137,546,820,118,658,813,112,665
16009095001,211,39,168,210,46,151,164,30,131,171,38,131,175,39,125,178,31,131,178,35,123
16037378008,204,130,70,199,123,62,148,82,62,150,101,49,149,95,49,169,98,55,175,95,73
16037378004,300,114,183,277,83,178,113,24,85,115,36,80,113,27,76,125,26,84,113,17,84
16037378002,296,31,260,291,45,236,282,38,241,289,41,249,295,56,225,290,25,237,286,26,213
16037378005,135,15,119,133,11,120,67,1,56,60,1,56,68,4,56,73,1,60,74,6,68
16063632601,744,208,512,739,220,483,574,168,405,574,225,331,597,216,365,680,202,411,680,186,466
16001011601,2301,1243,1018,2299,1184,1063,1875,834,1042,1904,1055,844,1917,918,974,1909,890,857,1831,788,976
16001011514,1228,526,665,1218,524,641,920,406,514,936,474,463,949,454,476,1007,340,508,955,327,578
16001012210,1718,468,1175,1696,520,1089,1140,373,761,1167,440,725,1201,449,715,1465,322,948,1391,312,975
16001011508,1496,720,732,1500,711,722,1172,527,640,1192,625,567,1217,606,589,1296,478,639,1222,482,659
16043433506,559,146,395,549,141,387,430,99,313,429,109,303,432,86,312,417,56,300,416,45,318
16067672702,1088,157,907,1089,162,888,615,87,533,615,108,509,617,101,509,828,93,614,806,109,616
16067672703,846,194,624,822,187,595,504,127,367,504,143,357,510,133,364,792,164,540,782,133,559
16001012206,2583,762,1742,2585,760,1730,1538,459,1080,1563,589,973,1588,565,994,1635,391,1021,1554,343,1126
16001012114,1884,747,1067,1875,749,1037,1359,555,810,1381,637,743,1405,653,720,1520,459,826,1509,510,913
16001012012,1562,685,811,1544,704,763,929,424,506,947,498,450,966,514,434,1063,321,597,1009,314,634
16001011609,1398,672,665,1397,663,685,1133,516,611,1148,625,521,1184,597,571,1241,452,608,1223,473,689
16001011413,4827,1603,3115,4813,1472,3173,2842,819,2013,2900,1038,1857,2934,964,1935,2786,722,1679,2653,630,1901
16001011414,3836,1110,2613,3829,1079,2618,1977,552,1422,2018,692,1321,2056,689,1334,2074,456,1280,1968,456,1401
16001011711,1061,720,296,1052,730,286,759,534,224,783,616,174,803,617,172,846,479,219,780,446,295
16001011810,1239,837,364,1235,815,383,1005,577,429,1033,721,311,1056,687,360,1058,603,337,1005,543,416
16001011902,1750,1123,575,1742,1027,683,1367,689,677,1393,907,481,1405,742,653,1370,759,470,1353,705,626
16037378009,467,112,345,468,125,319,379,93,290,380,97,288,380,115,250,469,76,338,464,76,330
16037378001,410,40,364,399,26,352,386,39,349,397,57,331,402,61,329,434,37,373,422,37,323
16059598006,1082,243,799,1061,235,775,797,189,604,805,238,577,839,247,556,1020,195,712,997,194,700
16059598005,1288,344,900,1265,335,872,1013,289,709,1024,335,676,1031,301,689,1205,254,840,1187,261,846
16059598004,314,53,259,322,65,253,203,21,180,205,24,179,203,21,179,254,20,215,252,19,205
16001012005,3015,1110,1807,2991,1049,1825,2024,673,1357,2073,829,1238,2103,824,1249,1982,542,1142,1841,490,1238
16001012001,1447,510,908,1446,478,921,937,295,641,961,375,587,974,350,614,1521,403,877,1437,358,1003
16001012011,2121,905,1152,2089,896,1120,1347,500,844,1390,650,735,1415,644,756,1456,424,791,1374,388,915
16001011707,1304,878,378,1309,882,391,986,667,322,1007,794,217,1025,765,256,986,557,270,942,572,336
16001011914,1230,1010,176,1233,1006,200,1017,777,229,1049,906,143,1056,870,177,1070,777,165,1023,768,227
16001011403,527,149,367,530,143,374,492,122,372,502,161,338,507,148,345,480,121,287,461,110,337
16001011410,1644,724,891,1630,695,881,1147,527,624,1169,623,547,1184,588,584,1280,471,647,1246,472,705
16001011416,2408,860,1516,2401,743,1597,1637,450,1187,1661,587,1078,1662,494,1153,1607,449,1007,1576,394,1140
16001011411,2071,768,1244,2064,748,1234,1319,473,851,1352,597,755,1370,546,803,1415,448,802,1335,420,839
16001012211,1947,415,1458,1926,471,1389,1198,295,890,1216,355,852,1235,347,851,1451,238,1042,1344,241,993
16013132608,942,713,201,939,709,206,606,420,191,609,469,142,614,468,140,624,423,151,621,386,213
16013132616,1141,845,279,1147,813,311,975,736,234,978,801,180,1002,810,179,1020,746,183,992,664,309
16009095002,452,83,359,443,79,347,316,65,250,318,71,246,323,60,256,377,60,285,375,59,291
16009095011,657,126,512,630,133,473,452,113,332,457,128,328,469,110,347,555,101,402,546,102,400
16009095005,337,66,266,326,71,240,221,53,170,222,56,162,228,62,159,260,30,210,262,43,192
16009095004,222,20,195,219,27,176,171,36,130,177,37,134,177,37,132,188,23,146,181,30,129
16079797011,115,14,100,113,14,92,88,3,68,88,4,68,88,5,68,101,5,88,103,5,88
16055553028,2754,614,2060,2708,571,2000,1246,320,919,1247,348,900,1254,352,885,2031,355,1460,1997,356,1555
16079797009,1048,239,793,1028,255,738,653,213,427,653,213,426,669,224,424,864,201,588,856,204,627
16079797001,127,26,100,121,24,95,109,20,86,109,23,84,111,17,88,117,24,88,109,17,86
16079797006,1192,368,787,1177,394,735,852,351,494,867,381,483,884,381,483,1058,311,632,1072,326,696
16035357014,176,42,131,181,51,122,102,19,80,100,15,82,100,10,84,112,21,82,107,19,82
16003039003,554,117,429,554,124,396,435,101,324,435,96,330,446,105,310,498,75,371,498,92,346
16083832507,789,123,642,804,146,626,564,121,439,567,160,406,564,127,417,664,95,483,660,103,504
16057575028,524,74,444,556,112,427,362,101,265,362,108,256,372,116,255,443,90,317,443,90,343
16057575029,1218,403,774,1275,467,771,1027,380,649,1028,426,608,1039,425,611,1152,417,593,1160,381,743
16057575019,1100,252,836,1153,315,825,204,168,29,657,193,460,676,192,468,763,167,531,767,175,545
16057575024,413,120,285,422,119,294,312,110,201,308,125,177,309,122,176,333,92,206,338,99,226
16057575021,1032,393,609,1081,434,602,706,218,481,705,286,429,719,286,435,786,216,484,784,214,566
16057575026,303,74,218,316,86,217,234,55,175,222,60,166,234,69,159,255,63,167,259,63,184
16035357004,418,90,311,411,89,311,279,66,215,284,76,210,285,77,207,339,40,279,328,43,277
16035357002,485,78,402,492,86,396,365,87,272,369,99,266,377,99,266,453,87,332,440,86,328
16035357011,272,73,196,265,72,184,209,59,149,210,59,150,213,59,150,247,59,169,245,61,171
16031312716,309,42,262,306,41,249,205,29,176,204,41,166,204,35,162,255,15,205,254,21,201
16031312706,675,164,488,672,171,461,416,121,294,420,136,286,421,128,280,615,136,394,616,127,443
16031312723,592,77,497,583,89,464,379,57,326,381,73,305,389,63,313,469,41,351,469,45,367
16031312725,205,67,130,203,67,123,118,51,69,120,52,62,121,52,58,173,49,104,175,43,111
16031312701,296,96,187,290,96,178,162,70,91,165,73,82,165,73,78,234,65,141,234,60,155
16031312702,366,83,275,358,74,257,211,43,165,210,53,155,215,50,158,319,67,202,313,64,229
16031312721,695,83,599,693,94,572,475,60,417,480,81,400,481,72,398,636,68,485,627,61,493
16035357008,186,20,163,182,16,163,146,18,134,146,22,121,146,14,122,176,19,146,167,22,134
16035357013,217,81,128,212,67,130,116,34,77,116,38,77,116,34,77,99,34,55,101,32,74
16031312719,323,38,276,321,35,268,209,7,199,209,15,185,209,11,185,278,23,222,281,15,243
16031312718,61,8,53,59,8,48,36,1,34,36,3,29,36,1,29,57,7,29,54,3,39
16031312711,108,7,99,108,8,97,69,0,69,69,4,63,78,7,64,98,4,78,97,1,83
16083832302,788,120,661,783,122,626,585,101,481,593,119,470,599,119,456,741,85,583,741,115,559
16083832504,674,170,486,681,222,427,405,106,301,407,134,270,407,124,266,577,121,382,576,144,378
16083832506,1018,160,831,1028,207,779,630,125,511,631,158,473,650,144,478,763,128,561,774,143,552
16083832304,547,136,400,537,138,374,320,68,250,318,84,233,324,84,233,397,52,297,397,83,273
16013132610,935,715,200,933,699,217,674,445,219,689,504,182,702,517,179,751,488,193,740,460,278
16023233503,183,8,175,186,10,170,119,1,117,121,2,117,124,1,120,157,1,143,152,2,136
16037378007,253,46,202,251,47,195,215,73,136,215,83,133,216,74,134,289,81,181,294,81,182
16037378003,430,46,378,448,79,344,379,77,304,384,104,280,383,81,279,428,52,331,425,61,315
16013132604,1035,718,302,1037,694,326,568,373,192,572,426,151,568,399,162,572,348,180,576,302,278
16065653417,240,8,231,243,8,224,150,10,131,148,14,128,148,11,125,193,3,153,199,9,168
16065653406,1060,139,891,1070,126,898,663,69,582,671,131,540,670,86,554,955,54,610,957,82,809
16065653416,1189,271,873,1169,206,893,851,131,719,866,186,671,878,185,648,1281,148,643,1259,149,1031
16065653407,1196,154,979,1201,143,973,711,95,606,715,125,591,723,125,577,1146,80,693,1140,102,939
16065653419,724,49,659,752,68,649,473,49,422,473,68,407,483,59,409,640,36,484,642,47,553
16015158070,877,205,631,864,200,620,805,215,585,810,264,544,810,264,528,876,205,589,858,184,563
16001012202,1502,520,934,1479,512,891,1089,347,741,1099,427,671,1118,419,672,1247,284,776,1167,289,794
16065653402,1077,89,958,1104,104,966,621,54,550,631,91,536,635,88,514,935,38,666,942,72,762
16065653418,732,74,616,770,109,607,510,59,455,516,82,431,523,80,415,756,44,468,749,68,630
16083832422,462,126,317,464,123,312,437,105,333,442,137,301,446,135,300,523,144,293,523,145,345
16083832421,717,255,433,688,231,429,461,143,320,456,166,293,468,160,297,586,171,335,573,137,400
16083832402,875,322,506,838,334,443,562,213,342,565,259,306,588,273,284,696,181,410,693,210,410
16083832510,669,145,512,671,146,485,391,63,321,391,74,306,392,74,300,520,56,401,511,63,379
16083832303,632,103,514,641,146,481,339,59,283,348,75,273,350,71,269,478,68,372,467,69,337
16083832501,533,126,388,513,138,353,297,52,234,297,66,224,305,68,229,352,56,248,342,55,261
16083832412,800,214,563,820,237,538,607,155,453,618,209,403,633,191,427,815,159,549,809,199,578
16083832401,1048,403,597,1019,377,563,574,255,327,588,297,290,601,314,268,745,205,430,765,218,455
16083832509,1130,346,753,1058,294,711,599,136,455,605,171,438,614,165,440,807,156,593,775,136,549
16059598008,180,24,151,193,40,142,79,17,60,79,17,61,78,16,59,88,9,71,95,20,58
16059598009,208,24,184,231,50,170,122,16,108,122,14,108,120,12,100,172,17,129,176,25,128
16059598001,286,24,262,294,30,257,174,17,146,178,36,131,176,15,146,197,9,178,205,18,170
16083832420,1978,599,1340,1939,539,1313,1130,343,787,1132,402,732,1145,374,748,1244,285,743,1228,314,840
16083832404,979,348,571,972,396,504,575,205,372,571,262,309,598,257,315,785,226,441,785,233,503
16083832407,962,311,620,920,321,561,570,198,372,581,261,316,589,241,326,735,214,434,729,196,466
16055554044,1646,546,1041,1620,527,1020,1017,401,616,1035,464,571,1043,420,610,1135,398,648,1133,367,722
16055554053,958,363,567,945,382,517,720,334,388,726,355,372,730,342,371,849,288,460,832,321,467
16055552004,1159,254,890,1146,240,867,825,185,637,827,205,625,840,204,626,932,237,657,918,220,658
16055552003,1619,230,1355,1582,235,1293,1178,201,978,1177,213,959,1185,204,960,1370,223,1065,1358,208,1081
16055554058,938,495,420,926,460,428,687,371,323,718,431,279,721,414,291,804,404,299,804,383,396
16079797013,33,14,18,31,12,17,22,8,12,24,11,12,22,8,15,35,10,24,35,8,19
16079797005,908,268,617,878,263,565,639,249,383,638,257,375,650,251,384,780,220,509,816,247,528
16055552041,1207,332,857,1202,297,876,864,257,602,866,273,592,871,237,624,1012,217,723,1006,171,782
16009095007,300,34,262,286,44,230,209,43,168,212,37,181,230,38,176,245,32,196,240,37,176
16009095006,747,242,479,744,277,427,609,229,371,611,243,362,634,267,346,642,169,405,642,131,462
16001012102,2084,705,1299,2066,706,1279,1400,431,970,1438,542,896,1459,526,911,1724,434,1057,1598,375,1119
16083832403,934,288,595,948,354,538,633,275,356,647,321,327,651,340,296,839,284,460,851,296,486
16083832415,479,133,323,463,149,278,349,92,260,357,117,239,363,110,238,443,92,302,440,100,294
16083832525,501,82,408,498,87,373,467,79,391,469,108,362,471,88,371,483,72,355,483,107,326
16083832411,937,270,639,954,292,613,604,198,411,612,243,369,613,233,369,776,159,493,774,205,500
16059598003,148,53,89,139,40,97,58,15,41,58,15,42,58,15,41,67,17,42,64,15,48
16083832301,630,93,525,627,108,491,511,103,406,512,136,381,522,109,392,558,80,427,546,99,384
16017177025,1396,410,946,1380,407,927,920,303,618,928,335,593,952,325,610,1081,300,690,1068,293,723
16017177028,780,178,579,779,186,569,520,133,384,525,141,381,535,140,379,582,136,389,590,134,419
16017171022,1228,213,997,1202,212,950,764,164,602,766,167,602,781,164,598,954,158,736,943,167,736
16017171024,339,64,269,334,63,263,198,45,151,200,45,154,201,47,150,239,49,172,234,45,181
16017171010,876,180,680,865,166,659,502,133,374,517,139,376,517,134,374,635,121,464,622,111,467
16083832414,1154,396,707,1108,383,683,663,226,432,674,280,399,687,293,373,908,201,592,886,186,648
16083832512,898,132,737,883,143,698,537,90,447,540,129,414,556,122,418,753,108,524,740,108,579
16083832413,1493,473,981,1449,454,920,669,230,444,674,269,408,687,272,388,923,209,619,899,194,627
16059598007,868,160,691,849,145,678,668,139,536,668,163,512,674,147,527,828,125,628,820,101,650
16055554059,579,286,277,579,288,264,393,209,183,408,236,175,408,227,176,496,227,224,492,218,251
16055552014,1587,330,1228,1574,306,1209,873,204,663,873,224,644,880,221,650,962,186,704,953,184,719
16055553032,1154,309,797,1120,280,763,702,234,472,715,241,474,721,247,461,935,249,593,926,244,637
16055553025,1821,500,1253,1761,484,1195,1025,287,736,1029,311,717,1041,310,709,1261,309,857,1256,280,927
16079797004,293,93,195,291,93,185,211,79,134,224,87,132,225,98,120,280,79,176,288,86,193
16079797003,621,247,342,614,251,326,419,209,212,439,230,205,444,228,221,491,177,265,492,178,295
16055553069,1046,345,679,1043,339,676,651,279,361,655,281,361,683,329,366,723,234,445,718,191,486
16067672701,574,97,461,570,91,449,431,45,366,429,60,350,436,60,351,556,66,408,551,58,443
16067672710,676,160,499,674,151,491,394,77,318,393,89,301,394,79,302,564,102,399,560,104,399
16031312713,102,5,97,105,5,100,66,0,66,68,1,60,78,0,66,87,3,55,90,1,78
16067672708,804,181,614,794,180,567,539,121,412,539,134,397,539,128,397,654,91,459,650,110,448
16067672709,703,241,435,683,240,396,405,143,254,405,149,240,406,153,236,485,142,271,465,127,322
160676727A1,702,136,555,703,155,520,483,123,365,483,156,332,485,143,337,652,137,430,626,117,478
16067672705,835,150,674,826,158,618,528,119,413,531,136,395,543,119,406,729,130,519,720,119,553
16065653404,485,25,449,488,29,437,336,14,321,336,37,303,340,24,310,452,20,329,454,35,385
16039392311,626,180,435,619,175,413,505,142,353,505,173,331,517,163,333,655,147,440,655,146,451
16039392305,337,80,226,325,115,195,183,37,140,193,51,136,192,41,133,221,38,161,224,38,153
16067672706,561,76,479,560,73,459,406,41,353,408,49,346,410,56,334,561,39,451,556,48,430
16039392304,1586,361,1196,1632,391,1165,625,161,440,625,182,410,631,183,398,714,149,510,718,154,510
16027271135,1291,192,1075,1278,195,1040,881,151,733,877,172,697,898,159,718,1028,133,770,1026,133,814
16027279001,1534,318,1180,1519,335,1120,1084,224,861,1097,273,821,1112,279,831,1336,217,984,1342,229,1006
16027271136,831,232,564,817,255,525,597,184,418,622,220,386,622,195,393,712,220,451,714,178,488
16027271142,1797,367,1394,1807,364,1399,1725,287,1443,1743,368,1381,1776,330,1415,1829,273,1316,1832,255,1399
16027271019,1164,465,664,1139,496,596,738,319,413,744,357,384,762,369,371,897,293,487,894,268,558
16027271379,1584,442,1101,1575,414,1094,1173,287,881,1173,372,801,1186,358,810,1402,327,932,1408,306,1008
16027271137,1222,202,994,1199,204,952,855,133,714,857,166,689,870,164,697,927,107,733,927,137,724
16027271259,1879,584,1234,1866,622,1169,1072,346,727,1081,401,684,1097,419,656,1303,330,820,1296,347,876
16027271007,608,268,316,599,288,281,390,213,182,390,227,168,397,227,167,461,199,208,461,170,243
16027271134,662,121,523,654,123,504,503,84,409,504,109,398,511,102,402,541,66,430,537,79,418
16027271377,1416,374,1003,1419,391,965,1052,281,774,1066,347,719,1087,350,719,1243,282,800,1238,297,854
16027271251,1761,481,1229,1755,480,1181,1012,279,734,1034,328,698,1060,347,689,1196,229,786,1172,229,866
16027271132,1091,215,860,1084,220,822,763,139,609,771,168,598,775,157,603,878,147,652,869,158,633
16027271126,1539,242,1257,1523,253,1221,1018,161,848,1026,226,793,1034,224,797,1276,141,976,1265,176,975
16027271144,323,83,227,324,89,214,241,70,169,248,83,161,250,86,158,274,60,169,274,60,188
16055552068,819,204,597,802,210,564,636,187,441,636,200,434,646,165,463,780,189,557,774,192,530
16055552070,601,132,461,600,139,446,419,123,301,425,133,292,428,125,301,559,107,403,555,124,396
16055552006,2199,316,1842,2168,298,1778,1386,227,1155,1385,248,1136,1394,220,1150,1657,227,1313,1635,220,1322
16079797012,52,4,48,51,7,39,50,9,43,51,9,43,51,5,39,59,2,48,61,10,37
16055552021,1018,299,683,1008,288,676,701,215,485,717,238,480,724,232,475,798,202,531,809,211,567
16055553066,1036,259,760,1046,239,777,699,148,546,710,182,525,722,172,532,784,178,526,788,172,580
16055553023,1340,338,959,1323,317,927,811,230,582,809,244,559,814,241,555,973,186,685,973,201,701
16055553063,1364,249,1090,1276,238,996,860,158,699,868,165,706,877,165,702,979,145,773,1002,145,815
16027271127,1885,345,1502,1878,356,1460,1358,255,1114,1376,341,1027,1379,303,1054,1518,243,1142,1490,248,1129
16055552067,545,143,395,540,129,398,354,87,270,365,106,264,365,93,275,387,105,265,383,101,270
16027271020,571,99,462,566,104,443,369,55,309,374,79,295,374,77,294,387,61,290,371,43,297
16027271008,1011,350,629,1007,357,596,786,269,522,793,313,485,803,327,471,938,261,569,935,243,597
16027271133,749,146,588,740,146,575,568,103,462,583,134,450,588,116,453,642,106,485,642,96,494
16027279003,1638,265,1330,1629,274,1287,1213,235,978,1219,282,940,1231,254,963,1358,206,1011,1357,223,1014
16027271139,1407,260,1115,1400,271,1081,933,184,752,942,224,714,956,229,717,996,152,719,988,169,748
16027271261,1218,486,692,1210,519,620,857,388,463,884,462,409,891,491,392,1073,354,560,1062,366,618
16027271258,1458,320,1101,1448,345,1056,1070,230,836,1077,291,784,1093,295,774,1230,176,892,1190,211,876
16027271257,1440,580,805,1424,622,730,986,449,529,988,496,484,999,519,454,1075,351,576,1081,360,633
16027279002,828,127,690,819,132,657,534,66,464,541,95,448,541,85,452,588,64,469,587,61,470
16027271012,1970,604,1271,1954,662,1193,1201,399,787,1214,466,739,1225,486,705,1422,365,896,1416,347,957
16027271130,1963,470,1442,1942,465,1417,1249,309,935,1252,374,880,1266,364,886,1352,270,936,1350,277,963
16027271262,1583,554,974,1575,565,931,1150,416,742,1155,506,652,1186,506,654,1432,399,861,1425,401,944
16027271138,621,78,538,615,98,497,411,52,358,412,61,350,414,52,350,529,52,448,520,51,408
16027271009,1443,542,851,1419,557,781,1011,394,619,1023,470,557,1035,472,540,1248,387,715,1239,345,803
16027271374,2746,737,1933,2720,717,1914,1548,401,1154,1579,514,1065,1589,485,1079,1691,356,1131,1673,365,1209
16017171014,787,320,451,775,300,447,535,216,322,543,233,309,549,236,303,618,238,339,608,233,362
16049497009,308,34,260,301,22,260,198,28,169,203,31,172,205,31,165,204,36,156,203,38,146
16011113107,1092,83,980,1102,119,930,668,92,572,672,123,560,677,114,553,910,77,670,920,118,733
16011113120,1044,877,131,959,867,85,591,518,71,600,526,71,634,591,32,743,573,94,721,384,322
16011113118,535,57,462,545,71,444,375,58,302,380,77,282,377,58,287,459,41,343,448,49,343
16011113116,342,23,314,354,55,290,223,30,193,223,32,193,223,36,179,292,21,228,292,44,223
16011113121,1285,163,1084,1297,160,1069,698,96,595,703,148,552,708,108,569,1057,112,736,1047,108,836
16011113122,753,127,622,745,116,590,534,115,418,541,140,402,550,130,402,648,88,473,648,106,502
16011113105,880,207,642,879,246,588,640,252,387,644,266,380,649,255,367,765,198,429,768,214,488
16011113109,930,176,733,926,180,706,597,150,452,606,169,443,609,157,437,735,117,496,737,120,540
16011113115,1084,365,676,1034,340,659,554,146,395,552,152,380,560,119,395,807,204,515,756,146,561
16027271380,1888,531,1305,1867,546,1244,1301,348,963,1316,436,879,1336,444,874,1505,389,952,1491,379,1043
16041413208,412,43,366,397,36,345,253,28,226,254,29,222,254,21,220,373,6,249,373,13,332
16041413210,726,64,644,723,53,613,335,35,299,336,40,297,340,40,269,517,34,359,509,39,426
16041413209,465,55,404,470,50,408,252,27,229,265,33,224,265,27,224,384,33,284,382,33,319
16047472603,1371,225,1111,1363,228,1081,1040,156,875,1039,208,829,1045,205,822,1183,139,909,1176,125,969
16047472606,334,93,234,339,95,228,254,57,191,248,63,184,257,69,174,306,49,215,304,54,227
16047472601,549,151,380,556,167,362,340,103,237,348,119,224,355,121,215,413,95,279,419,95,291
16041413212,180,12,164,182,15,157,109,13,92,114,16,92,114,15,87,156,5,113,156,9,133
16047472602,697,190,481,699,215,455,446,130,312,454,155,296,456,164,278,534,121,359,541,122,378
16083832514,836,182,633,825,188,586,543,124,416,550,164,388,551,148,383,715,97,518,708,115,518
16011113110,832,67,740,839,68,730,538,70,461,543,96,446,541,93,429,712,53,541,710,92,560
16069696026,1593,1358,214,1568,1373,185,804,633,164,805,656,138,804,666,131,734,479,201,737,432,295
16069696028,421,91,319,425,100,315,300,73,224,302,76,224,311,81,222,348,70,256,357,76,264
16069696003,759,309,421,724,281,410,582,282,299,591,316,271,595,300,284,726,260,348,727,245,449
16069696004,718,241,441,710,207,457,471,222,254,475,228,244,475,228,232,596,214,313,596,195,370
16005052931,391,222,150,382,226,143,370,230,142,381,262,118,390,259,119,474,252,124,473,284,158
16005052910,822,278,492,844,338,457,587,254,332,596,293,301,596,275,308,749,207,419,752,253,448
16005052914,798,335,417,795,355,394,549,272,280,556,287,271,565,288,268,696,227,353,689,270,367
16069696029,255,63,187,245,59,180,164,42,123,164,49,117,167,49,109,226,58,150,230,58,157
16069696008,822,261,553,820,233,553,777,269,503,790,307,483,794,278,502,877,280,525,886,234,644
16069696025,647,131,501,646,114,516,452,91,366,452,93,362,459,79,372,511,82,377,513,93,409
16069696032,208,95,101,208,96,104,149,55,91,153,67,85,157,74,85,188,54,123,190,43,141
16083832503,720,113,584,723,143,540,506,101,406,506,147,361,513,117,383,578,120,404,585,132,414
16039392310,762,202,528,736,245,452,545,184,357,548,217,335,564,224,334,695,156,454,671,158,467
16039392309,963,361,574,915,346,525,671,204,461,683,236,444,684,237,423,850,203,547,830,158,628
16039392317,280,64,216,280,70,210,78,7,67,78,4,67,79,7,67,117,12,99,116,15,81
16039392307,118,26,87,113,30,76,177,42,139,182,50,137,187,50,125,230,50,152,237,56,157
16087879008,631,93,521,626,103,512,448,75,383,457,81,384,463,81,385,502,64,398,495,72,397
16053532503,427,44,372,441,52,375,383,50,320,383,61,313,388,52,313,433,52,330,435,62,329
16053532502,624,123,492,632,134,469,338,61,271,343,72,260,343,68,259,435,61,323,435,68,324
16053532504,1407,230,1145,1419,286,1071,1086,187,901,1096,258,836,1101,238,844,1257,192,948,1244,176,948
16041413214,294,14,277,295,17,260,194,11,173,194,14,172,200,11,175,264,11,218,266,16,231
16039392303,178,16,160,188,20,163,57,6,54,58,6,54,58,3,54,65,6,54,63,1,56
16057575009,408,211,174,412,199,207,545,289,256,546,338,211,556,320,229,589,328,168,596,291,287
16057575010,585,321,229,587,346,216,598,344,254,614,395,213,626,387,225,610,316,178,631,317,292
16057575032,117,23,94,116,21,93,115,42,80,130,53,76,130,44,77,130,44,69,134,58,71
16041413215,542,19,516,542,15,500,333,18,312,335,32,306,342,11,312,440,3,312,446,17,391
16085858002,2171,840,1289,2172,852,1268,1580,618,977,1599,723,900,1625,692,928,1546,489,908,1546,492,970
16085858003,661,149,509,662,155,484,408,72,304,414,106,293,414,109,290,429,68,323,429,68,330
16085858006,50,12,38,50,11,39,73,14,54,70,16,51,73,12,58,61,14,46,63,12,46
16085858004,1505,777,696,1498,758,694,1048,533,509,1075,592,475,1081,588,462,1202,547,540,1193,501,655
16051513507,1126,132,965,1118,123,919,616,108,497,613,135,469,620,118,474,834,87,619,821,105,643
16051513506,1225,96,1093,1220,115,1051,710,94,613,723,136,591,723,96,606,928,61,722,925,93,741
16007073207,154,12,139,148,15,128,91,8,86,95,12,86,91,8,86,131,8,107,127,8,112
16007073211,378,30,345,376,32,325,233,24,210,230,26,199,230,20,199,308,17,262,308,22,265
16007072916,110,11,97,106,9,89,78,10,69,78,10,69,78,11,68,93,11,68,91,10,75
16007073212,220,17,201,222,13,197,146,10,131,146,13,130,150,8,131,196,11,139,197,17,162
16007072905,185,14,168,182,9,161,110,14,100,110,12,100,110,12,100,150,2,124,147,3,132
16019193037,730,108,608,740,121,603,540,84,439,556,131,421,565,97,453,667,113,472,642,106,478
16051513502,478,84,369,466,86,365,243,46,193,246,65,177,246,53,180,378,46,246,375,47,291
16051513510,314,39,269,312,31,268,233,40,191,230,39,191,233,39,183,278,14,200,271,23,216
16085858001,1561,893,628,1557,891,627,1209,708,496,1227,790,435,1240,790,440,1278,642,510,1264,622,626
16085858005,446,96,347,444,100,329,290,56,221,292,68,219,297,80,212,285,23,223,292,37,223
16085858008,590,180,395,574,182,377,391,98,275,393,111,259,398,131,250,439,86,311,437,107,304
16069696002,649,190,439,655,185,427,456,158,296,457,182,276,463,169,286,537,149,330,551,152,369
16069696014,634,103,511,645,122,506,440,128,311,434,138,293,448,144,298,598,149,385,609,142,447
16057575014,447,278,143,452,288,146,480,323,158,480,350,132,487,347,132,569,331,105,580,365,202
16057575006,920,624,259,897,619,253,690,471,220,716,539,180,731,533,193,696,408,147,723,441,265
16057575011,435,236,164,447,247,176,549,366,184,555,394,162,566,390,167,612,353,128,626,380,236
16057575007,1207,708,437,1179,693,447,812,458,350,813,501,309,833,519,301,884,394,317,897,417,434
16057575027,1047,268,764,1107,316,755,655,211,444,653,237,412,659,238,405,739,195,495,757,200,540
16057575030,434,154,260,432,150,269,304,100,203,312,118,197,313,125,188,309,90,185,325,94,209
16045458006,1295,264,995,1292,277,961,907,187,717,907,206,694,914,188,713,1015,155,775,1008,174,747
16019193309,1391,525,807,1338,512,737,781,336,440,781,364,414,791,354,400,1042,292,559,1024,316,621
16019193310,1084,302,755,1053,275,720,751,226,519,790,301,488,805,263,519,1032,233,583,1017,244,711
16019193312,889,301,554,863,287,527,747,290,460,765,355,410,774,334,422,918,290,462,914,279,584
16019193311,1228,530,639,1194,538,586,749,371,370,776,435,341,798,437,328,946,341,436,917,343,480
16019193013,1269,458,768,1219,443,704,703,248,458,725,310,413,751,284,440,966,258,516,929,254,612
16019193021,1402,437,921,1382,404,929,870,257,607,891,335,557,904,298,578,1150,241,689,1119,217,814
16019193305,1086,379,641,1083,423,596,610,236,387,643,274,364,649,262,347,827,216,440,833,223,533
16019193022,1263,341,872,1232,317,827,672,159,513,682,189,491,699,183,493,926,141,579,927,157,697
16045458013,154,35,119,150,35,111,104,26,82,105,27,80,112,27,82,118,20,87,123,26,83
16045458008,1039,152,877,1019,149,835,681,93,588,693,119,579,717,127,578,775,78,615,774,88,602
16057575031,283,108,169,264,75,187,211,59,146,202,70,132,210,66,139,229,47,163,225,44,173
16045458011,734,90,636,729,102,607,573,101,471,578,113,468,594,106,478,628,81,469,629,123,468
16045458012,696,129,559,696,130,543,501,91,404,501,119,384,513,102,404,538,89,427,536,91,385
16045458009,843,78,754,844,92,708,599,90,500,611,94,506,615,92,506,704,79,532,666,109,489
16069696001,736,368,340,702,314,349,341,194,149,341,210,127,350,199,139,460,177,233,464,172,268
16069696024,621,119,497,625,118,488,504,112,389,514,140,372,512,125,381,574,104,414,576,83,471
16005052862,535,64,462,557,92,436,401,79,334,416,104,315,417,82,315,567,36,387,574,107,417
16057575013,401,228,150,390,220,156,421,270,151,422,301,119,422,289,126,454,275,103,461,267,183
16043433510,672,98,560,684,116,542,481,74,410,484,102,380,487,89,383,571,58,388,578,78,443
16069696012,368,103,253,370,103,241,274,94,180,274,96,178,278,90,177,322,82,199,315,88,218
16005052918,808,283,495,805,299,473,644,264,381,657,303,353,663,295,346,705,206,357,704,215,442
16005052856,674,210,438,679,212,429,565,228,336,560,240,319,570,236,330,620,155,387,624,173,423
16045458001,745,188,534,726,206,481,418,128,287,427,160,277,439,157,281,523,110,365,521,116,365
16045458007,497,112,373,493,104,379,408,71,334,408,88,316,410,72,331,483,72,372,472,72,362
16087879011,432,62,361,429,69,354,296,36,258,296,54,245,302,64,244,343,38,260,346,38,269
16087879004,527,150,362,530,157,365,405,108,300,407,143,263,411,149,262,448,113,274,452,113,323
16087879001,606,107,490,610,117,475,424,64,359,428,105,330,430,95,338,500,64,403,500,79,385
16087879007,517,35,477,524,39,469,391,18,347,391,19,346,398,18,344,437,13,403,428,18,346
16057575025,128,17,98,126,16,106,75,7,67,72,12,59,75,13,56,85,5,71,85,10,71
16087879002,473,128,333,472,137,320,327,93,229,329,111,219,338,108,224,406,103,267,402,104,269
16087879009,521,156,351,518,157,339,354,121,230,356,141,214,362,141,213,441,110,287,425,110,269
16039392314,561,111,417,568,135,402,561,146,414,568,178,394,582,184,388,641,144,424,641,122,466
16039392318,289,64,222,292,70,210,67,14,57,75,18,59,74,14,57,103,7,81,97,8,67
16081813201,1460,583,847,1482,603,852,862,321,552,865,336,533,897,320,549,1051,327,588,1036,307,677
16019193045,2256,489,1699,2251,491,1651,968,222,746,985,259,728,1002,251,703,1197,156,784,1196,179,912
16019193039,1154,133,984,1155,161,934,664,86,581,700,128,565,707,114,575,900,67,636,884,107,691
16019193304,1010,362,610,971,322,608,753,244,505,764,281,480,773,255,491,840,178,491,834,168,576
16019193038,924,180,726,935,180,719,661,166,505,682,213,481,702,193,504,823,166,517,813,152,604
16019193314,734,297,387,711,287,373,584,224,351,593,278,311,595,238,335,723,209,358,705,237,417
16053532501,958,146,773,957,151,744,510,75,413,515,108,397,516,86,397,668,75,522,668,86,510
16053532505,831,238,577,811,248,533,584,138,432,589,185,399,597,164,414,717,140,472,721,128,536
16053532507,951,264,676,928,266,614,586,143,424,591,166,409,593,171,395,753,158,517,757,131,567
16019193454,498,49,444,489,45,428,306,22,281,315,30,281,324,34,281,445,24,360,438,33,360
16019193050,1204,248,931,1188,220,893,770,171,600,797,207,592,798,193,575,1043,149,687,1037,156,790
16019193049,1141,378,709,1106,360,676,633,204,431,639,237,399,642,217,401,919,186,517,912,190,633
16019193453,853,162,660,835,147,653,545,113,431,550,154,397,550,126,408,733,97,475,711,90,569
16019193323,1055,292,730,1052,288,717,676,174,499,698,226,473,709,193,504,832,172,488,794,145,584
16081813202,636,282,341,670,324,313,533,218,306,537,263,283,549,263,283,562,188,287,574,196,350
16055553065,985,269,693,977,252,697,653,165,486,656,185,470,663,173,484,706,159,499,699,123,547
16055554062,663,290,357,656,267,368,426,168,255,435,196,239,442,181,253,501,166,284,502,145,339
16055552061,1747,457,1258,1727,440,1235,997,253,735,1015,284,719,1018,268,723,1156,274,770,1157,252,849
16055554048,733,271,445,710,250,417,473,204,269,476,212,266,473,184,270,597,174,364,599,174,385
16055554039,2654,784,1799,2629,734,1808,1444,420,1024,1471,478,988,1490,464,990,1827,438,1203,1821,406,1345
16055554054,876,450,401,859,437,395,595,329,266,603,357,246,605,357,240,699,323,293,715,332,360
16055553010,1202,235,928,1176,218,889,776,188,588,779,197,581,786,190,570,441,62,347,433,61,345
16055554046,1399,451,910,1385,434,887,894,256,635,897,296,599,907,279,610,1095,293,710,1105,280,779
16039392315,1231,329,845,1200,346,782,972,292,677,983,337,650,983,327,626,1203,256,820,1180,242,851
16079797010,802,191,602,784,189,576,563,177,385,569,183,383,573,165,401,643,137,463,650,149,479
16055552018,2130,471,1591,2110,440,1554,1220,281,939,1229,332,904,1243,334,885,1436,246,1063,1441,257,1117
16055553034,1353,350,966,1336,319,959,858,224,636,864,249,612,871,229,620,1047,217,739,1032,217,782
16055553033,671,181,469,647,172,443,408,109,301,412,126,289,418,113,295,512,122,347,509,101,385
16019193040,1542,421,1063,1516,432,997,687,181,504,698,229,473,704,230,457,1063,206,624,1044,235,729
16055553011,1311,261,998,1292,257,959,714,186,529,715,183,535,716,195,512,927,180,663,926,173,702
16055552012,800,136,648,778,134,602,545,155,388,556,164,392,558,159,387,665,113,512,656,128,485
16055553008,2983,611,2323,2902,587,2187,1496,343,1147,1515,377,1141,1518,358,1142,1780,319,1332,1764,296,1387
16007073206,92,18,73,92,14,77,62,12,52,62,14,51,64,12,52,78,7,52,78,7,68
16007073203,459,53,401,464,68,376,262,54,210,262,55,208,263,49,205,387,47,290,392,44,306
16043433507,259,27,231,258,23,220,163,4,153,164,22,142,164,17,139,203,6,163,203,8,180
16043433515,702,54,629,710,59,631,462,48,414,467,74,392,467,47,408,571,21,453,580,62,464
16043433513,423,54,353,429,69,335,285,48,236,285,50,229,285,48,218,372,41,256,372,41,290
16087879006,341,79,257,341,72,260,280,61,216,281,77,204,284,77,203,296,53,209,292,50,218
16087879003,347,88,244,346,98,232,234,64,174,231,81,152,234,81,146,284,68,191,277,79,178
16087879005,434,114,308,442,130,297,292,87,202,295,98,196,299,104,189,331,67,230,326,87,206
16019193307,1184,537,576,1115,503,531,676,320,342,682,348,340,691,343,311,782,259,347,754,238,449
16019193324,902,230,645,889,203,667,843,257,582,860,309,548,862,257,596,828,206,473,822,173,599
16019193042,960,156,755,928,170,705,612,108,505,633,144,489,646,118,508,813,66,523,799,83,672
16019193255,718,164,531,705,188,484,370,83,275,774,127,634,789,110,643,417,75,288,402,79,290
16019193317,1106,365,703,1123,430,641,795,312,487,821,374,448,836,347,462,1037,305,532,1021,338,598
16019193318,1069,322,686,1108,407,639,790,257,536,804,322,479,822,299,501,1003,260,540,975,243,654
16019193319,1000,254,719,977,229,708,770,261,508,791,332,460,795,265,512,891,208,517,896,193,648
16019193051,924,187,719,908,177,707,613,125,491,623,150,471,627,150,460,812,114,531,811,120,622
16019193027,1050,277,737,1012,220,740,755,181,574,766,230,533,768,199,538,957,206,569,937,203,678
16019193001,1179,288,827,1163,311,797,738,231,501,749,280,473,755,256,474,932,169,550,938,191,652
16019193303,729,272,422,686,213,420,428,143,285,431,178,257,443,166,264,568,146,307,557,160,355
16019193320,1082,329,704,1061,328,666,605,201,404,622,261,361,635,239,365,925,186,553,906,233,610
16019193259,1330,210,1075,1302,178,1070,780,109,668,715,159,561,719,130,572,1067,125,739,1049,122,848
16019193326,1206,353,814,1169,331,794,841,227,612,871,313,559,885,281,594,963,223,578,934,188,698
16049497022,472,72,391,473,94,364,341,74,260,352,86,259,358,86,247,427,72,316,424,74,306
16049497008,224,38,179,215,30,183,162,34,130,161,36,124,169,27,140,187,34,143,194,23,161
16049497004,384,59,306,368,68,291,265,60,202,265,68,199,275,60,205,354,68,264,342,66,259
16049497020,180,101,75,169,83,81,88,35,57,88,35,57,88,25,59,103,27,64,103,27,74
16049497023,154,34,118,151,26,123,90,10,79,92,10,82,90,10,76,100,3,86,100,9,84
16049497019,1144,161,964,1133,173,914,805,153,657,821,169,654,826,163,637,958,134,760,935,138,696
16049497001,193,50,143,182,41,141,84,2,80,81,2,77,85,2,80,94,6,80,86,8,68
16053532509,653,188,453,649,196,427,421,133,284,422,154,269,421,141,268,542,129,354,540,116,394
16055552019,1297,344,914,1293,328,915,899,261,639,910,288,618,920,272,641,1010,267,657,1016,237,741
16055552001,1403,252,1110,1367,232,1065,1007,232,777,1007,236,767,1019,236,751,1257,225,935,1257,217,953
16055552007,2057,416,1593,1990,376,1520,1288,296,984,1302,340,959,1302,316,967,1566,324,1109,1548,273,1184
16055554055,703,339,342,688,316,350,504,267,235,509,281,224,521,279,229,589,259,253,587,252,300
16049497027,216,101,108,195,71,110,71,20,49,73,22,48,74,22,48,102,22,72,102,18,73
16049497015,227,30,192,224,26,185,470,36,433,161,36,119,162,40,114,212,25,168,206,35,141
16027271372,1303,424,839,1305,427,819,974,285,693,984,374,613,1004,354,633,1089,290,662,1097,306,721
16011113108,919,127,758,914,141,722,682,99,572,690,134,549,696,131,540,809,77,585,809,118,619
16011113103,701,137,545,712,160,527,546,159,387,559,182,378,563,172,366,602,131,346,609,135,393
16011113102,686,140,521,664,132,498,544,179,367,545,197,347,555,191,346,680,159,397,675,151,459
16011113111,566,137,414,565,137,413,332,76,254,332,89,240,329,77,240,454,65,311,451,68,352
16027271015,1089,466,582,1080,467,558,756,364,388,764,403,357,787,413,344,951,373,472,933,331,531
16039392316,898,234,633,885,251,604,684,173,508,687,221,468,702,206,479,863,184,588,853,198,585
16087879010,515,61,450,513,68,427,374,51,324,376,67,314,386,70,299,444,44,354,440,63,353
16005052926,477,284,157,474,309,143,453,309,146,477,346,121,480,342,120,438,251,98,458,287,147
16047472605,881,149,723,883,152,692,648,93,552,664,113,539,664,94,543,802,116,598,799,116,590
16047472607,1301,224,1064,1297,238,1001,987,179,796,983,228,757,1011,228,757,1094,168,822,1103,216,774
16047472604,917,224,666,902,240,623,633,181,449,634,210,418,634,206,418,849,206,553,849,205,602
16005052851,1054,283,728,1087,350,689,693,260,437,699,297,402,705,265,418,874,221,500,872,246,578
16005052868,87,4,81,84,6,75,63,6,48,62,6,48,63,6,48,73,5,61,69,6,52
16021211004,1467,207,1223,1451,206,1163,979,209,764,991,213,768,999,215,748,1254,185,956,1254,171,1010
16013132605,454,280,164,458,272,170,284,153,126,276,153,125,290,173,113,334,148,151,330,141,181
16063632605,297,35,256,297,47,239,219,19,195,220,35,192,220,19,192,260,15,205,259,26,207
16005052857,751,119,606,774,146,597,593,172,418,597,172,422,606,168,422,733,132,497,725,142,532
16005052855,996,315,653,987,341,605,664,227,437,671,260,409,683,259,408,815,188,460,814,198,579
16005052834,603,227,361,594,213,357,443,184,258,446,198,248,450,195,242,493,156,261,506,176,304
16075759006,1545,346,1167,1543,337,1141,885,206,676,894,234,653,896,232,650,1058,182,795,1052,170,802
16075759001,998,232,721,997,263,687,646,179,468,647,209,429,655,209,425,766,166,541,753,161,544
16001011801,1534,684,792,1511,708,755,1059,445,609,1091,548,543,1106,537,552,1182,394,609,1175,411,682
16001011515,835,346,454,819,340,447,624,216,407,634,270,362,642,248,387,720,229,405,684,198,448
16005052859,551,113,423,581,156,404,492,144,350,500,163,334,507,141,343,516,104,331,534,144,337
16005052840,400,116,267,389,118,247,330,130,199,336,158,181,337,140,189,397,115,216,401,137,250
16005052838,882,332,524,857,290,536,622,193,428,632,242,391,633,206,413,658,152,364,651,131,485
16001012212,1989,439,1483,1972,458,1431,1090,251,838,1107,316,787,1117,285,800,1160,231,805,1099,231,781
16017171017,1993,691,1247,1947,655,1220,1344,499,842,1363,537,824,1378,550,804,1444,394,931,1447,395,978
16017171001,1027,419,591,1019,392,598,688,271,413,699,301,390,712,307,394,824,271,474,818,263,520
16017171031,1034,257,748,1026,246,753,694,197,498,698,210,478,712,215,476,777,195,522,759,186,525
16017171003,1281,582,657,1270,571,650,870,438,426,879,468,408,890,471,405,999,406,490,994,374,577
16017171033,333,88,235,328,81,236,238,68,171,241,79,162,247,76,164,271,67,181,268,62,189
16001012112,2746,1143,1516,2730,1128,1476,1833,762,1074,1874,904,965,1891,871,975,2017,661,1113,1905,626,1173
16001011912,1020,906,95,1017,887,119,980,757,219,1009,881,129,1029,831,187,1032,794,139,993,781,213
16017177005,833,147,663,830,140,659,554,90,463,557,96,457,561,100,454,571,90,448,568,94,434
16017171032,376,69,294,368,68,283,244,59,184,245,59,187,247,61,179,347,51,277,339,53,267
16017177012,620,213,390,619,210,394,434,174,263,435,179,260,438,179,260,498,171,283,488,159,317
16017171004,477,92,380,472,85,369,295,79,231,295,79,231,331,79,229,376,61,283,379,68,279
16073732301,857,175,658,865,209,617,509,134,375,513,159,359,522,167,345,603,130,441,586,118,416
16001011804,273,104,159,269,101,160,187,67,116,188,87,102,191,77,110,123,25,86,114,30,68
16001011803,1162,444,677,1158,434,684,843,307,529,852,397,455,868,354,498,1030,315,571,984,297,632
16001012208,2970,750,2120,2958,777,2066,1549,428,1122,1571,522,1058,1616,534,1037,1855,400,1171,1704,375,1177
16001011608,1662,948,651,1649,982,597,1094,678,418,1132,759,366,1151,755,370,1096,452,490,1040,474,485
16001011602,1830,1087,690,1825,1083,690,1426,778,649,1450,936,508,1475,879,584,1470,736,545,1384,694,620
16001011503,1434,664,725,1432,648,732,1174,478,690,1192,606,588,1211,561,627,1248,477,628,1198,439,701
16001011507,1580,698,820,1563,699,814,1228,527,700,1244,642,606,1271,624,629,1352,439,688,1324,463,770
16001011812,1520,916,544,1519,925,546,1199,672,528,1225,814,406,1253,782,454,1246,664,430,1177,605,518
16001011808,1471,966,449,1479,983,444,1224,764,464,1270,892,377,1298,881,400,1259,708,388,1221,716,446
16067672704,819,134,667,809,144,620,573,114,463,573,134,441,568,112,441,732,109,550,721,98,552
16001012103,1691,642,1000,1675,630,992,1029,333,695,1056,459,594,1072,426,635,1085,318,640,1012,300,669
16013132614,1286,970,290,1292,954,307,1245,963,277,1252,1019,227,1255,1028,218,1232,934,218,1234,886,335
16013132611,898,599,268,902,622,252,800,512,291,813,560,256,826,594,217,838,514,239,848,480,342
16013132602,514,208,292,516,229,269,394,147,238,401,162,223,399,152,226,456,161,255,465,166,280
16001011401,1609,386,1191,1619,381,1208,1096,228,864,1116,316,804,1124,299,815,1175,202,854,1089,206,815
16001012105,1068,414,619,1078,407,639,817,266,555,842,353,483,855,347,494,916,287,503,862,264,555
16001011512,1143,563,547,1128,571,505,816,425,396,831,492,339,849,490,326,913,346,425,870,339,459
16001012203,1627,592,969,1601,614,894,1158,452,711,1172,514,656,1177,514,637,1327,314,805,1278,342,847
16075759009,1244,146,1068,1240,179,1020,848,140,689,854,184,668,857,171,667,990,112,788,972,122,756
16001012213,128,13,112,126,13,109,91,5,84,94,7,84,94,8,80,106,7,90,99,8,80
16001012006,2307,834,1413,2306,828,1405,1569,473,1097,1604,616,991,1639,589,1024,1755,443,1079,1699,443,1163
16017171009,603,233,355,610,237,360,421,182,241,419,202,211,422,199,216,408,163,213,407,152,247
16065653415,1889,334,1412,1858,268,1451,871,122,751,883,198,686,902,168,691,1569,119,812,1509,137,1282
16073732303,705,100,587,700,118,564,473,85,387,482,103,368,482,102,360,513,73,407,513,73,394
16023233504,474,61,407,471,68,376,358,53,295,361,72,278,362,73,267,436,39,320,438,57,319
16023233501,466,71,379,464,84,356,324,70,257,325,95,229,326,71,251,388,57,266,394,57,306
16037378006,244,69,168,242,64,172,128,18,101,129,18,105,128,18,101,143,18,105,133,18,100
16031312709,53,4,49,54,4,45,29,0,29,29,0,29,29,0,29,49,0,36,47,0,34
16031312717,399,34,359,399,38,349,263,17,243,264,27,235,264,12,235,383,20,315,378,22,320
16031312715,304,10,289,302,12,273,163,7,148,164,3,151,165,7,140,259,3,194,257,10,216
16031312703,662,141,486,663,146,474,425,92,329,431,114,309,432,106,301,574,100,359,562,92,425
16065653403,1190,119,1035,1193,95,1043,729,55,672,736,88,648,738,61,647,1020,52,682,1014,82,855
16065653401,340,15,318,350,22,312,246,13,230,247,31,217,249,32,209,337,9,249,339,27,284
16009095008,62,5,56,63,7,54,48,1,43,48,2,43,50,6,43,51,1,43,51,2,46
16031312710,767,80,672,765,90,644,501,52,440,501,68,430,515,59,434,644,41,520,642,52,518
16031312714,246,21,220,245,23,215,156,17,132,154,17,128,156,17,128,213,22,159,209,19,184
16027271131,1649,521,1066,1623,533,1010,1015,331,686,1030,377,651,1060,390,651,1257,294,800,1254,331,828
16027271011,561,220,325,553,225,288,370,167,198,379,181,186,384,201,171,492,195,241,494,171,289
16027271253,2304,614,1612,2271,610,1547,1389,367,1009,1401,458,935,1434,477,929,1491,289,1006,1458,292,1053
16011113112,739,65,655,766,103,637,476,60,419,502,75,414,502,60,418,670,50,506,661,62,539
16011113127,0,0,0,0,0,0,0,0,0,0,0,0,0,0,0,0,0,0,0,0,0
16011113114,1117,158,922,1142,176,912,660,121,535,661,142,520,668,136,520,932,81,641,932,122,721
16027271381,1800,516,1229,1800,531,1194,1352,344,1009,1359,434,928,1388,428,935,1654,360,1130,1657,392,1149
16027271378,1604,550,1000,1591,569,940,1184,398,784,1211,485,718,1222,503,688,1470,347,944,1451,347,993
16011113125,687,72,609,696,73,593,434,53,383,440,65,377,437,45,370,570,36,443,571,61,450
16051513503,2508,225,2200,2498,212,2188,1472,162,1320,1492,202,1282,1502,189,1266,2012,109,1458,1977,155,1658
16027271016,3177,922,2146,3144,978,2025,1835,532,1304,1853,645,1215,1891,676,1179,2122,439,1371,2099,463,1500
16027271255,1209,373,811,1195,359,794,946,269,676,952,317,633,970,317,638,1133,242,784,1116,239,791
16027271256,1114,354,732,1107,361,685,802,239,564,816,301,517,829,291,519,1003,245,636,1000,254,688
16027271373,1477,605,792,1456,645,718,1002,435,562,1031,520,516,1066,540,480,1179,373,652,1179,396,690
16027271013,1389,447,898,1384,452,890,1072,347,718,1077,423,655,1096,413,667,1306,385,797,1291,337,862
16027271249,1722,547,1116,1701,556,1044,903,312,594,920,333,586,920,359,540,1132,251,697,1115,262,757
16027271382,1655,469,1139,1641,473,1080,1005,250,758,1026,330,696,1045,338,688,1303,250,848,1278,257,942
16027271017,1338,443,852,1325,448,824,911,333,572,919,373,547,928,386,518,1068,335,593,1078,328,679
16027271140,1856,425,1381,1845,413,1366,1557,361,1195,1572,427,1138,1600,415,1151,1548,268,1099,1518,283,1119
16027271141,1606,386,1162,1591,411,1112,1386,334,1049,1422,385,1031,1438,426,991,1694,275,1176,1664,316,1174
16027271143,646,141,493,641,139,471,452,88,357,454,115,342,459,111,344,486,71,351,483,83,363
16017171011,1596,201,1366,1574,199,1311,941,165,769,952,168,777,961,166,769,1077,138,848,1054,149,824
16017171015,1112,523,547,1093,535,508,758,427,325,767,447,313,788,475,298,836,323,408,817,346,422
16017171026,884,497,357,883,494,369,678,419,263,697,461,231,714,465,235,817,428,306,810,437,339
16051513509,295,42,245,278,37,224,185,29,156,188,27,162,189,32,156,269,27,187,265,31,210
16051513515,621,123,493,605,110,476,384,38,333,385,54,323,392,38,334,494,47,392,489,60,391
16051513513,351,24,321,360,26,321,185,2,176,186,9,174,185,4,171,262,11,209,266,26,221
1601717127A,366,106,253,365,106,240,254,89,162,258,91,164,260,94,159,278,71,183,267,71,182
16017171013,827,233,571,817,233,542,550,187,366,562,194,367,568,199,352,614,174,382,598,178,391
16051513516,787,108,665,778,84,651,492,49,445,493,61,432,505,45,445,617,40,490,616,46,499
16049497014,524,55,455,526,49,456,533,87,444,534,100,432,543,93,438,592,87,441,570,86,477
16049497002,335,30,297,338,49,278,207,18,189,213,24,190,221,27,193,269,27,225,258,28,204
16049497024,278,25,249,277,26,249,230,20,206,234,23,202,235,14,208,290,14,272,289,23,240
16051513512,306,30,265,296,34,228,151,3,139,151,4,143,153,6,139,215,10,179,192,9,139
16051513514,698,105,571,700,130,534,379,57,316,384,69,313,385,71,287,558,65,423,554,77,408
16043433511,481,125,341,470,118,332,273,76,193,270,82,188,274,88,179,364,61,236,353,53,282
16051513501,517,87,402,515,78,407,377,60,317,376,77,293,380,80,285,571,66,349,567,73,433
16011113101,661,173,458,636,153,451,534,152,390,532,165,372,546,165,363,540,93,336,541,101,380
16049497013,551,105,428,540,109,408,427,86,344,454,114,325,459,106,330,489,86,374,502,81,378
16049497025,292,46,244,290,37,243,226,23,204,230,30,203,231,23,202,273,23,233,267,31,227
16049497018,181,25,156,178,22,154,141,32,108,144,34,109,147,29,112,203,31,165,203,31,163
16039392301,97,48,49,96,45,51,26,6,16,26,6,16,25,3,16,40,7,25,40,13,26
16039392306,352,69,271,356,70,261,150,55,99,165,63,95,167,55,99,182,40,130,182,44,127
16049497010,423,46,358,421,45,352,314,38,260,314,41,266,327,48,266,405,38,314,402,48,314
16051513511,898,78,798,906,117,739,532,72,452,537,93,444,544,87,442,724,84,533,726,78,592
16027271010,1281,548,675,1273,589,648,987,443,541,988,515,476,1010,533,450,1197,438,600,1200,423,703
16027271254,1760,529,1177,1734,551,1092,1047,332,711,1066,391,670,1081,403,646,1373,340,845,1360,354,911
16049497005,227,30,197,221,19,200,140,17,119,142,21,114,144,16,119,144,7,119,139,16,107
16049497006,176,21,147,173,19,148,126,11,107,129,27,103,127,26,105,160,17,132,149,3,132
16049497017,1038,232,794,1032,248,762,728,169,561,740,199,538,746,182,554,828,152,623,825,167,593
16081813207,989,475,502,984,464,493,858,431,428,866,456,403,878,467,387,809,381,344,776,336,419
16021211006,1239,257,961,1219,243,931,844,186,663,853,202,655,862,203,640,1005,191,737,1002,183,760
16021211005,1159,257,865,1144,272,816,745,193,553,753,205,550,768,211,539,910,163,648,917,174,689
16021211003,726,101,611,735,103,616,444,87,349,444,92,347,448,95,346,518,87,394,517,83,408
16069696030,151,44,107,154,44,108,132,28,91,130,28,89,132,21,101,157,27,125,174,21,133
16021211002,644,170,459,629,155,451,413,119,299,415,125,296,423,124,293,513,107,368,514,109,378
16021211001,320,87,227,305,74,223,198,56,148,199,58,146,202,58,143,253,52,180,253,53,184
16039392312,769,127,615,797,155,586,663,179,480,672,239,434,688,229,437,794,129,551,777,128,603
16053532506,868,282,571,870,266,567,696,184,507,707,238,465,711,206,480,960,249,575,986,222,680
16055553026,771,218,536,739,202,504,517,175,340,521,196,321,521,193,317,677,171,433,680,159,481
16079797008,376,64,307,367,69,270,206,60,141,206,63,140,207,63,137,281,57,202,287,67,207
16043433503,612,87,512,614,100,493,426,53,369,419,70,344,428,66,352,545,61,414,543,66,427
16069696027,304,55,247,311,55,241,181,40,137,181,36,139,186,36,145,249,33,193,257,43,201
16045458005,1033,145,867,1025,137,846,743,125,623,747,137,613,762,128,609,879,121,697,853,125,637
16053532510,635,201,410,624,212,387,444,137,301,443,178,272,443,169,267,579,132,373,568,132,384
16019193302,1138,437,656,1136,414,637,745,216,531,750,264,486,765,261,481,947,228,535,937,237,620
16007073208,154,16,137,151,17,130,107,13,91,108,18,88,108,15,89,143,12,110,142,5,126
16049497012,346,46,290,342,30,302,271,55,217,270,57,211,280,57,212,360,51,270,357,51,283
16081813204,961,637,294,893,550,300,706,437,268,732,478,247,732,478,232,729,376,220,766,437,310
16019193444,962,117,821,942,127,776,629,99,529,644,127,514,657,119,517,906,108,677,890,137,693
16005052909,845,393,424,841,413,382,522,294,231,528,297,231,528,288,219,601,201,273,609,241,326
16005052907,668,289,359,655,308,311,468,246,221,473,258,215,476,259,196,549,227,221,561,261,277
16001011811,1532,1011,476,1535,983,527,1268,700,563,1290,867,420,1302,787,501,1302,741,392,1255,655,571
16001011706,1777,1142,569,1760,1160,542,1341,844,496,1366,966,401,1397,981,379,1373,690,456,1328,730,529
16001011510,1347,659,629,1340,695,589,978,510,475,990,573,419,1016,566,425,1029,388,486,974,398,509
16001011509,2574,1243,1234,2565,1281,1189,1864,913,949,1897,1045,849,1932,1031,856,1929,724,942,1853,727,1013
16001011701,1576,849,661,1551,877,621,1101,578,518,1114,677,437,1130,668,440,1211,513,524,1130,460,617
16001011817,3897,2488,1306,3876,2352,1453,2628,1394,1234,2680,1797,885,2720,1624,1069,2123,1185,680,2072,1015,1006
16001011905,1883,1046,774,1862,1051,736,1351,750,599,1384,876,507,1415,863,523,1279,601,496,1255,647,542
16001012007,1630,541,1039,1631,535,1033,1244,385,863,1272,480,794,1285,463,801,1401,348,860,1381,374,913
1601717127B,581,158,414,576,150,398,369,114,257,377,122,251,382,125,245,442,112,294,428,112,291
16017171030,1502,801,668,1484,778,663,1060,572,487,1065,615,451,1094,634,444,1183,562,498,1161,543,583
16001012109,1737,832,847,1718,803,851,1249,553,699,1284,689,594,1308,672,615,1263,457,599,1235,441,726
16001011611,1521,843,642,1525,822,662,1281,577,702,1307,736,570,1323,669,627,1373,608,586,1313,566,696
16001012002,2860,1115,1639,2858,1082,1668,2057,708,1354,2105,888,1214,2126,835,1264,2011,643,1078,1920,564,1278
16001011807,1897,1179,652,1878,1194,623,1407,846,562,1448,1015,431,1472,1013,433,1482,766,487,1471,786,597
16013132607,684,470,189,680,466,196,578,419,161,590,452,139,597,449,135,597,360,179,612,364,236
16013132612,1152,678,428,1148,692,410,1025,582,435,1043,640,393,1054,645,381,1080,537,420,1110,508,561
16043433508,436,36,381,434,28,389,333,34,298,326,51,280,341,44,285,403,39,306,408,39,325
16001011703,1582,899,627,1555,902,576,1129,632,497,1154,729,427,1174,721,434,1115,496,477,1070,486,521
16001011513,1214,548,610,1190,572,573,891,447,444,907,518,389,923,501,405,1034,387,507,975,395,522
16001011607,1806,933,809,1811,970,762,1443,699,751,1471,833,636,1489,807,661,1571,636,728,1490,620,783
16009095010,375,93,269,378,104,255,325,98,225,329,100,225,332,111,217,329,76,224,332,73,233
16059598002,364,107,257,348,80,253,238,68,164,238,71,162,239,68,162,255,54,189,245,47,185
16055553009,2133,421,1674,2092,396,1632,1114,258,848,1119,280,831,1141,273,836,1735,329,1274,1689,294,1331
16055554051,1387,542,809,1357,495,787,845,380,468,847,396,453,855,384,453,839,280,487,826,264,505
16055553035,756,194,546,747,183,529,443,127,316,450,151,294,449,139,295,578,141,391,576,116,422
16057575015,492,265,207,475,254,202,441,286,154,450,330,121,459,334,121,550,324,116,552,339,194
16031312704,801,134,634,791,138,603,523,103,422,520,119,401,526,100,412,667,103,452,673,94,516
16023233502,292,48,241,289,60,218,222,61,159,223,65,157,227,61,158,238,40,173,239,50,177
16033333502,88,17,68,89,18,66,77,12,63,77,13,61,79,13,61,69,13,50,70,12,58
16083832305,252,23,221,252,26,221,210,33,177,217,45,171,220,28,181,282,42,215,268,42,206
16083832526,462,97,341,446,85,332,464,117,350,469,157,309,471,144,320,519,78,383,526,80,388
16083832409,917,237,656,920,250,601,778,271,514,783,326,463,790,292,470,888,233,543,877,211,599
16001011506,1518,739,723,1523,743,720,1226,532,693,1235,649,589,1250,620,607,1273,487,596,1273,498,700
16083832419,827,189,612,843,227,585,588,167,422,609,223,386,622,210,397,769,166,474,770,168,551
16083832406,770,185,561,772,166,570,653,143,509,656,204,455,664,166,483,692,156,465,686,128,502
16017171021,524,173,335,522,158,343,378,123,254,385,130,253,385,132,246,468,105,307,470,109,332
16055553030,1573,396,1132,1520,368,1066,847,238,604,859,260,598,866,246,591,1063,224,748,1055,217,775
16031312720,647,78,555,646,78,526,376,45,337,390,62,321,391,45,328,510,37,376,510,37,428
16027271018,1167,380,754,1149,400,699,626,232,395,632,258,373,637,268,354,777,211,442,754,199,506
16027271250,965,294,633,950,300,608,636,190,444,650,215,427,658,232,402,762,193,474,754,178,508
16027271129,2250,492,1715,2246,481,1691,1482,310,1172,1499,398,1102,1512,381,1112,1667,298,1181,1655,302,1245
16027271128,1111,231,839,1100,234,809,762,162,606,774,205,574,784,208,560,884,167,627,891,177,643
16027271252,1796,548,1175,1778,557,1147,1077,339,741,1101,398,693,1126,419,693,1405,330,879,1397,354,935
16055553031,525,137,369,515,143,352,217,74,142,221,84,135,221,79,145,291,67,201,293,76,215
16055554052,718,263,427,708,234,408,538,236,300,538,246,295,540,242,286,667,187,409,678,202,435
16055554042,1386,499,859,1374,473,853,952,361,591,949,396,557,962,362,578,1023,336,600,1021,307,674
16027271369,1162,477,633,1151,495,585,870,405,469,884,449,431,897,457,412,1089,364,597,1081,380,610
16055554040,2033,660,1300,1989,608,1299,1063,330,732,1075,366,705,1084,364,702,1302,365,806,1279,323,890
16041413205,445,53,383,435,44,368,258,38,226,261,49,211,264,38,213,418,37,291,413,44,345
16065653405,948,119,762,944,129,733,506,79,426,516,118,396,526,91,410,933,77,529,928,79,783
16031312724,226,8,214,223,12,199,147,1,140,147,8,133,147,1,138,193,0,157,193,5,168
16069696010,504,107,386,495,96,373,348,127,221,348,152,198,351,136,207,437,119,278,444,122,303
16083832513,1120,166,933,1141,180,910,715,116,603,722,159,567,739,153,562,962,109,720,962,143,751
16041413213,206,38,165,205,38,154,98,11,83,98,15,80,95,8,79,122,8,93,122,17,97
16041413206,116,5,106,112,2,104,83,5,76,83,4,77,83,1,78,130,1,100,127,7,114
16045458002,671,180,462,658,194,433,433,148,282,435,163,267,443,155,282,516,101,350,519,117,369
16057575001,262,165,79,287,209,70,158,79,79,161,96,65,172,109,59,309,133,125,306,113,185
16021211007,758,141,591,775,159,600,548,143,406,556,164,391,559,162,394,712,141,514,693,133,529
16005052837,647,200,423,636,188,423,586,171,417,598,209,391,605,197,397,659,142,354,663,173,445
16005052917,667,304,335,652,288,314,464,241,228,472,264,207,479,264,200,518,176,241,529,208,280
16005052924,345,190,144,342,196,120,268,170,100,273,178,90,273,171,90,313,138,116,314,147,143
16005052915,629,263,348,636,271,325,407,193,214,415,209,204,414,193,209,453,111,251,467,162,246
16057575016,1250,957,247,1203,905,251,747,546,197,766,595,175,796,631,166,895,495,205,874,492,342
16069696031,431,111,308,432,144,276,257,83,176,265,106,166,271,94,169,330,66,234,330,80,235
16069696005,595,166,386,586,170,376,410,168,242,414,196,222,415,178,226,494,131,301,503,142,336
16069696007,542,170,340,550,174,343,419,151,266,419,177,242,427,170,248,556,176,317,564,170,386
16005052911,1005,378,586,1011,427,541,593,284,312,596,305,295,602,310,286,747,220,411,747,250,447
16005052850,701,189,494,701,191,487,486,131,355,494,174,321,500,148,344,610,138,336,612,162,421
16039392308,663,218,407,621,215,362,377,104,265,381,107,264,384,107,256,546,93,382,536,100,391
16057575023,566,199,363,589,225,351,293,118,181,291,118,174,291,108,184,373,105,240,373,97,248
16057575017,522,239,242,535,268,242,483,212,273,496,245,250,507,244,259,646,313,241,644,279,345
16041413207,305,17,273,310,21,273,180,7,161,181,14,159,184,6,159,261,12,177,256,3,221
16043433512,604,122,464,601,121,432,475,99,369,475,121,350,477,107,338,569,81,349,569,82,433
16019193443,1009,134,841,1004,137,811,603,91,500,608,127,475,611,102,496,837,73,576,817,100,653
16055552020,1889,515,1333,1868,466,1326,1000,272,732,1028,320,705,1039,318,706,1237,276,855,1226,260,920
16055554056,698,357,314,692,359,304,534,287,247,550,322,231,556,306,238,571,268,231,585,270,295
16055554050,769,286,460,746,285,432,468,194,276,479,215,264,479,201,272,602,194,354,592,170,413
16055554047,1685,551,1099,1667,500,1114,1131,351,779,1133,393,748,1156,371,769,1342,364,879,1319,336,944
16055554049,948,326,588,927,324,554,617,260,355,614,284,330,622,265,339,770,224,478,749,217,496
16019193256,70,23,47,68,21,45,35,11,25,356,101,254,359,99,254,42,8,24,39,12,27
16019193025,838,295,509,821,279,515,658,210,448,686,266,422,696,234,445,845,234,442,818,196,574
16019193041,1004,124,860,974,110,826,571,82,488,577,100,472,574,90,463,760,83,569,748,102,593
16049497003,370,30,333,371,34,330,297,47,243,299,48,243,302,48,238,356,60,278,351,55,278
16081813205,669,322,306,646,285,328,532,293,241,536,308,224,547,311,213,587,271,248,595,273,305
16081813203,320,174,136,332,185,138,358,235,120,365,271,106,371,269,109,333,180,125,325,158,164
16055554043,1353,449,870,1330,421,865,851,256,598,865,310,556,874,283,578,972,260,656,980,233,721
16055554057,853,344,473,849,340,457,625,318,311,647,353,293,648,336,301,720,274,372,720,274,417
16027271370,1218,367,807,1214,389,758,859,280,577,879,327,550,884,333,533,1038,247,640,1027,261,700
16041413216,394,38,348,393,25,353,249,17,229,251,28,222,251,26,221,339,15,249,342,17,306
16011113104,919,189,696,867,198,605,526,149,378,532,172,355,561,185,355,705,187,425,711,187,464
16011113117,817,135,666,827,151,654,509,102,410,512,127,389,516,95,412,639,98,432,627,107,473
16011113106,706,207,471,694,224,440,619,168,453,622,187,436,626,183,438,706,113,436,692,122,523
16075759007,316,44,267,315,53,258,227,28,200,227,35,195,233,27,204,248,21,207,253,23,214
16075759004,579,113,443,571,124,411,351,77,273,355,92,256,363,88,270,435,67,322,425,69,324
16029293207,630,101,513,627,108,488,379,64,317,391,85,308,395,75,309,541,60,417,538,68,411
16005052921,709,307,359,715,336,340,416,207,212,423,227,198,432,220,199,547,168,256,565,199,331
16005052922,564,237,293,571,268,273,441,221,216,444,251,192,448,246,198,612,216,259,613,259,307
16001012116,1641,735,853,1604,720,806,981,401,580,1001,481,519,1017,501,494,1206,383,655,1123,362,708
16001011605,1533,1048,429,1525,1044,426,1213,823,391,1236,955,286,1250,907,326,1213,667,349,1166,688,417
16001011712,1269,665,562,1268,688,527,962,493,464,976,583,387,999,577,390,1022,452,410,1017,464,490
16001011501,2150,951,1140,2166,880,1206,1654,609,1047,1703,806,898,1716,729,961,1828,638,889,1790,619,1092
16017171002,945,276,646,936,266,635,607,191,415,609,211,400,618,222,389,749,185,506,732,166,532
16031312708,121,21,99,123,19,99,84,14,70,83,13,70,83,13,70,103,14,77,103,12,87
16083832508,766,113,628,768,138,599,599,114,474,611,152,458,612,145,448,748,102,546,741,109,554
16011113124,620,72,534,610,82,507,441,63,367,444,74,358,444,70,353,530,49,383,523,62,402
16085858007,79,29,45,79,35,44,57,30,31,64,32,32,64,39,27,68,16,34,69,22,43
16027271260,1302,487,764,1267,502,701,911,347,565,922,419,504,932,427,482,1063,307,611,1063,305,679
16027271371,1221,377,820,1216,376,800,815,231,586,828,301,525,837,294,538,1005,258,644,986,241,687
16027271376,1760,728,958,1738,757,886,1046,474,565,1058,565,488,1082,586,472,1281,426,653,1281,444,774
160676727B1,385,24,350,393,46,327,231,23,200,236,34,195,237,33,190,318,41,231,314,34,247
16049497016,55,30,23,58,34,24,24,9,15,24,9,15,23,8,15,15,1,9,19,7,8
16051513517,1499,186,1265,1482,162,1249,1011,137,877,1021,166,858,1031,157,843,1230,93,858,1240,120,1019
16051513504,1076,158,895,1068,154,838,627,99,529,640,115,528,642,108,510,870,81,587,872,103,662
16051513508,723,69,631,731,78,632,524,56,469,528,69,456,529,68,451,642,39,509,641,49,528
16007073215,153,14,135,151,14,127,72,1,71,72,4,70,92,4,70,142,2,101,142,4,120
16007073210,80,3,77,80,2,76,62,0,58,62,4,55,62,0,58,74,0,51,73,1,58
16081813206,1312,845,432,1303,840,413,804,483,312,816,528,278,832,528,268,907,437,351,912,446,438
16069696011,497,143,346,483,122,343,459,189,268,461,206,252,465,191,265,573,195,308,582,182,380
16069696009,962,305,632,942,299,602,695,217,477,707,264,446,713,256,454,806,207,527,810,194,591
16069696015,823,198,618,810,159,600,368,115,253,373,135,241,378,120,251,497,120,341,496,113,372
16055553029,803,209,558,793,212,521,556,160,394,559,172,387,564,172,387,716,177,470,716,178,486
16069696023,241,75,163,247,70,169,111,15,92,111,20,88,111,11,91,120,18,90,122,18,99
16069696006,821,301,495,811,281,492,631,263,360,634,291,347,635,263,357,714,244,407,716,250,441
16053532508,458,177,265,457,167,263,284,105,181,282,119,162,286,110,167,393,104,243,395,99,281
16007073213,287,18,261,282,20,244,202,15,185,202,17,180,206,14,179,289,15,234,284,22,243
16019193258,1083,136,926,1078,123,923,738,135,600,490,144,342,494,116,366,895,106,662,891,91,728
16005052901,441,166,266,451,191,245,420,192,226,420,206,213,426,202,214,429,139,228,422,142,248
16005052903,466,135,310,476,157,306,527,237,285,529,257,272,530,247,280,569,199,286,564,197,350
16005052927,631,408,189,579,345,214,417,259,157,429,303,125,431,293,129,511,258,181,491,217,261
16001011918,2125,1534,547,2118,1478,599,1751,1066,680,1804,1332,468,1824,1203,609,1840,1208,459,1762,1087,636
16001011415,1626,428,1164,1635,370,1224,1234,265,972,1260,343,918,1272,290,971,1302,276,871,1237,245,943
16005052920,553,227,297,558,259,269,489,249,235,490,287,201,494,283,205,478,169,216,485,169,273
16005052913,559,200,340,560,232,296,413,191,223,416,202,210,416,198,202,513,153,284,503,167,286
16001012201,2106,686,1333,2084,684,1311,1267,423,837,1292,515,776,1317,509,790,1437,371,851,1380,366,914
16001011710,739,510,200,721,486,194,688,460,224,728,548,178,788,579,179,920,487,277,779,424,322
16001011816,1030,639,370,1025,592,411,816,389,427,831,512,317,844,453,376,870,437,327,841,360,456
16017171029,1173,179,969,1148,165,925,709,136,574,725,137,582,724,137,571,827,118,653,823,124,648
16013132615,1146,749,371,1140,684,436,770,417,353,790,498,291,789,493,293,748,417,247,753,377,367
16001011511,1095,542,501,1091,553,491,798,394,404,813,455,360,834,445,369,906,340,452,865,340,463
16001011806,1402,917,446,1391,838,515,1175,642,535,1196,807,390,1207,682,508,1225,736,382,1197,652,518
16001011906,1779,1119,608,1781,1125,595,1403,808,596,1419,960,461,1447,938,491,1413,774,461,1349,755,547
16001012209,1267,352,867,1249,384,802,830,268,559,837,325,512,849,329,499,1039,216,665,999,222,686
16001011705,1332,850,420,1332,872,409,994,636,358,1024,724,305,1049,717,300,1072,526,350,1053,561,439
16001011504,2585,1177,1308,2570,1167,1317,1848,755,1094,1897,913,977,1944,879,1026,2041,727,1003,1981,687,1191
16057575012,614,273,309,653,315,303,584,282,306,599,328,268,596,318,267,681,268,268,694,285,381
16035357005,521,143,371,505,129,361,371,120,255,371,130,237,378,126,246,465,113,321,465,123,327
16001011813,1473,984,450,1457,927,485,1100,640,458,1127,804,324,1144,747,387,1199,702,354,1169,635,501
16083832511,1088,195,869,1055,199,809,617,112,505,631,171,455,633,157,455,740,89,526,740,128,560
16083832416,654,181,431,660,227,389,405,148,257,407,189,219,413,173,226,534,134,344,532,145,345
16055554045,1366,459,871,1338,433,844,887,358,528,895,388,504,901,360,524,1058,331,628,1043,293,709
16055552013,640,141,489,638,126,487,369,76,294,369,92,284,378,82,293,460,81,331,460,73,369
16041413201,533,72,451,541,67,449,286,37,253,286,54,234,289,43,236,438,37,308,438,44,368
16049497011,415,46,362,423,53,355,269,54,212,269,71,207,277,55,211,365,55,269,358,72,277
16041413203,466,38,410,451,31,390,260,26,236,256,29,228,256,19,220,361,18,264,358,17,314
16011113113,1155,225,900,1131,210,862,575,112,463,580,160,422,580,138,428,896,138,590,904,159,665
16041413202,532,65,451,523,61,435,288,38,250,296,53,242,299,30,244,461,37,329,463,38,387
16083832423,715,181,520,726,182,520,570,128,443,574,177,397,581,147,427,699,159,450,673,116,505
16005052854,1000,222,742,987,226,713,609,156,449,609,177,431,612,162,434,737,113,480,745,130,573
16069696018,631,143,469,626,129,474,409,113,293,412,125,283,420,124,289,557,122,387,556,110,427
16005052905,581,249,319,573,269,274,458,238,220,460,250,211,462,253,193,602,235,300,625,284,295
16019193046,1666,443,1181,1574,400,1092,780,196,584,804,253,551,805,229,547,1099,186,694,1064,197,789
16055554038,1301,467,793,1291,444,806,975,351,620,994,413,582,995,380,601,1190,360,708,1169,348,774
16055552005,1871,411,1420,1845,358,1409,1293,346,942,1306,372,935,1310,349,928,1489,309,1058,1486,288,1115
16055554060,527,253,258,516,243,253,412,233,179,420,248,168,424,244,175,488,231,201,483,236,231
16055554037,1740,397,1300,1716,358,1290,1038,261,784,1044,282,763,1059,280,768,1260,260,895,1247,228,963
16019193315,1013,354,639,1025,372,608,772,267,508,795,340,448,799,302,482,988,284,532,966,284,610
16019193028,1079,166,871,1098,180,879,620,123,497,630,164,472,646,156,476,861,119,565,846,131,630
16055552015,1704,426,1238,1682,394,1217,1064,256,805,1081,306,767,1087,276,790,1248,300,854,1255,275,925
16049497007,249,34,208,237,19,216,180,24,149,181,36,144,184,22,156,249,22,191,238,14,214
16041413217,292,31,257,292,19,262,182,31,152,182,36,147,184,28,155,236,25,163,239,23,204
16011113119,455,85,360,455,87,344,308,73,229,308,82,225,308,66,232,352,50,237,360,65,257
16001011908,1117,851,239,1113,820,264,908,616,291,930,735,195,944,714,224,880,626,166,832,571,231
16001011502,1820,809,954,1829,750,1023,1479,545,935,1509,692,815,1526,648,848,1561,559,789,1540,546,918
16005052835,631,276,342,621,264,336,443,190,252,449,206,242,445,193,244,473,142,260,474,129,326
16017171016,278,47,224,278,49,222,166,25,138,168,25,139,169,25,135,155,25,119,155,25,118
16017171007,504,108,390,495,106,377,348,85,265,362,94,268,362,90,263,423,64,322,415,69,322
16001011814,1656,957,647,1658,949,658,1283,660,620,1300,810,491,1343,793,531,1390,663,568,1347,606,685
16001012010,1937,771,1110,1911,761,1091,1259,444,811,1279,557,719,1288,536,737,1416,418,784,1374,412,861
16001011614,1350,726,564,1341,718,555,1038,543,496,1056,623,438,1076,588,460,1161,513,470,1102,515,541
16001012107,2141,714,1359,2131,705,1365,1312,397,912,1336,517,816,1353,478,844,1383,389,808,1317,349,888
16001011907,1886,1161,680,1878,1104,734,1518,793,724,1542,978,563,1557,897,649,1526,821,566,1467,771,649
16031312707,362,43,318,359,44,302,263,28,228,263,37,218,263,35,213,310,24,251,318,23,252
16027271014,1391,498,847,1368,499,812,1083,422,670,1098,476,612,1104,476,611,1310,394,772,1299,369,825
16049497026,240,42,194,232,34,181,149,16,130,152,21,130,152,19,124,171,8,139,167,6,120
16051513505,751,75,652,733,70,612,427,66,365,431,83,353,449,73,367,593,48,470,585,56,469
16057575005,636,342,253,645,359,265,597,326,271,603,383,219,610,366,247,623,306,213,634,276,330
16007073201,459,49,402,458,55,388,314,48,269,314,56,257,317,52,260,447,45,325,445,52,350
16007073209,188,45,142,190,45,138,125,28,94,123,37,86,129,34,86,136,20,86,137,25,94
16005052836,715,223,467,699,223,447,577,213,362,579,242,335,582,237,333,653,202,321,659,206,407
16001012108,1147,451,652,1154,450,652,1019,347,677,1057,478,576,1072,426,628,1156,327,657,1100,323,703
16005052919,539,230,267,543,254,256,361,183,180,369,196,176,372,187,172,424,139,201,438,167,243
16001011903,688,287,383,690,293,372,499,206,292,511,240,269,515,238,268,585,208,312,565,206,328
16001011708,1694,1171,454,1680,1162,470,1432,875,554,1460,1044,414,1488,1020,438,1460,774,468,1352,751,552
16001012204,1921,704,1134,1905,723,1101,1156,415,738,1174,499,676,1195,509,666,1440,377,844,1325,382,814
16001011613,1478,868,550,1489,873,569,1214,644,569,1234,787,445,1255,726,498,1218,565,480,1175,579,540
16001011603,2369,1564,747,2354,1537,743,1785,1072,713,1815,1254,565,1847,1218,602,1876,1004,611,1789,990,719
16057575022,296,40,238,294,59,230,172,32,138,172,37,132,174,35,134,213,23,176,216,34,163
16079797002,375,129,237,369,139,204,259,125,132,258,138,123,265,131,134,324,117,170,321,134,169
16083832505,778,223,523,754,241,463,497,165,330,497,192,299,498,183,299,632,183,380,633,181,416
16065653410,1155,297,797,1024,171,754,251,58,193,256,81,176,259,67,172,699,62,340,668,68,557
16065653408,2459,425,1866,2464,371,1891,932,177,764,957,266,687,960,230,697,2036,172,987,2000,226,1629
16057575020,71,23,44,67,21,46,31,2,29,31,3,27,31,3,27,34,2,32,35,4,31
16019193316,824,265,522,834,274,527,742,250,490,777,330,445,778,260,503,880,217,512,877,226,599
16045458004,836,196,612,850,248,546,493,147,345,498,167,331,500,150,336,562,112,399,562,117,401
16019193048,1081,274,763,1020,233,738,653,150,503,674,213,466,675,176,476,932,161,554,925,176,685
16055553036,805,147,641,780,140,610,459,83,373,463,102,363,463,88,372,525,95,385,526,89,428
16019193052,1314,223,1063,1262,187,1024,747,129,616,754,170,584,768,145,602,984,104,634,971,130,770
16055552017,936,278,628,926,254,623,705,196,508,718,223,491,723,211,504,840,210,556,833,195,603
16041413211,286,17,254,282,17,243,164,9,145,166,19,140,167,9,132,233,9,146,228,17,190
16001012110,1229,406,784,1221,389,794,676,198,478,685,254,427,693,241,437,633,165,395,605,140,440
16031312722,36,2,32,36,3,32,31,1,30,31,1,30,34,5,30,45,1,31,40,1,34
16065653413,434,96,309,403,67,306,106,20,87,109,33,76,110,25,77,450,42,212,429,45,355
16065653412,475,94,350,464,84,345,132,26,105,134,39,95,130,32,92,539,48,265,513,50,431
16065653414,545,134,373,513,109,360,142,39,104,142,45,97,145,42,95,707,74,356,672,68,563
16065653409,597,121,435,586,101,440,230,45,184,235,72,165,233,57,170,591,38,262,574,60,466
16039392313,495,111,365,496,135,340,505,148,350,505,189,316,514,175,330,598,146,388,592,122,436
16055553027,1511,379,1090,1474,343,1051,917,251,664,925,277,649,926,264,644,553,101,390,553,97,440
16007073202,396,50,336,399,42,335,245,40,203,247,47,201,247,44,193,357,29,257,358,29,302
16005052858,546,159,367,547,191,341,353,134,220,353,136,215,356,151,201,432,106,253,436,121,279
16001011917,1059,814,207,1051,790,222,876,645,229,897,750,151,908,694,199,891,604,163,866,596,252
16001011408,1584,692,864,1586,634,899,1204,429,776,1227,572,655,1243,520,713,1367,476,724,1309,428,819
16001011604,1467,934,480,1452,916,488,1195,723,474,1215,845,369,1231,811,403,1271,699,424,1200,685,478
16001012104,1793,698,1033,1778,708,1005,1360,478,880,1389,610,782,1402,576,797,1485,448,820,1388,415,898
16041413204,470,76,376,461,74,364,245,38,206,246,38,207,249,37,200,361,49,248,360,49,291
16069696013,1070,297,745,1068,303,708,412,132,278,424,157,266,425,153,270,528,134,349,536,130,397
16019193047,1136,238,837,1103,239,803,636,153,483,670,180,490,688,184,475,967,147,593,954,184,696
16019193057,790,173,597,799,183,588,503,120,384,37,7,22,37,7,22,663,113,455,659,120,495
16045458003,768,152,607,778,200,548,551,122,432,563,166,394,572,151,405,614,122,445,614,144,430
16055552002,1671,208,1439,1652,199,1401,1011,165,840,1023,173,842,1026,167,827,1228,131,1026,1222,135,1018
16027271375,1406,422,938,1389,411,894,1107,299,805,1110,391,723,1133,395,724,1239,288,799,1225,282,863
16049497021,400,38,355,411,71,319,276,65,205,283,71,209,288,72,202,329,43,259,322,49,252
16055552022,1471,420,1016,1450,385,1040,837,211,623,854,280,577,854,243,601,1013,258,686,1017,233,756
16031312712,664,95,552,668,91,538,419,63,354,422,76,342,422,67,343,485,40,372,485,51,395
16083832405,805,211,548,812,247,511,631,161,468,640,228,415,644,206,422,777,168,505,773,177,534
16083832410,692,181,499,684,182,466,515,144,367,522,187,334,523,165,337,584,157,357,584,155,372
16083832417,867,336,499,811,292,454,459,149,310,462,186,279,469,180,279,668,167,391,668,177,444
16057575008,1754,1361,326,1561,1135,354,787,569,217,825,665,160,842,687,144,1202,744,285,1130,659,439
16069696019,826,174,624,838,177,627,639,187,450,644,217,428,656,202,446,747,169,504,762,168,576
16055553064,719,149,546,704,144,541,434,88,348,440,100,339,444,87,352,526,79,409,517,74,424
16011113126,20,8,11,19,2,14,17,5,13,17,5,13,17,5,8,24,0,17,24,0,22
16057575003,625,251,330,630,278,328,368,338,29,632,368,263,637,372,256,718,289,278,740,299,418
16069696016,578,166,398,580,162,392,494,151,347,494,176,321,503,176,311,568,162,350,554,135,403
16069696017,779,162,610,773,140,606,600,149,449,603,199,404,617,170,437,796,188,518,803,187,598
16069696020,799,146,634,805,155,610,605,151,456,607,174,432,606,169,428,742,167,507,744,166,562
16005052852,672,163,470,669,169,442,458,135,322,464,168,298,465,155,305,502,123,299,511,163,317
16005052853,1225,442,716,1216,465,679,720,311,410,735,365,369,758,378,351,877,217,464,874,253,551
16083832418,1018,307,644,1014,347,592,603,184,418,603,217,383,623,231,382,739,169,457,741,182,505
16055553024,824,232,565,816,236,544,554,189,365,553,189,363,559,186,359,751,184,503,745,172,534
16069696022,886,234,638,881,259,610,569,160,413,573,195,380,586,191,387,743,170,487,753,170,561
16045458010,647,82,556,652,83,548,531,99,433,541,120,421,547,108,434,571,74,434,556,67,433
16005052912,728,252,444,730,268,421,556,246,313,555,247,309,566,245,306,626,154,382,632,182,409
16001012113,1606,619,935,1599,625,904,1108,385,722,1127,481,645,1157,469,666,1293,407,737,1247,385,781
16019193308,947,276,628,948,264,637,666,199,466,686,259,424,695,214,456,812,206,456,797,186,560
16001011909,1576,1207,339,1570,1163,370,1294,861,434,1327,1043,284,1344,940,392,1393,952,291,1344,913,411
16083832524,605,138,439,576,116,432,469,98,372,482,149,338,495,137,351,526,99,368,537,99,404
16079797007,107,36,70,105,37,62,60,34,26,62,36,26,66,40,26,77,29,42,80,31,46
16011113123,446,49,386,452,62,369,347,64,281,348,70,275,350,81,264,378,51,288,388,59,290
16065653411,377,103,246,345,78,235,120,34,86,120,40,80,121,37,78,446,55,202,418,49,341
16055552016,1744,466,1240,1723,419,1250,1157,308,851,1171,355,813,1177,317,851,1281,287,897,1284,239,1023
16057575004,457,205,227,471,230,230,565,282,285,567,325,239,565,294,255,605,265,230,640,262,357
16011113128,5,0,5,5,0,5,2,0,2,2,0,2,2,0,2,3,0,3,2,0,2
16069696021,1096,257,815,1101,266,806,726,191,535,726,234,497,746,216,531,884,191,619,884,179,683
16057575002,944,592,302,944,605,284,766,497,270,793,572,218,811,566,229,934,502,267,940,504,402
16019193306,889,240,623,883,229,614,615,176,442,645,236,406,657,221,419,818,197,463,801,188,564
16001011815,1775,953,749,1773,949,760,1365,652,712,1395,820,574,1415,793,596,1470,620,640,1400,592,736
16031312705,609,123,465,614,122,448,367,77,295,367,92,276,371,85,278,532,77,370,532,81,420
16057575018,1079,832,198,1027,787,198,517,393,123,525,427,99,540,437,99,765,456,169,757,485,243
16035357007,84,25,53,86,32,52,40,14,25,40,14,25,42,14,28,48,15,31,47,20,28
16083832408,982,259,707,952,253,656,580,174,407,583,220,365,595,204,386,702,163,456,702,167,490
