GEOID20,Tot_2016_sen,D_2016_sen,R_2016_sen,Tot_2016_pres,D_2016_pres,R_2016_pres,Tot_2018_ag,D_2018_ag,R_2018_ag,Tot_2018_gov,D_2018_gov,R_2018_gov
460030VTD-1,333,44,247,290,44,233,263,82,180,274,84,173
460030VTD-2,158,32,123,158,24,123,151,34,104,151,55,80
460030VTD-3,403,92,324,399,90,268,374,198,202,385,214,184
460030VTD-5,187,48,121,187,48,120,159,87,93,176,94,86
460030VTD-7,337,83,243,337,95,210,280,126,149,294,142,142
460070VTD-1,262,148,117,269,182,70,217,166,48,227,179,45
460070VTD-4,170,5,152,171,2,149,143,16,123,144,16,123
46007VTD-27,351,110,247,351,93,235,354,138,210,365,171,210
460090VTD-1,588,108,475,578,81,424,510,173,325,526,192,304
460090VTD-2,500,96,400,497,97,378,454,200,274,471,247,227
460090VTD-3,719,217,494,713,204,473,630,320,320,650,403,228
460090VTD-4,563,163,371,532,144,341,455,235,229,480,287,167
460090VTD-5,643,136,476,647,117,476,586,189,380,603,233,337
46015VTD-D2,523,109,412,519,101,385,442,156,287,472,223,242
46015VTD-D4,71,13,52,72,3,59,71,13,52,76,15,50
460170VTD-1,122,22,85,121,15,85,116,26,77,128,32,76
460170VTD-2,80,28,51,78,37,38,86,52,33,86,61,22
460170VTD-3,290,199,89,293,236,37,329,287,42,339,303,32
460190VTD-6,50,3,45,48,0,47,42,3,39,44,7,38
46019VTD-11,68,5,63,71,9,63,58,10,50,63,11,50
46019VTD-12,99,8,84,99,12,79,85,17,71,85,20,68
46019VTD-16,688,100,583,697,79,572,622,148,471,634,191,428
46019VTD-17,371,55,318,374,53,298,318,72,244,328,89,231
46019VTD-22,182,47,134,183,42,133,147,57,93,153,57,96
46019VTD-23,229,45,185,233,40,171,177,55,119,178,69,105
46019VTD-18,125,27,92,124,26,86,97,29,71,102,29,77
46019VTD-20,237,51,183,241,48,182,219,80,142,221,91,133
46019VTD-21,228,49,177,234,36,176,177,60,118,187,61,121
46019VTD-24,348,71,274,352,75,250,289,93,196,295,104,190
46019VTD-25,311,44,262,315,65,229,292,81,213,300,90,207
46019VTD-26,249,52,196,253,34,186,202,64,139,211,76,129
46019VTD-27,245,38,206,247,43,185,200,56,143,206,66,136
46019VTD-28,370,83,285,367,83,253,308,91,214,316,129,181
460210VTD-1,155,19,138,152,31,116,122,53,69,122,31,95
460210VTD-2,166,15,147,166,15,136,136,44,89,135,24,100
460210VTD-3,184,15,148,184,15,148,153,73,96,155,28,128
460210VTD-4,172,3,154,173,9,149,153,35,93,153,25,101
460210VTD-5,172,4,162,184,4,163,164,33,113,171,31,127
460230VTD-1,381,109,281,385,107,280,465,242,246,467,250,240
460230VTD-2,178,55,122,178,49,127,177,97,92,178,111,63
460230VTD-4,178,87,84,176,91,68,182,122,58,188,146,42
460230VTD-5,317,102,212,318,96,215,339,212,133,345,221,133
460230VTD-7,126,34,90,127,37,87,121,52,66,126,59,60
460230VTD-9,385,33,313,384,32,310,383,93,268,388,152,258
46023VTD-10,102,5,90,107,9,89,141,15,116,144,22,112
460230VTD-8,162,17,139,163,11,140,162,42,107,163,81,103
46023VTD-13,75,22,43,75,22,43,75,37,37,75,27,37
46027VTD-C1,359,224,138,360,257,81,325,268,58,334,284,47
46027VTD-C2,256,151,102,255,162,78,158,133,25,163,140,23
46027VTD-W1,446,85,302,446,92,294,338,173,204,347,189,204
46027VTD-W2,366,118,263,366,136,213,320,183,139,350,194,136
46027VTD-W3,925,375,590,918,428,473,858,477,395,899,549,379
46027VTDNE1,317,125,191,318,148,134,263,162,100,270,185,85
46027VTDNE2,159,85,74,161,99,46,133,81,50,134,85,42
46027VTDNW1,564,265,296,575,314,217,497,321,172,510,358,146
46027VTDNW2,365,154,210,363,188,154,326,197,127,334,222,109
46027VTDSE1,744,326,415,731,413,266,699,464,236,733,492,238
46027VTDSE2,578,258,318,573,345,190,523,363,161,537,376,161
46029VTD-A1,979,172,806,977,222,699,892,340,554,938,372,558
46029VTD-C3,584,210,372,584,220,318,464,233,228,495,265,222
46029VTD-A2,544,106,435,523,158,335,450,179,270,483,199,281
46029VTD-B2,860,268,588,858,301,479,732,363,367,766,410,337
46029VTD-C4,277,89,188,278,78,180,200,101,97,214,115,95
46029VTD-D2,482,139,344,473,147,294,384,182,196,400,194,199
46029VTD-D1,502,142,360,492,143,322,420,189,231,449,209,232
46029VTD-D3,371,116,255,361,112,229,305,132,170,326,169,152
46029VTD-E1,612,181,423,615,164,401,612,250,355,646,303,336
46031VTD-BH,62,38,21,64,58,4,68,66,4,68,58,7
46031VTD-CD,73,37,34,73,43,22,79,57,23,79,52,23
46031VTD-KN,56,47,9,61,55,6,55,47,6,56,47,8
46031VTD-LE,99,71,29,99,78,15,93,81,13,93,81,13
46031VTD-SM,185,95,84,188,110,68,190,151,39,190,142,40
46031VTD-WK,94,71,21,94,84,6,99,94,6,99,94,2
46031VTD-MT,110,21,89,111,9,96,90,28,58,96,51,58
46031VTD-GV,68,0,61,68,0,61,59,6,53,61,8,53
46031VTD-RL,65,12,49,64,12,49,64,22,40,64,16,40
46031VTD-LO,74,1,71,74,0,73,73,15,55,73,15,55
46033VTD-BG,187,51,135,193,51,132,165,64,100,170,65,101
46033VTD-BR,1245,317,916,1237,299,843,1155,378,768,1179,402,760
46033VTD-EM,151,28,120,158,22,124,124,18,95,125,28,91
46033VTD-FB,138,27,111,138,17,111,138,29,108,140,40,96
46033VTD-HE,906,184,727,917,164,706,841,220,609,855,250,588
46033VTD-PR,350,107,241,350,95,237,334,109,224,347,116,225
46033VTD-SD,674,153,517,678,153,489,600,199,400,613,225,367
46033VTD6-1,392,108,289,392,113,247,338,123,205,340,121,207
46033VTD7-1,221,54,163,210,51,135,196,69,128,202,74,117
460350VT-14,369,115,256,369,125,218,332,169,159,343,182,156
460350000C4,504,96,409,504,105,370,461,171,288,487,205,284
460350VTD10,399,122,282,399,131,247,353,165,188,379,196,174
46035VTD-09,424,118,304,424,138,247,363,163,202,379,184,189
46035VTD-C2,376,60,310,376,31,308,357,93,243,367,121,232
460350VTD11,418,113,303,415,137,251,369,171,196,393,204,180
460350VTD16,371,92,278,368,132,209,238,124,116,248,129,112
460350VTD15,560,167,402,560,180,361,512,272,241,539,277,245
46035VTD-08,450,106,344,447,136,282,357,161,197,368,180,185
46035VTD-C1,292,43,222,292,56,215,227,97,150,267,104,150
460350VTD19,444,113,331,443,130,275,396,187,213,416,205,201
46035VTD-20,745,205,540,735,229,460,616,269,353,646,304,335
46035VTD-C3,659,137,539,658,144,467,613,207,411,650,218,410
46037VTD-AT,107,10,94,106,17,70,91,51,51,92,51,51
46037VTD-BR,238,77,163,235,75,136,215,106,111,231,130,104
46037VTD-FP,186,85,117,186,89,103,193,117,98,202,125,87
46037VTD-LT,136,57,80,135,33,77,132,66,57,135,76,57
46037VTD-GK,188,81,108,188,75,105,174,99,87,189,111,84
46037VTD-RR,206,66,126,206,56,124,206,120,80,212,134,65
460390VTD-1,151,36,103,146,36,93,135,71,76,137,71,76
460390VTD-3,295,65,211,294,69,199,268,87,179,272,89,179
460390VTD-4,189,47,138,184,65,108,151,64,88,163,80,80
460390VTD-5,176,58,120,176,56,99,170,87,77,172,99,70
460390VTD-6,195,49,148,188,60,112,163,79,82,177,81,92
460390VTD-7,184,36,133,183,33,132,159,51,100,163,61,100
460390VTD-8,254,62,178,254,62,171,255,111,160,256,111,155
460390VTD-9,272,53,222,271,50,210,250,109,154,270,121,152
46039VTD-10,169,35,134,169,44,114,148,51,103,162,75,103
46039VTD-11,199,52,150,199,52,137,189,74,107,192,105,74
460410VTD-2,40,3,38,40,3,38,38,6,30,40,5,34
460410VTD-5,61,18,45,61,17,35,59,26,33,61,46,15
460410VTD-6,143,29,110,147,18,113,128,53,66,139,64,62
460410VTD-7,246,184,62,248,203,29,268,252,11,272,263,10
460410VTD-8,64,51,15,64,53,7,69,64,4,73,66,4
460410VTD-9,68,36,31,71,33,31,62,43,19,66,49,18
46041VTD-14,281,179,101,281,197,71,307,267,39,311,283,21
46041VTD-15,156,77,77,152,83,62,172,125,43,173,141,28
460430VTD-1,387,12,358,386,6,357,357,28,293,356,22,292
460430VTD-2,307,51,255,310,51,252,282,73,207,295,88,204
460430VTD-3,266,40,208,267,25,211,249,41,190,255,57,190
460430VTD-4,338,67,271,331,69,239,288,94,188,300,101,194
460430VTD-5,290,2,274,290,2,273,289,46,241,290,46,247
46045000001,430,88,347,432,91,314,398,136,264,419,139,265
46045000002,387,83,305,389,82,283,318,118,201,326,142,175
46045000003,289,28,248,289,27,244,243,66,162,257,75,178
46045000004,267,68,188,269,54,185,191,84,120,225,86,125
46045000005,359,39,323,359,39,275,327,105,209,330,109,207
46045000006,152,37,116,158,38,111,136,52,82,143,54,82
46047VTD-BE,128,18,111,135,4,120,125,26,98,125,27,88
46047VTD-CA,162,33,122,166,32,122,162,35,119,168,36,120
46047VTD-H1,424,138,284,429,120,271,346,145,207,360,131,220
46047VTD-H2,450,127,320,452,132,294,385,155,230,387,150,232
46047VTD-H3,431,127,302,430,144,254,367,165,205,371,164,202
46047VTD-H4,332,105,227,325,98,201,291,122,168,307,136,164
46047VTD-JA,884,203,681,889,181,659,809,249,552,814,235,557
460490VTD-1,174,41,146,202,27,142,167,41,142,174,78,110
460490VTD-2,87,7,77,81,4,77,111,12,81,117,24,77
460490VTD-3,148,8,112,148,14,107,111,24,75,111,25,75
460490VTD-4,102,13,75,101,13,75,102,22,69,103,21,71
460490VTD-5,94,6,85,94,6,85,86,11,66,92,23,64
460530VTD-1,978,198,739,965,145,736,919,330,564,965,473,525
460530VTD-2,748,141,613,746,140,596,738,334,441,786,443,370
460530VTD-3,340,40,271,354,40,269,334,104,240,358,113,244
460550VTD-1,112,4,107,108,4,96,88,15,73,88,24,57
460550VTD-4,131,2,124,135,2,131,124,16,105,127,24,104
46055VTD-16,208,11,191,210,11,187,175,27,143,186,24,147
46055VTD-19,200,21,174,194,20,164,187,42,138,189,42,138
46055VTD-20,187,3,179,188,0,181,167,24,133,169,27,132
46055VTD-17,203,16,188,204,21,182,176,38,136,184,41,135
46057VTD-BY,314,43,268,307,44,246,273,67,199,294,99,187
46057VTD-CW,698,152,561,698,160,483,647,230,426,703,291,429
46057VTD-ES,471,151,321,461,149,280,446,202,234,470,243,227
46057VTD-HI,406,35,357,406,43,338,349,52,297,359,72,288
46057VTD-HZ,131,2,126,135,5,105,129,10,105,131,10,105
46057VTD-ND,630,120,520,618,121,468,608,162,447,626,184,416
46057VTD-OX,155,6,130,140,9,126,130,18,111,131,34,107
460590VTD-4,47,0,46,47,2,40,46,10,31,46,24,31
460590VTD-6,171,44,139,176,42,116,165,51,107,171,79,106
460610VTD-1,910,215,695,952,238,694,579,201,375,589,214,366
460610VTD-2,358,97,269,347,91,235,334,145,185,363,183,177
460610VTD-3,293,52,241,292,32,241,247,82,150,260,138,150
460610VTD-4,278,35,233,283,25,233,253,73,190,259,74,190
460610VTD-5,126,12,77,124,9,79,128,18,74,134,34,71
46063VTD-BU,158,18,142,163,9,142,136,26,110,143,32,108
46063VTD-CC,116,16,95,121,0,108,95,28,67,102,49,54
46063VTD-FI,57,1,53,57,4,48,47,4,39,48,7,39
46063VTD-HI,115,12,100,114,4,100,99,22,82,106,31,71
46063VTD-LA,42,0,42,42,0,42,35,0,33,35,9,25
46063VTD-LU,87,6,77,94,2,80,76,5,69,77,16,56
46063VTD-PG,59,3,53,60,1,53,59,8,48,61,10,48
46063VTD-RE,124,3,121,124,2,121,117,6,105,117,10,100
460670VTD-1,689,94,579,688,122,546,649,178,460,666,193,462
460670VTD-2,778,120,648,767,170,542,677,219,468,710,244,468
460670VTD-3,142,13,128,143,13,128,131,26,92,132,26,93
460670VTD-4,441,87,333,441,87,324,485,243,269,492,219,315
460670VTD-5,697,139,548,689,173,462,628,267,357,668,302,350
460670VTD-6,438,54,345,438,53,343,358,91,275,418,128,263
460670VTD-7,200,7,175,200,5,175,201,38,172,206,53,152
460710VTD-1,37,0,36,37,0,36,33,0,33,33,0,33
460710VTD-2,114,15,96,114,11,98,95,15,69,98,21,73
460710VTD-5,84,13,69,97,1,85,69,6,56,70,19,46
460710VTD-6,116,28,90,115,31,69,103,36,67,107,41,63
460710VTD-7,243,158,79,249,190,47,255,218,36,259,211,44
460710VTD-8,68,18,39,66,18,32,83,45,27,83,44,27
460730VTD-2,141,24,116,141,24,114,135,68,87,141,64,88
460730VTD-3,145,36,112,146,24,111,121,49,78,126,52,82
460730VTD-4,96,23,62,95,12,62,83,23,49,84,48,48
460730VTD-5,105,15,91,100,15,79,99,36,68,116,40,67
46073VTD1-1,485,137,345,473,152,284,425,209,217,446,224,217
460750VTD-5,183,26,146,183,8,147,151,29,126,158,34,127
46079004301,451,116,341,451,134,305,425,164,260,444,205,251
46079004302,514,125,372,514,121,344,412,171,264,420,209,236
46079004303,163,26,142,165,26,135,165,44,135,196,83,105
46079004305,416,104,319,413,121,271,410,190,237,448,224,215
46079004306,323,64,270,323,68,224,297,96,194,316,139,174
46079004307,478,124,352,467,161,299,465,192,273,477,222,254
46079004309,738,212,518,722,258,384,626,315,290,654,400,236
46079004310,640,219,421,638,237,347,568,286,279,597,326,256
46079004304,243,53,171,229,67,153,214,69,137,242,120,122
46079004308,2719,947,1771,2820,1080,1571,1364,694,673,1429,766,639
46081VTD-DW,546,211,325,553,230,279,508,289,230,510,291,210
46081VTD-LD,1361,449,907,1349,449,762,1137,527,613,1167,575,541
46081VTD-NM,349,106,244,347,97,226,277,104,174,285,106,167
46081VTD-R2,2350,489,1853,2368,504,1707,2188,725,1465,2277,804,1439
46081VTD-S1,1461,465,994,1459,499,783,1298,651,651,1361,710,625
46081VTD-S2,1702,504,1194,1690,493,1017,1439,597,847,1502,644,831
46081VTD-S3,1936,531,1392,1952,617,1165,1771,735,1024,1834,816,981
46081VTD-SO,259,56,201,262,45,194,234,64,167,238,98,138
46083VTD-02,252,68,192,252,50,192,224,72,143,230,102,135
46083VTD-06,456,91,367,459,118,320,404,139,268,421,155,265
46083VTD-08,200,46,165,200,49,144,195,91,127,196,94,127
46083VTD-14,404,89,321,402,110,268,372,135,238,391,165,224
46083VTD-L3,316,75,245,313,91,197,282,114,171,302,139,164
46083VTD-21,220,53,161,223,55,148,211,84,125,218,102,116
46083VTD111,1396,317,1077,1401,453,902,1365,538,831,1418,565,844
46083VTD115,892,280,611,890,360,459,733,413,320,775,465,306
46083VTD-11,219,49,158,219,58,140,190,80,120,215,87,122
46083VTD-12,390,78,312,390,79,279,342,103,235,359,119,229
46083VTD-13,268,54,206,268,55,191,264,89,174,271,101,170
46083VTD-15,1107,219,873,1092,270,748,961,330,624,997,394,607
46083VTD-16,983,180,792,987,225,694,828,266,557,863,293,548
46083VTD-23,529,125,392,528,125,342,476,178,293,494,220,269
46083VTD114,857,217,642,853,281,500,710,341,367,748,396,346
46083VTD-H2,1087,263,830,1085,303,670,971,435,534,1027,498,516
46083VTD112,1167,298,870,1165,424,647,1127,566,557,1194,616,567
46083VTD-H1,923,202,723,923,262,586,753,343,408,787,389,386
46083VTD113,684,216,473,697,272,364,554,281,269,579,336,237
46083VTD116,689,203,487,692,264,378,535,278,255,555,306,245
46083VTD118,1110,207,906,1097,343,680,1017,437,581,1076,448,623
46083VTD210,1616,346,1268,1580,524,995,1462,628,830,1514,628,880
46083VTD211,1700,412,1285,1703,624,1007,1688,779,911,1744,796,941
46083VTD212,787,234,554,792,302,437,718,336,383,750,376,369
46083VTD213,1824,492,1327,1826,709,1002,2122,1035,1088,2226,1112,1104
46083VTD215,997,206,791,980,325,594,976,423,555,1024,448,566
460850VTD-1,69,18,48,69,5,59,76,25,48,77,34,41
460850VTD-4,310,85,233,317,87,215,304,109,193,308,145,172
460850VTD-6,141,27,96,133,27,92,126,47,69,130,62,64
460850VTD-7,173,128,46,172,144,13,183,162,18,188,178,8
460850VTD-9,244,25,211,244,11,209,212,58,156,232,73,151
46085VTD-12,376,65,319,373,49,293,336,108,218,356,149,201
46085VTD-13,101,11,89,99,10,88,95,29,66,101,44,60
460870VTD-1,513,147,367,505,151,324,462,190,266,477,237,249
460870VTD-2,145,34,100,145,31,101,130,78,78,142,78,74
460870VTD-3,538,91,431,538,125,382,508,189,302,525,201,302
460870VTD-4,464,47,411,454,48,386,411,111,289,433,112,306
460870VTD-6,315,59,255,315,59,248,297,84,203,300,157,189
460870VTD-5,613,159,442,601,175,382,551,242,298,593,298,285
46089VTD101,60,7,48,65,1,60,41,3,31,41,1,31
46091VTD-A1,230,76,157,230,91,128,229,111,107,239,129,109
46091VTD-A2,165,58,105,165,69,75,165,96,61,178,106,61
46091VTD-A3,279,76,206,275,94,159,241,120,116,267,142,111
46091VTD-A4,271,114,174,273,132,137,238,137,114,258,157,113
46091VTD-A5,185,45,127,181,60,95,156,83,67,160,89,65
46091VTD-A6,276,87,180,272,116,151,297,142,151,300,139,157
46091VTD-A7,174,51,120,171,58,101,171,85,86,184,95,86
46091VTD-A8,200,49,132,198,65,116,172,118,66,201,129,64
46091VTD-A9,198,44,142,198,61,116,199,109,74,205,116,74
46093VTD-00,175,37,137,175,40,116,153,64,90,157,72,81
46093VTD-06,700,150,548,701,121,514,616,186,429,651,230,404
46093VTD-08,299,60,237,298,58,224,289,100,184,296,108,173
46093VTD-10,976,179,797,965,184,712,842,286,556,870,293,562
46093VTD-11,736,161,568,736,164,507,645,210,437,669,231,426
46093VTD-12,795,115,674,797,115,631,761,190,571,793,215,563
46093VTD-17,85,10,74,89,5,81,81,18,63,86,18,67
46093VTD-20,51,10,39,53,7,42,48,12,31,53,25,22
46093VTD-21,381,57,320,389,55,312,299,88,215,312,88,219
46093VTD-30,84,3,80,84,1,82,69,9,59,78,10,66
46093VTD-31,256,40,222,257,7,229,214,50,158,230,51,165
46093VTD-33,71,9,58,80,3,67,67,4,58,73,15,46
46093VTD-40,37,4,30,33,5,27,32,9,22,37,9,24
46093VTD-6A,133,17,115,135,18,103,124,39,84,132,44,81
46093VTD-SE,485,111,372,484,103,338,415,166,251,424,185,229
46093VTD-09,148,14,127,147,14,124,133,24,103,140,38,96
46093VTD-41,50,8,43,53,4,46,46,13,32,50,14,32
46093VTD-ES,245,64,180,245,67,157,204,79,122,209,83,119
46093VTD-13,1053,215,837,1058,191,764,889,254,632,923,288,600
46093VTD-29,35,8,26,35,2,29,36,8,28,32,5,23
46093VTD-14,598,112,483,603,107,426,479,158,322,501,177,305
46093VTD-CS,235,70,165,240,60,152,191,83,102,202,101,101
46093VTD-RS,323,68,257,322,57,229,296,102,196,305,122,176
46093VTD-15,398,86,311,404,77,292,327,106,222,341,120,214
46093VTD-18,92,8,77,96,3,74,73,9,64,78,18,58
46093VTD-23,412,101,311,432,92,275,227,96,130,230,97,130
46093VTD-16,373,91,281,379,103,250,318,113,204,322,125,193
46093VTD-19,502,110,393,498,107,344,433,139,300,454,156,284
46093VTD-27,139,21,121,139,11,115,111,23,86,122,34,85
46093VTD-35,50,1,47,49,0,47,40,1,38,43,7,34
46093VTD-24,185,34,151,187,28,146,168,38,130,175,46,129
46093VTD-NE,127,44,86,127,32,79,109,59,51,114,52,52
46093VTD-25,38,4,34,38,4,34,30,9,21,35,7,26
46093VTD-NW,461,103,362,474,113,316,383,136,250,407,141,249
46093VTD-SW,297,72,225,307,84,199,235,84,152,245,104,134
46093VTD-WS,151,38,112,151,43,93,121,46,72,124,53,66
46093VTD-SS,366,86,283,366,92,244,293,117,177,304,135,165
460970VTD-1,137,45,92,137,51,74,131,69,61,138,71,63
460970VTD-2,124,38,90,122,39,74,122,64,53,127,80,48
460970VTD-3,100,21,77,100,21,62,99,47,53,116,62,50
460970VTD-6,190,38,133,179,37,131,176,60,104,190,89,101
460970VTD-8,130,13,113,129,13,87,118,31,81,118,32,70
460970VTD-4,145,23,106,145,36,91,143,42,86,147,91,42
460970VTD-5,79,10,69,79,10,68,76,37,38,77,38,41
460970VTD-7,168,42,118,166,24,118,168,90,112,220,115,99
460990000N3,2300,563,1736,2341,672,1504,1894,742,1146,1985,772,1185
460990000N5,1430,323,1096,1423,424,899,1201,469,733,1268,554,697
46099000N15,1530,406,1118,1534,487,954,1317,568,750,1395,651,725
4609900N1-9,1186,384,804,1178,479,611,1051,541,506,1096,592,487
4609900N5-7,604,236,371,604,306,260,566,359,208,588,373,208
460990N3-10,1602,382,1222,1602,596,917,1350,633,719,1432,694,721
46099000N11,873,217,659,873,239,587,751,291,457,815,339,448
4609900N1-3,1090,394,697,1115,476,574,872,468,406,908,501,399
46099000N13,889,196,694,890,235,598,761,280,472,791,353,439
4609900N5-9,522,204,319,522,241,222,402,244,158,432,290,134
46099000N21,1156,264,889,1153,310,770,1003,406,595,1063,472,578
460990N1-10,1386,466,922,1397,549,741,1079,555,520,1148,625,496
4609900N2-8,1270,339,930,1249,462,720,1179,562,616,1245,617,625
4609900N2-9,1100,369,730,1095,478,560,1014,551,462,1052,601,446
4609900NVP9,1232,309,933,1238,349,800,1054,428,599,1103,505,597
4609900N1-6,1328,500,830,1324,562,661,1078,567,509,1122,599,502
4609900N2-1,1239,410,831,1254,532,632,1122,602,521,1159,621,532
4609900N2-2,1538,437,1106,1536,621,816,1403,766,633,1464,772,685
4609900N2-3,1222,392,823,1232,537,619,1088,600,487,1135,639,484
4609900N4-9,904,372,525,921,437,411,686,410,279,728,470,246
4609900N2-6,1324,402,919,1307,540,686,1149,606,536,1222,661,544
4609900N3-6,980,468,516,998,517,385,782,486,297,820,523,276
4609900N5-3,427,179,242,426,205,166,346,218,128,359,223,130
4609900N5-4,869,426,435,870,508,303,780,542,240,829,589,234
4609900N5-6,1056,403,654,1063,465,520,901,530,365,949,587,348
4609900N4-4,778,362,416,795,378,351,609,361,248,649,402,225
4609900N5-8,935,404,532,929,515,343,875,585,294,917,621,273
460990N3-13,816,236,580,815,317,437,685,325,359,715,351,359
460990N3-15,1257,397,863,1258,501,644,1073,578,493,1139,609,513
460990N4-12,1104,393,713,1106,465,572,996,538,458,1042,575,458
460990N5-10,683,294,388,687,329,304,555,334,227,590,374,209
460990N5-11,683,255,432,698,308,334,600,311,288,635,364,259
460990N5-13,704,245,456,678,322,297,614,373,240,652,387,256
460990N5-14,904,408,501,915,428,387,747,457,286,784,488,283
460990N5-17,618,223,394,609,266,307,537,307,226,562,306,252
460990N5-18,1016,478,538,1027,534,401,879,557,323,928,605,312
460990N5-19,538,177,367,545,234,280,532,288,240,552,305,241
460990N5-21,458,155,307,455,205,234,403,244,160,425,247,176
460990NVP01,757,175,586,775,186,522,615,218,401,652,240,401
460990NVP10,1121,324,775,1135,357,688,997,464,547,1057,501,540
460990NVP12,134,28,102,132,27,95,117,42,73,127,45,81
46099NVP-07,1658,405,1258,1651,478,1038,1435,619,823,1527,744,775
46099NVP-08,678,182,531,685,186,460,605,221,380,648,292,358
460990NVP17,634,142,490,641,171,428,579,211,357,616,249,363
460990N3-11,974,246,727,965,355,548,864,436,431,904,446,457
460990N5-12,725,259,465,729,321,352,639,370,264,672,411,255
46101000V-1,523,232,286,516,263,223,515,326,179,523,345,161
46101000V-2,524,248,279,519,281,204,482,304,180,507,344,161
46101000V-3,541,139,419,539,147,359,510,167,309,521,230,269
46101000V-4,374,78,266,374,78,259,327,121,201,340,172,201
46101000V-5,659,167,503,663,167,499,601,212,377,628,264,375
46101V-3/4B,331,81,242,331,99,205,322,171,172,327,169,177
46102VTD-BA,143,94,52,145,93,44,161,111,41,162,122,31
46102VTD-CN,50,29,18,50,37,11,63,40,17,63,44,14
46102VTD-KY,491,372,117,497,433,40,510,484,28,537,485,26
46102VTD-MA,175,113,62,180,156,5,159,148,12,171,156,11
46102VTD-OG,429,332,93,430,365,28,411,374,34,418,381,30
46102VTD-P1,613,499,112,630,579,28,619,589,28,635,606,19
46102VTD-P3,466,373,88,469,411,26,480,445,24,483,445,26
46102VTD-PO,406,318,71,406,356,13,453,432,13,460,436,7
46102VTD-RF,97,72,22,97,68,9,115,97,11,115,100,8
461030VTD-6,457,123,330,455,135,271,411,171,243,425,181,238
46103VTD-10,552,101,438,554,91,433,498,122,351,506,131,350
46103VTD-12,83,0,76,85,0,76,72,2,64,72,19,45
46103VTD-14,66,2,56,66,0,51,47,7,33,51,9,33
46103VTD-15,378,46,338,391,55,309,338,105,226,353,98,245
46103VTD-17,213,15,190,217,15,186,205,28,156,207,27,162
46103VTD-18,281,79,205,286,66,193,215,87,129,223,90,125
46103VTDDG7,1355,288,1064,1377,296,960,1033,360,658,1077,388,658
46103VTD-24,994,202,796,997,216,709,869,276,598,893,297,578
46103VTD-F2,1536,346,1203,1592,336,1110,1304,455,852,1358,529,794
46103VTD-E1,85,16,69,87,18,64,73,21,52,75,22,51
46103VTD-K3,531,125,413,536,121,381,474,161,313,490,179,305
46103VTD1-4,936,251,682,934,266,602,831,334,498,875,379,477
46103VTD2-1,118,48,71,119,51,61,91,43,49,99,49,47
46103VTD2-4,2227,819,1415,2242,791,1191,1813,961,857,1892,1059,781
46103VTD3-4,2845,888,1954,2856,983,1634,2525,1194,1321,2606,1290,1281
46103VTD5-3,2141,671,1474,2148,716,1243,1839,805,1034,1911,906,984
46103VTD5-4,1556,663,896,1573,742,670,1391,850,532,1431,905,515
46103VTD5-5,354,109,247,351,114,215,349,155,195,358,165,190
46103VTDJS5,1281,322,959,1280,348,878,1171,406,770,1197,441,747
46103VTDN34,1081,269,815,1095,271,721,865,308,556,903,336,536
46103VTD4-3,902,288,614,904,302,547,757,363,394,783,386,387
46103VTD-23,1271,276,990,1280,339,854,1114,396,717,1145,411,719
46103VTD4-2,1248,458,786,1259,439,696,972,481,485,1012,493,485
46103VTD5-2,1771,618,1149,1784,640,952,1483,715,767,1546,780,736
46103VTD5-1,505,184,318,509,197,264,434,223,203,450,227,205
46103VTD-AW,2601,792,1809,2837,898,1830,1992,742,1250,2022,744,1253
46103VTD3-5,347,86,262,344,102,221,303,126,174,315,135,178
46103VTD-F1,1230,325,909,1249,319,808,842,325,519,881,369,490
46103VTD1-2,1898,551,1348,1903,588,1145,1622,721,899,1703,801,876
46103VTD2-5,194,90,103,203,86,90,169,100,69,177,103,66
46103VTD4-5,825,240,583,830,240,505,693,304,390,714,336,369
46103VTD1-1,1428,358,1069,1437,394,900,1267,494,772,1326,557,749
46103VTD1-3,2509,626,1887,2513,731,1618,2184,902,1276,2288,973,1284
46103VTD333,436,92,342,450,105,304,385,147,240,401,165,227
46103VTD4-1,418,148,267,423,147,227,376,176,201,392,193,183
46103VTD2-2,77,19,56,78,19,49,49,23,25,53,25,25
46103VTD4-4,989,435,553,993,402,464,831,468,359,863,499,342
46103VTD2-3,1345,400,943,1362,409,816,1164,502,657,1216,543,639
46103VTD3-2,3046,661,2382,3018,794,2027,2719,1014,1708,2811,1089,1691
46103VTD3-3,856,212,645,867,274,544,842,360,486,860,379,476
46103VTD3-1,684,206,473,685,234,377,585,263,321,615,301,299
461050VTD-2,102,7,87,102,7,83,80,7,69,83,22,65
461050VTD-4,56,6,46,56,6,47,51,14,37,51,10,41
461050VTD-5,142,18,112,145,11,118,107,10,93,110,11,92
461050VTD-6,121,24,103,121,3,107,103,24,81,105,32,67
461050VTD-7,131,0,129,131,0,127,107,3,86,108,11,78
461050VTD-8,67,0,64,67,0,58,47,10,38,51,12,38
461050VTD-9,80,3,76,80,1,76,70,3,53,76,16,50
46105VTD-12,316,43,272,316,37,265,284,78,203,292,94,199
46105VTD-L1,288,54,234,284,45,221,199,87,114,214,71,142
461090VTD-1,171,30,151,169,49,112,151,55,79,151,79,79
461090VTD-2,433,113,347,432,113,300,393,131,269,418,141,265
461090VTD-3,195,59,129,163,62,113,162,106,69,195,109,74
461090VTD-4,92,31,49,93,18,56,67,30,31,67,49,19
461090VTD-8,120,41,69,104,43,61,100,61,39,101,73,30
46109VTD-11,738,270,458,738,342,393,688,411,278,718,423,282
461090VTD-5,408,168,211,408,215,147,341,252,98,348,256,102
461090VTD-9,452,106,326,452,139,280,398,162,228,427,211,211
46109VTD-10,213,112,89,205,122,74,218,155,63,227,164,60
461090VTD13,287,124,164,290,147,126,264,161,99,269,171,97
461110VTD-1,263,42,219,263,42,214,219,60,133,225,67,130
461110VTD-2,328,45,242,328,31,226,322,106,184,325,110,171
461110VTD-4,298,82,201,294,55,200,253,88,153,262,92,153
461110VTD-5,255,47,201,248,66,176,230,85,138,234,96,141
461150VTD-1,399,72,340,394,74,256,385,113,248,392,120,237
461150VTD-3,312,73,251,312,73,247,298,141,190,299,155,172
461150VTD-4,303,43,238,304,63,226,248,91,163,286,100,158
461150VTD-5,208,64,134,207,65,125,206,110,108,209,111,113
461150VTD-6,115,21,83,114,33,82,111,37,61,111,61,39
461150VTD-7,447,116,353,437,122,289,416,203,226,425,211,225
461150VTD-8,141,37,95,141,37,94,140,70,74,141,74,74
461150VTD-9,539,161,376,539,185,289,461,246,213,481,289,177
46115VTD-10,489,165,326,476,197,253,439,214,235,471,256,203
461170VTD-1,1380,282,1096,1389,303,993,1310,771,547,1325,654,649
461170VTD-2,72,5,66,74,8,55,64,18,46,67,17,47
461170VTD-3,97,8,90,97,8,80,90,49,43,91,26,65
46121VTD-BO,57,37,18,58,42,10,63,53,8,63,56,6
46121VTD-JE,75,10,60,79,5,73,76,14,56,79,16,55
46121VTD-LA,104,4,98,105,5,94,100,21,76,106,21,78
46121VTD-OK,114,71,46,114,71,44,106,71,33,108,75,34
46121VTD-PA,260,195,56,257,215,13,263,234,20,273,251,13
46121VTD-RO,410,306,107,410,339,46,430,382,51,455,413,39
46121VTD-SA,241,157,83,250,175,57,257,202,57,268,225,35
46121VTD-SF,329,224,100,339,270,44,308,249,45,328,280,36
46121VTDMNA,498,347,150,503,371,94,529,433,100,541,480,67
46123VTD-CF,131,19,111,131,19,112,130,32,83,131,64,83
46123VTD-CL,362,64,297,363,41,297,337,83,238,347,159,220
46123VTD-E2,241,48,191,244,45,192,221,86,140,228,94,130
46123VTD-E3,290,43,245,287,47,222,269,91,177,274,121,157
46123VTD-HM,102,4,88,101,4,87,85,18,58,87,20,57
46123VTD-ID,80,9,67,80,10,64,66,16,50,71,19,48
46123VTD-LM,327,61,257,324,45,260,310,92,218,313,111,194
46123VTD-SU,95,25,65,94,17,65,95,46,63,102,53,53
46123VTD-W2,350,65,288,348,78,263,309,110,202,321,148,173
46123VTD-W3,203,54,160,204,42,161,178,75,114,191,89,96
46123VTD-WT,99,13,79,101,7,81,98,30,63,98,33,63
46123VTDSE1,153,22,131,154,29,120,137,49,86,143,58,86
46123VTD-LK,155,6,142,156,6,131,142,35,95,145,67,92
461250VTD-1,842,164,703,840,132,597,734,235,472,772,274,465
461250VTD-2,937,188,745,921,203,684,791,288,528,853,363,478
461250VTD-3,319,62,258,316,65,243,258,81,190,280,98,190
461250VTD-4,281,40,238,281,54,198,284,87,174,292,87,198
461250VTD-5,533,108,436,536,138,375,477,166,326,524,242,294
461250VTD-6,488,121,357,501,138,333,433,159,271,451,191,255
461250VTD-7,175,44,133,174,48,105,167,92,92,172,99,68
461250VTD-8,562,99,435,561,133,382,512,181,322,534,193,322
461270VTD-1,341,60,278,341,82,239,278,83,183,283,112,183
461270VTD-3,760,218,561,760,230,454,580,230,363,622,282,323
461270VTD-4,382,102,265,385,136,236,301,134,168,304,138,162
461270VTD-5,484,138,346,487,142,318,426,176,241,442,202,233
461270VTD-7,538,91,463,551,105,428,463,102,335,466,105,335
461270VTD-8,476,89,389,466,131,301,386,139,230,396,162,228
461270VTD-9,439,112,328,453,145,282,343,152,193,353,151,204
46127VTD-10,635,191,441,652,200,422,469,194,266,492,198,275
46127VTD-11,719,180,537,723,222,464,513,186,332,531,203,323
46127VTD-12,852,114,737,841,175,636,726,180,545,738,191,535
46127VTD-13,1216,232,984,1239,309,889,1095,294,804,1114,307,795
46129VTD-01,133,20,123,146,13,126,128,38,106,128,37,106
46129VTD-02,145,24,127,145,8,127,145,38,96,145,38,95
46129VTD-04,167,42,128,167,41,121,139,43,90,143,52,83
46129VTD-06,478,96,383,489,109,345,438,179,246,440,160,280
46129VTD-05,321,86,244,321,76,226,294,133,156,302,119,175
46129VTD-09,81,14,71,91,9,65,65,14,48,68,21,46
46129VTD-10,154,17,129,154,12,128,130,41,88,133,31,100
46129VTD-08,78,2,72,85,0,78,78,21,59,79,16,59
46129VTD-07,462,106,348,462,113,329,388,177,215,396,141,253
46137VTD-BR,31,25,5,34,27,7,37,30,7,39,31,5
46137VTD-CC,74,53,22,77,69,8,70,61,10,74,61,10
46137VTD-DV,179,91,88,182,100,68,221,170,47,230,183,45
46137VTD-GV,70,13,57,70,8,57,57,28,36,57,36,27
46137VTD-RS,55,35,19,53,37,12,58,45,13,62,52,8
46019VTD-14,277,38,248,278,20,248,250,47,189,252,73,180
46019VTD-13,220,32,191,223,12,191,191,40,145,197,57,137
460190VTD-8,11,0,11,11,0,11,11,0,9,11,2,9
46023VTD11b,256,32,226,256,35,213,234,74,156,234,86,146
46023VTD11c,195,22,171,195,26,164,179,56,117,180,67,111
46023VTD11a,231,28,204,231,33,193,207,67,142,210,75,132
46023VTD12c,33,8,25,33,8,21,29,15,15,30,17,11
46023VTD12a,45,8,31,45,8,27,41,22,20,42,23,16
46023VTD12b,29,7,23,29,7,22,28,15,13,29,17,12
46023VTD-6a,71,35,37,70,36,36,76,53,21,76,60,11
460230VTD6B,71,32,36,71,32,32,73,49,21,73,58,13
46023VTD-6c,72,35,38,72,35,35,75,52,21,76,60,14
46023VTD-3b,167,65,101,167,65,92,162,97,65,167,114,52
46023VTD-3c,164,64,100,164,64,91,162,97,64,164,114,49
46023VTD-3a,176,66,107,175,66,95,169,101,66,176,122,53
46031VTD-MI,136,20,99,136,20,99,99,43,67,99,43,67
46031VTD-AR,33,7,24,33,7,24,24,10,15,24,10,15
46031VTD-BU,67,22,44,68,25,35,65,35,26,65,32,29
46031VTD-LC,29,8,20,29,11,15,26,15,11,28,15,14
46033VTD8-1,129,38,92,132,42,78,125,50,74,131,58,70
46033VTD8-2,302,84,212,306,99,177,291,118,175,303,135,162
46035VTD-C5,156,31,127,156,32,120,147,49,94,150,69,93
46035VTD-06,395,85,307,389,124,255,347,144,201,369,164,201
46035VTD-07,490,108,381,485,154,315,430,180,253,460,203,253
460350VTD12,315,79,231,307,106,188,281,122,156,293,145,149
460350VTD13,274,71,205,269,92,168,243,105,139,258,125,131
460350VTD17,65,19,46,65,25,35,49,23,26,51,26,25
460350VTD18,277,81,201,277,109,157,213,100,112,219,110,109
46047VTD-EA,147,13,114,147,10,111,124,27,88,127,28,88
46047VTD-E2,123,21,95,125,16,94,107,25,75,108,26,75
46047VTD-E1,133,24,106,135,21,106,114,29,81,114,29,81
46047VTD-E3,124,22,99,125,18,95,103,28,74,105,29,74
46047VTD-OA,126,1,117,126,0,115,124,16,109,126,24,88
46047VTD-OE,68,1,62,68,0,62,68,12,56,68,15,46
460590VTD-9,108,4,106,108,4,90,93,12,78,94,21,75
460590VTD10,39,0,38,39,0,31,31,2,29,32,3,29
460590VTD-5,184,14,169,179,11,154,116,33,83,119,47,53
460590VTD-8,35,3,32,35,2,30,23,7,16,24,9,9
460590VTD-1,156,6,125,156,4,125,121,18,103,122,27,86
460590VTD-3,90,2,74,90,0,74,73,8,66,73,20,45
460590VTD-2,75,11,65,75,12,62,70,18,47,71,18,47
46059VTDM3b,111,23,89,111,24,76,99,40,59,104,48,55
46059VTD-M2,240,54,189,239,55,168,217,88,127,229,101,121
46059VTD-12,84,15,69,84,16,60,77,27,50,80,41,46
46059VTD-M1,240,51,183,232,56,165,208,89,125,222,113,114
46059VTDM3a,137,29,106,133,31,96,120,51,70,129,63,63
460590VTD-7,131,18,84,131,18,82,97,59,65,131,65,65
46071VTD4W1,83,14,68,84,14,64,62,20,44,64,24,39
46071VTD4W2,80,14,67,83,15,65,63,20,43,65,25,38
46071VTD3W3,135,17,117,140,15,117,110,26,79,116,33,77
460710VTD-3,116,12,100,118,8,100,93,21,68,97,25,64
460750VTD-1,107,0,98,107,1,92,98,24,86,107,26,62
46075VTD-M1,88,4,78,88,5,75,81,21,67,88,26,56
46075VTD-M2,88,7,84,88,20,63,85,23,62,88,30,52
460750VTD-3,19,1,18,19,1,13,19,2,13,19,6,12
46075VTD-M3,79,6,70,76,12,56,71,21,56,76,25,45
46089VTDSEL,70,7,62,70,13,55,86,20,64,87,25,62
46089VTD-L2,53,10,45,53,13,41,69,16,48,70,21,45
46089VTD-L3,53,10,45,53,11,41,65,16,48,66,21,44
46089VTDNEL,152,9,133,129,8,99,128,9,99,129,21,96
46089VTD-L1,81,11,69,64,9,50,63,11,50,63,18,46
46089VTD-E3,156,25,141,156,23,122,141,35,100,143,40,98
46089VTD-CN,75,7,70,76,5,53,70,11,45,71,12,42
46089VTD-SW,65,2,64,65,12,48,54,12,40,64,17,40
46089VTD-E2,152,21,131,152,33,117,126,35,90,130,42,84
46089VTD-NW,80,1,76,80,4,73,73,8,53,73,9,52
46089VTD-E1,151,12,140,155,21,128,130,33,97,131,36,95
46103VTD-19,525,81,438,528,58,436,438,97,337,459,119,325
46103VTD-11,59,6,51,59,4,51,51,11,39,52,12,38
46103VTDRK4,1281,237,1043,1308,276,962,1095,313,785,1121,337,771
461030VTD-9,413,79,338,423,92,308,353,102,252,362,109,249
46105VTD-L3,275,41,235,275,38,222,229,67,165,244,56,182
461050VTD-3,16,0,11,16,0,11,11,3,9,11,2,10
461090VTD-6,67,11,48,67,11,41,66,19,37,66,19,38
461090VTD-7,480,106,358,476,116,311,452,181,251,468,189,268
461090VTD14,149,66,87,145,74,65,130,81,47,136,87,46
461090VTD12,171,78,101,165,85,78,150,92,56,156,101,56
46129VTD-03,418,41,364,399,36,346,375,100,289,389,114,283
46137VTD-SD,201,70,127,200,58,121,200,111,83,201,119,75
46137VTD-RD,133,46,83,131,39,80,131,71,52,133,77,50
46137VTD-ND,29,9,18,29,8,18,29,15,12,29,18,10
46127VTD-B2,233,56,174,232,69,151,204,97,109,214,109,105
46127VTD-B1,188,47,140,188,52,117,162,77,88,171,88,83
46127VTD-B3,209,51,155,208,61,131,181,86,98,189,98,92
46127VTD-A2,122,36,90,122,38,79,108,50,58,113,56,56
46127VTD-A3,140,38,102,138,46,86,123,54,68,128,63,63
46127VTD-A1,121,33,90,119,40,75,105,47,59,109,53,54
46007VTD-02,113,33,77,113,39,67,104,52,53,113,52,53
46007VTD-05,116,35,83,116,37,68,109,54,58,115,54,59
46007VTD-06,126,41,86,126,43,74,120,58,62,123,59,64
460150VTD-5,316,54,241,313,50,218,270,74,196,276,106,184
46015VTD-D3,69,15,54,69,14,49,63,20,45,64,26,40
460150VTD-3,1215,328,875,1214,349,773,1080,463,617,1112,544,523
460150VTD-2,103,3,94,100,4,82,95,23,58,100,38,51
460490VTD-6,518,89,415,511,96,374,444,127,325,459,197,263
46025VTD4-1,164,55,109,160,38,101,138,52,83,147,74,69
46025VTD4-2,160,39,121,160,45,108,142,61,88,156,69,85
4602500VTD2,400,89,321,400,88,266,387,156,218,410,182,218
4602500VTD3,140,20,124,140,24,102,136,37,95,138,58,93
4602500VTD1,286,55,216,266,50,182,285,106,162,294,142,133
4602500VTD5,326,50,260,325,52,233,319,105,195,336,144,182
46025VTD-W3,190,45,145,186,54,118,184,69,115,190,90,101
460950VTD-2,190,53,135,184,69,104,181,75,77,184,111,70
460950VTD-4,246,59,193,245,50,171,245,90,143,254,139,133
460950VTD-5,186,74,115,185,80,95,186,106,81,217,135,61
460950VTD-3,44,16,29,44,16,24,47,24,22,48,27,21
46081VTD-W3,155,37,120,155,27,114,138,42,96,143,43,95
46081VTD-WW,521,119,401,518,92,382,464,142,329,480,147,323
46081VTD-W2,218,50,164,218,37,161,192,59,135,198,63,135
46081VTD-W1,166,38,127,166,30,122,149,47,104,152,49,101
46081VTD-R1,761,175,581,761,200,491,687,267,403,702,298,388
46081VTD-CC,45,9,34,45,11,29,40,15,23,41,17,22
46083VTD-26,226,52,170,226,53,163,208,70,131,211,77,131
46083VTD-B3,68,15,53,68,16,47,61,25,40,63,25,39
46083VTD-B1,83,18,60,83,19,54,74,26,44,75,29,44
46083VTD-B2,58,12,45,58,14,41,52,18,33,55,21,32
46083VTD-C3,291,75,210,292,96,178,238,107,126,251,123,126
46083VTD-C2,263,67,191,264,85,161,214,96,115,227,112,115
46083VTD-C1,362,93,270,363,119,223,294,137,158,314,156,158
46083VTD-C4,237,75,159,233,86,125,186,96,100,199,117,86
46083VTD-C5,248,76,174,246,95,135,202,103,106,215,124,95
46083VTD-T3,616,125,488,611,173,385,524,221,305,551,258,295
46083VTD-T2,560,115,444,556,160,350,477,200,277,505,235,268
46083VTD-T1,576,120,457,572,165,359,490,207,287,519,240,274
460290VTD-3,644,146,472,645,148,466,557,181,361,578,245,353
460290VTD-5,916,202,707,917,196,640,862,311,552,912,385,528
460290VTD-2,1209,278,918,1186,229,871,1039,366,656,1104,432,669
46029VTD-E3,793,164,632,798,181,580,676,218,463,701,243,448
46029VTD-B3,312,78,231,314,88,203,267,107,159,281,122,153
46029VTD-A4,377,84,297,377,109,249,310,121,187,332,148,181
46029VTD-A3,341,75,270,340,99,225,279,109,169,300,135,163
46029VTD-B1,540,118,416,538,148,362,485,188,300,511,203,300
46029VTD-B4,85,19,66,84,24,58,77,28,47,80,32,47
46029VTD-E5,106,24,82,106,29,72,96,36,60,101,40,60
46029VTD-C1,315,83,235,316,88,205,267,110,158,286,122,152
46029VTD-D4,174,63,110,174,59,102,148,75,72,151,80,66
46029VTD-C2,198,74,126,198,65,117,166,84,79,169,92,77
46029VTD-E2,273,64,212,271,66,190,278,90,190,288,100,182
46029VTD-E4,248,57,191,246,62,172,136,56,79,145,66,75
460510VTD42,309,68,236,309,79,212,270,93,172,284,108,171
46051VTD2-2,808,190,617,789,227,506,661,270,400,716,323,384
46051VTD2-1,504,126,378,503,154,316,402,145,256,417,183,217
460510VTD44,570,116,455,571,138,406,509,197,327,537,236,324
460510VTD41,523,147,370,519,145,329,449,218,268,487,256,253
460510VTD43,635,134,488,640,133,451,530,176,363,549,205,340
460510VDT46,214,56,150,215,51,150,187,75,120,193,94,110
4609900N1-5,683,262,423,693,297,347,485,257,226,507,285,210
4609900N1-4,1024,393,634,1038,447,521,725,387,339,758,428,319
4609900N5-2,641,318,318,660,366,231,558,393,165,579,409,158
4609900N5-1,578,287,290,590,327,208,503,354,151,521,370,141
46083VTD-L2,297,68,234,294,94,185,271,111,161,288,130,153
46083VTD-L1,324,76,247,323,96,203,290,119,172,311,140,168
460410VTD-4,290,63,227,290,62,202,297,145,142,304,154,141
460410VTD-3,34,9,26,34,8,24,35,17,16,36,17,16
46041VTD-13,98,55,42,99,63,31,111,87,24,116,100,13
46041VTD-12,127,71,57,128,81,42,144,113,30,149,128,18
46041VTD-11,43,28,15,45,33,10,50,45,7,52,50,3
46041VTD-10,42,29,12,43,31,11,48,43,4,51,48,3
46103VTDHC1,1216,288,924,1220,286,834,1071,359,705,1101,375,690
460370VTD-6,191,87,105,188,87,90,191,110,74,201,120,76
46037VTD6W3,64,30,35,62,30,31,64,36,25,66,41,26
460370VTD-5,58,19,37,55,19,25,53,22,22,56,26,20
46037VTD5W2,65,23,40,59,23,33,59,30,28,64,33,26
46037VTD5W1,65,23,42,60,23,35,60,34,32,63,36,30
46037VTD-RW,167,49,110,171,50,104,172,84,87,180,97,84
46037VTD-BW,190,51,132,188,52,122,169,66,106,188,83,101
46037VTD2w2,159,51,107,161,54,95,135,72,67,147,81,67
46037VTD2W3,125,40,84,126,42,76,106,55,50,114,63,50
46037VTD4W1,187,57,131,181,64,107,162,89,77,182,99,85
46037VTD1w1,277,85,192,275,86,170,245,107,135,268,129,134
46037VTD3W3,158,52,106,153,50,95,158,77,77,165,86,76
46005VTDW81,637,182,454,620,234,354,546,249,301,565,257,301
46005VTD-W3,621,185,433,631,211,372,480,228,250,514,256,246
46005VTD-01,680,101,561,679,101,525,609,180,436,628,193,437
46005VTD-02,788,153,655,776,148,545,675,403,184,723,363,382
46005VTD-05,583,111,445,575,132,385,507,266,217,528,276,287
46005VTD-W2,652,246,409,652,219,370,503,245,263,545,284,255
46005VTDW01,306,92,228,306,85,211,273,127,143,278,131,142
46005VTDW82,524,127,397,522,150,338,464,205,257,485,224,252
460050VTD-1,685,198,503,678,188,467,609,281,323,615,290,319
46005VTD-04,92,25,67,92,24,63,83,36,40,87,37,39
46005VTDW71,673,168,490,673,183,438,545,238,307,581,263,307
46005VTDW72,592,154,440,571,161,380,502,232,280,526,253,273
460990N3-17,1719,418,1303,1727,605,1016,1505,733,779,1617,808,781
460990N1-17,1358,352,1008,1371,462,800,1049,497,552,1110,589,505
460990N3-16,1349,304,1041,1355,448,818,1321,591,727,1407,646,752
460990NVP-6,498,138,359,508,140,341,431,163,252,452,178,264
460990N3-12,1192,388,796,1202,433,689,1030,500,533,1079,538,523
460990N3-14,1454,482,975,1465,571,742,1335,704,629,1404,758,616
460990N4-10,943,321,619,951,369,497,745,382,363,795,415,370
460990N2-14,2301,666,1633,2293,916,1246,2231,1142,1086,2341,1239,1088
4609900N2-7,2258,570,1685,2258,804,1301,1811,824,972,1908,889,993
460990NVP02,1580,359,1217,1582,438,1019,1692,623,1069,1763,693,1053
460990N4-11,1750,481,1264,1749,625,1010,1382,611,777,1476,714,753
4609900N4-7,1293,495,797,1300,580,636,1061,590,470,1111,628,466
4609900N4-1,726,350,383,737,370,308,587,377,215,620,397,212
460990N4-14,349,170,180,356,174,148,279,179,98,297,189,96
4609900N3-5,994,415,578,1040,428,535,775,430,342,808,479,311
4609900N4-5,949,373,574,970,396,500,826,455,371,877,489,370
4609900N3-9,2015,724,1292,2080,830,1125,1429,775,649,1483,856,601
460990N5-20,1020,428,590,1008,440,451,831,459,372,878,516,350
460990N4-13,789,329,459,788,401,335,648,397,253,680,436,236
4609900N4-2,752,322,431,752,352,328,637,388,245,661,418,237
4609900N4-8,544,222,321,551,262,251,483,268,211,505,286,211
4609900N4-3,506,227,279,509,242,226,394,241,154,418,260,145
4609900N4-6,306,146,162,316,137,156,294,176,116,304,187,113
460990000N4,1006,302,702,1009,303,650,908,366,536,948,428,511
460990NVP16,999,236,766,1005,268,659,907,375,533,971,439,529
460650VTD-5,233,54,181,233,69,158,243,148,121,244,147,122
460650VTD-7,117,7,109,109,9,86,87,26,60,89,26,66
460650VTD-9,92,47,50,100,56,35,114,92,22,114,91,29
46065VTD-11,1444,248,1182,1377,322,965,1197,535,663,1240,519,706
46065VTD-21,429,130,296,457,172,240,440,282,157,445,274,167
46065VTD-24,606,176,433,626,220,350,664,435,227,674,418,244
46065VTD-28,515,126,395,527,163,321,516,306,213,528,294,224
46065VTD-31,880,178,700,845,233,574,803,414,390,824,400,411
46065VTD-23,491,134,359,504,173,291,486,303,190,496,286,202
46065VTD-26,550,126,429,550,167,341,511,280,243,525,263,253
46065VTD-30,801,215,585,816,277,475,825,497,338,840,469,359
46065VTD-32,492,103,392,480,131,322,466,234,226,478,226,244
46065VTD-34,825,152,668,796,200,546,715,344,365,734,331,393
46065VTD-33,468,104,362,469,134,295,445,236,206,455,228,220
46065VTD-29,286,82,205,298,106,168,293,176,114,301,169,124
460110VTD-1,380,132,246,400,165,189,323,189,133,345,216,124
460110VTD-2,659,278,383,696,342,292,614,385,225,665,449,210
460110VTD-3,698,288,401,739,355,310,598,369,234,649,422,216
460110VTD-8,727,196,536,702,233,411,656,293,358,676,341,331
460110VTD-4,1389,503,883,1405,625,678,1241,702,545,1329,809,500
46011VTD-11,673,191,466,691,267,380,569,279,314,591,314,288
460110VTD-5,2372,755,1618,2373,931,1231,2150,1102,1056,2265,1272,962
460110VTD-6,2058,622,1439,2033,770,1101,1843,880,963,1928,1015,884
460110VTD-9,690,192,526,673,218,396,599,278,336,609,301,317
46011VTD-13,259,65,183,243,89,142,224,93,136,234,110,122
46011VTD-14,1247,335,920,1194,401,694,1107,490,622,1149,553,568
46011VTD-15,185,52,118,175,75,91,167,87,87,171,102,74
46011VTD-16,472,93,353,465,124,276,371,150,240,384,170,199
46011VTD-10,664,146,497,591,173,381,509,175,330,531,246,297
46011VTD-12,293,49,238,269,64,184,224,68,157,224,72,143
46013VTD-13,384,110,262,384,172,233,343,182,182,350,202,180
46013VTD-14,257,120,157,257,125,138,245,144,123,257,156,121
46013VTD-15,981,209,771,944,240,646,803,287,508,827,317,484
46013VTD-18,279,106,152,279,114,137,234,137,112,279,152,106
46013VTD-19,969,323,658,966,344,557,900,490,453,933,539,450
46013VTD-20,152,74,97,155,76,86,152,89,75,157,98,74
46013VTD-17,606,237,389,607,263,321,575,316,262,596,362,250
46013VTD-22,257,116,161,263,125,133,244,138,114,252,151,114
46013VTD-21,253,129,135,262,145,128,249,150,80,262,178,80
460130VTD-1,1200,352,841,1203,402,711,1018,492,532,1065,543,505
460130VTD-2,661,234,438,684,261,371,592,315,279,620,348,259
460130VTD-4,544,178,365,567,210,307,487,257,228,511,277,218
460130VTD-5,426,143,278,440,162,237,376,199,176,392,222,162
46013VTD-10,393,137,258,412,157,220,320,181,139,343,202,133
46013VTD-11,541,182,357,556,216,301,477,253,226,499,277,218
460130VTD-9,917,229,690,898,261,584,744,309,436,772,347,411
46013VTD-12,773,167,599,749,189,514,614,218,393,632,266,368
460130VTD-8,917,286,627,934,324,522,741,367,370,779,411,351
46013VTD-16,329,72,257,319,83,214,276,108,167,282,126,156
460130VTD-7,2022,500,1524,1957,567,1279,1653,700,950,1704,776,901
460130VTD-6,1846,506,1340,1809,572,1134,1532,714,823,1595,787,781
460130VTD-3,1425,411,1018,1418,467,854,1196,560,637,1244,619,609
460690VTD-3,190,16,167,189,16,159,167,36,120,168,37,112
460690VTD-2,135,21,106,135,22,102,122,43,79,124,46,76
460690VTD-5,109,16,87,111,16,80,120,48,67,120,48,66
460690VTD-1,132,24,104,132,25,102,124,46,75,126,48,74
460690VTD-4,132,25,107,132,25,102,126,47,73,128,49,72
46107VTD-01,306,35,222,305,30,222,270,80,190,279,85,190
46107VTD-02,242,51,195,242,42,193,215,70,150,222,78,150
46107VTD-36,0,0,0,0,0,0,0,0,0,0,0,0
46107VTD-04,305,55,247,306,52,247,258,71,188,271,87,188
46107VTD-05,262,39,216,259,37,216,217,41,162,224,53,162
46107VTD-03,239,33,202,244,31,202,206,55,150,213,63,150
461350VTD-1,9626,3037,6554,9606,3242,5653,8579,3682,4914,8987,4745,4138
461190VTD-2,92,6,83,92,6,81,82,17,53,82,17,53
461190VTD-6,138,27,105,138,27,103,139,70,78,139,70,78
46119VTD3-2,107,16,86,109,16,84,101,39,61,103,39,61
46119VTD2-2,126,23,106,130,23,98,124,49,76,124,49,76
46119VTD2-1,141,22,118,139,22,113,125,47,77,129,47,77
461190VTD-1,149,17,126,158,17,115,143,49,95,148,47,95
461190VTD-5,111,9,101,110,9,89,102,22,69,102,22,69
46077000004,516,98,391,472,101,336,450,161,293,463,196,268
46077000002,538,126,406,528,128,365,490,167,301,509,205,300
46077000005,494,106,369,493,103,330,420,151,280,439,187,266
46077000001,498,151,350,498,158,297,466,189,271,497,255,240
46077000003,520,129,399,512,143,339,484,208,288,502,245,258
