GEOID20,Tot_2010_tot,Wh_2010_tot,His_2010_tot,BlC_2010_tot,NatC_2010_tot,AsnC_2010_tot,PacC_2010_tot,Tot_2010_vap,Wh_2010_vap,His_2010_vap,BlC_2010_vap,NatC_2010_vap,AsnC_2010_vap,PacC_2010_vap,Tot_2018_tot,Wh_2018_tot,His_2018_tot,BlC_2018_tot,NatC_2018_tot,AsnC_2018_tot,PacC_2018_tot,Tot_2018_cvap,Wh_2018_cvap,His_2018_cvap,BlC_2018_cvap,NatC_2018_cvap,AsnC_2018_cvap,PacC_2018_cvap,Tot_2019_tot,Wh_2019_tot,His_2019_tot,BlC_2019_tot,NatC_2019_tot,AsnC_2019_tot,PacC_2019_tot,Tot_2019_cvap,Wh_2019_cvap,His_2019_cvap,BlC_2019_cvap,NatC_2019_cvap,AsnC_2019_cvap,PacC_2019_cvap,Tot_2020_tot,Wh_2020_tot,His_2020_tot,BlC_2020_tot,NatC_2020_tot,AsnC_2020_tot,PacC_2020_tot,Tot_2020_vap,Wh_2020_vap,His_2020_vap,BlC_2020_vap,NatC_2020_vap,AsnC_2020_vap,PacC_2020_vap
1100102-074,6761,1036,655,5002,108,121,14,5582,1006,474,4030,89,110,13,8136,2022,856,5174,219,182,2,6194,1785,485,3688,180,94,0,8547,2415,920,5096,180,226,3,6548,2140,507,3649,137,114,0,8917,2522,1512,4546,216,450,29,7411,2296,1132,3688,177,369,22
1100102-072,6277,194,302,5806,68,35,5,4834,186,209,4432,51,26,5,6997,605,301,6046,37,141,11,5382,492,200,4577,39,78,0,6815,550,438,5642,96,264,14,5325,505,139,4497,59,130,0,6585,730,514,5235,124,186,19,5286,644,375,4173,104,139,15
1100102-073,2530,654,220,1616,49,58,0,2079,582,172,1290,43,46,0,2899,1180,277,1351,17,156,8,2361,976,151,1117,12,108,0,3184,1322,269,1487,14,179,8,2587,1090,115,1249,17,126,0,2937,1130,300,1333,68,154,7,2436,928,220,1156,49,111,7
1100102-127,5854,1693,248,3699,124,225,9,4919,1651,207,2874,94,191,8,6757,2941,390,3175,90,325,0,5720,2680,295,2489,90,225,0,6933,2938,491,3420,73,125,11,5990,2705,440,2735,70,79,0,6763,2783,431,3157,134,370,15,6036,2664,389,2634,112,333,7
1100102-131,2794,1569,155,900,24,174,6,2658,1518,151,827,22,165,6,5807,3704,337,1419,0,425,0,5230,3455,320,1160,0,295,0,6827,4426,409,1564,0,514,0,6190,4130,395,1265,0,400,0,11036,7241,807,2091,155,828,36,10245,6932,729,1746,129,752,26
1100102-111,3416,56,67,3295,36,19,0,2729,55,47,2622,26,13,0,4605,113,177,4370,111,7,10,3463,80,62,3271,37,8,0,4337,122,154,4093,149,11,11,3221,99,45,3002,58,11,0,3798,116,132,3551,64,27,7,2994,94,103,2788,55,25,5
1100102-078,4519,92,138,4282,39,26,1,3477,84,100,3279,27,18,1,5491,714,308,4200,54,245,17,3941,631,129,3053,28,87,0,5282,716,370,4067,76,107,17,3955,619,192,3052,46,40,0,4629,613,416,3537,83,95,11,3699,576,308,2751,63,79,3
1100102-001,6886,1764,285,4058,71,820,9,5738,1729,255,3036,59,743,9,8935,3259,557,4172,137,946,31,7237,3058,407,3140,63,543,0,9480,3650,652,4058,134,1120,33,7532,3421,449,2960,83,655,0,9944,4185,840,3700,162,1221,27,8803,4122,778,2738,127,1149,24
1100102-143,4055,2405,281,858,32,515,8,3913,2369,265,791,29,493,8,3984,2243,350,687,11,695,0,3457,2069,266,643,6,471,0,4171,2296,424,728,11,708,0,3604,2106,311,688,6,489,0,3958,2482,347,513,36,579,5,3810,2418,331,490,34,527,5
1100102-089,4812,4055,228,271,47,244,6,4276,3657,182,234,41,185,5,5170,4204,313,359,6,345,8,4287,3597,220,308,0,154,0,5238,4012,554,349,14,390,5,4128,3336,301,300,0,185,0,5030,3966,287,304,68,410,12,4363,3511,237,258,59,295,12
1100102-066,5803,290,321,5175,39,80,5,4829,271,234,4292,36,68,5,6449,459,872,5061,177,69,0,4929,393,474,3907,90,21,0,6842,565,649,5531,164,90,0,5203,479,214,4351,74,34,0,6909,896,796,5031,134,287,5,5747,786,593,4208,106,246,3
1100102-065,3302,82,304,2933,30,23,10,2711,67,209,2444,24,20,5,4539,327,696,3617,81,43,0,3285,165,135,2924,40,14,0,4862,380,740,3775,61,48,0,3515,210,190,3055,30,24,0,3974,382,646,2899,59,106,8,3277,309,442,2482,46,82,6
1100102-014,6237,4411,483,717,54,607,11,6066,4311,468,694,50,577,11,5329,3828,650,441,29,421,8,4529,3432,409,389,7,281,7,5562,4019,606,449,4,497,13,4621,3452,391,403,0,382,11,6533,4350,664,716,69,726,12,6227,4189,611,682,57,664,11
1100102-038,4627,772,1491,2301,54,141,12,3739,751,1128,1790,38,127,11,5447,1446,1090,2638,24,349,0,4166,1324,544,2071,10,214,0,4768,1371,1052,2091,27,270,0,3775,1264,622,1619,16,253,0,5256,1826,1439,1682,145,342,6,4457,1702,1135,1343,119,309,6
1100102-123,5985,1439,378,4070,81,171,31,4319,1066,245,2931,59,95,16,7829,2184,736,4821,83,204,0,5219,1603,301,3199,15,92,0,8210,2196,918,5066,90,208,2,5129,1591,379,3012,15,105,0,6951,2028,636,4048,188,278,40,4995,1436,420,2964,142,182,32
1100102-124,3712,47,42,3629,38,25,4,2771,42,33,2696,25,17,2,4678,84,22,4571,20,5,0,3592,35,11,3526,17,0,0,4567,115,51,4404,35,5,0,3454,72,19,3347,24,0,0,4229,56,152,3968,125,50,7,3221,48,101,3008,95,37,3
1100102-126,6900,296,188,6403,58,67,14,5152,222,117,4791,46,47,8,8090,495,202,7410,47,109,23,5774,382,121,5220,13,18,0,7937,507,313,7122,83,108,21,5569,385,110,5010,36,20,0,7224,382,251,6581,104,70,17,5376,292,182,4887,70,55,17
1100102-004,5385,4066,397,231,39,668,15,5268,3991,383,219,37,649,13,6013,4457,532,282,39,742,29,4833,3884,287,218,35,384,22,5555,4050,639,226,43,629,39,4679,3683,450,184,35,295,39,6532,4375,602,391,64,1112,8,6225,4202,566,348,58,1052,7
1100102-040,6772,3111,1616,1663,113,473,19,6014,2881,1297,1489,94,402,18,7849,3523,2455,1593,248,467,0,5135,3048,866,971,49,196,0,7405,3282,2285,1662,159,406,0,4957,2607,1088,1057,49,178,0,7176,3350,2108,1148,293,607,28,6086,2965,1623,1040,227,502,21
1100102-003,6086,4309,370,585,55,852,7,5966,4245,358,565,55,823,7,5728,3529,898,436,48,842,0,4304,3046,493,361,20,393,0,6000,3743,832,413,35,988,0,4566,3276,507,305,15,471,0,6354,3855,595,455,48,1366,17,6170,3766,572,441,44,1323,17
1100102-061,2905,168,543,2177,37,51,11,2343,142,390,1796,30,42,8,3520,229,832,2418,6,46,0,1924,178,266,1452,4,7,0,3823,260,1133,2494,6,39,0,2073,192,428,1415,4,10,0,3305,324,969,1977,62,76,9,2546,263,650,1621,47,54,9
1100102-030,3067,2402,229,158,27,267,6,2461,1949,167,117,19,212,6,2723,2105,186,55,0,378,0,1837,1606,18,48,0,160,0,2831,2166,201,68,0,396,0,1896,1615,31,68,0,183,0,2948,2132,321,185,33,288,15,2202,1638,222,137,31,186,13
1100102-070,2005,242,153,1590,27,48,1,1625,213,109,1289,25,35,1,2087,358,140,1616,26,39,0,1575,286,82,1189,17,15,0,2126,411,123,1610,36,57,0,1537,322,55,1115,21,23,0,2382,546,213,1509,63,108,2,1846,401,163,1196,53,82,2
1100102-083,4812,2013,213,2390,70,204,6,4167,1857,178,1948,61,184,5,8714,5316,396,2303,6,720,0,7659,4750,380,1955,4,553,0,9944,5709,489,3016,7,728,0,8692,5126,438,2511,4,579,0,13804,7945,1163,3252,185,1366,28,12724,7490,1032,2851,147,1245,21
1100102-100,3280,20,40,3224,35,6,0,2287,15,25,2247,25,5,0,3705,18,140,3638,42,11,0,2545,20,0,2505,10,0,0,3793,77,224,3662,130,13,0,2650,75,95,2455,15,0,0,4481,60,145,4278,53,60,16,3090,55,85,2933,31,42,9
1100102-132,3036,13,52,2994,33,8,5,2283,13,36,2245,26,4,2,3706,9,5,3696,0,0,0,2778,7,5,2765,0,0,0,3655,6,7,3542,132,0,0,2668,5,7,2555,135,0,0,3119,50,67,2980,54,26,3,2353,39,40,2247,41,19,1
1100102-019,5296,1403,350,3402,54,220,8,4506,1342,278,2737,43,198,7,5445,2311,377,2367,6,405,17,4750,2118,324,2034,5,239,0,5503,2426,393,2268,5,401,11,4933,2266,342,2036,6,265,0,6041,2681,470,2445,78,412,10,5291,2479,385,2031,61,352,10
1100102-102,3373,17,62,3289,45,24,5,2646,17,39,2582,29,19,5,4040,10,39,3975,11,16,11,3110,0,10,3090,10,0,0,3969,10,68,3880,20,34,13,2910,0,45,2850,20,0,0,3971,87,323,3543,88,34,3,3034,72,213,2727,71,22,2
1100102-128,3644,1061,236,2083,53,291,12,3164,1037,213,1667,46,263,12,3996,1573,244,1964,3,268,37,3397,1444,177,1545,3,218,15,4326,1978,317,1835,21,253,30,3634,1692,224,1523,17,185,10,4624,1918,368,1926,81,417,5,4169,1840,322,1607,73,388,5
1100102-129,4506,2202,421,1180,48,697,12,4144,2145,364,984,44,645,10,5798,2959,880,1133,77,838,0,4619,2676,493,879,14,552,0,6165,3227,901,1277,93,796,0,5034,2931,550,977,14,563,0,6175,3377,842,952,122,960,17,5777,3265,688,867,107,891,14
1100102-018,5271,1822,593,2277,66,580,13,4584,1772,474,1838,55,503,8,6993,2885,749,2687,108,655,0,5715,2648,462,2169,28,431,0,7023,3215,804,2587,108,420,0,5807,2948,498,2066,25,284,0,7723,3291,625,3023,96,792,6,6795,3141,536,2409,83,694,5
1100102-142,2094,991,115,867,39,134,2,1977,964,106,798,36,121,2,2590,1348,177,824,78,183,0,2245,1228,108,715,27,172,0,3256,1796,270,886,103,249,11,2843,1655,191,767,17,180,0,5060,2622,467,1434,103,491,14,4774,2532,437,1303,94,458,8
1100102-081,6606,1613,253,4635,79,136,11,5168,1446,187,3434,66,109,8,7501,3097,243,3795,85,231,0,5570,2385,175,2840,85,114,0,7836,2932,410,4288,68,202,0,5715,2335,220,3005,65,114,0,7251,2891,405,3650,136,279,12,5681,2379,317,2735,101,215,9
1100102-055,3603,224,725,2670,52,61,18,2900,193,512,2196,43,51,17,3334,681,535,2048,92,76,0,2486,516,157,1730,90,43,0,3497,843,584,2002,103,82,0,2651,637,261,1680,95,48,0,3695,815,830,1993,92,125,10,2943,648,592,1650,77,94,9
1100102-090,3002,2265,165,465,19,101,7,2772,2126,147,405,18,84,7,2926,2092,324,354,37,135,0,2439,1882,241,193,15,81,0,2648,2164,253,162,26,79,5,2233,1841,205,131,4,35,0,2935,2061,269,398,43,179,17,2531,1840,205,307,36,139,16
1100102-008,5629,4673,308,293,28,365,7,4291,3566,230,212,21,281,7,6417,4403,919,703,13,483,7,3979,3119,270,384,0,204,0,6258,4483,733,682,6,393,0,4176,3319,328,367,0,158,0,6178,4662,434,358,64,598,13,4780,3616,322,279,53,471,11
1100102-085,4329,3304,181,640,46,196,3,3832,2970,142,562,41,141,3,5216,4034,325,581,40,272,7,4187,3244,245,504,19,162,0,5334,4113,423,485,45,315,7,4209,3327,248,422,14,181,0,4909,3655,333,554,55,343,18,4084,3095,243,479,42,249,14
1100102-082,3450,1447,170,1743,40,97,12,2993,1314,126,1458,35,89,11,3516,2034,214,1134,9,180,0,3090,1874,132,947,4,117,0,3714,2186,221,1117,11,219,0,3193,1977,136,922,4,152,0,4060,2116,275,1385,54,298,8,3449,1824,211,1183,42,234,8
1100102-071,3049,179,249,2621,50,24,2,2430,160,169,2096,41,17,2,3894,395,417,3226,41,171,80,3019,317,215,2438,40,48,0,4174,549,602,3135,166,290,88,3213,376,413,2368,55,57,0,4250,492,348,3372,82,96,7,3022,373,252,2368,63,66,5
1100102-139,2766,102,79,2533,39,87,1,2456,97,59,2254,37,71,1,3680,220,327,3177,45,13,31,2860,150,140,2530,0,15,30,3798,319,311,3080,0,47,74,2905,190,110,2485,0,50,75,4676,256,277,4039,73,173,12,3764,212,199,3257,58,131,6
1100102-069,2703,175,143,2364,52,43,1,2231,154,99,1949,42,35,1,3247,419,109,2582,43,100,0,2466,298,56,2034,40,31,0,3386,532,81,2659,41,94,0,2601,390,41,2085,41,36,0,2913,594,208,2031,63,102,4,2355,444,151,1690,44,71,1
1100102-086,3031,1602,114,1201,20,105,6,2614,1400,91,1033,16,81,3,3380,2125,294,876,13,84,0,2750,1695,140,850,15,39,0,3397,2333,270,720,0,84,0,2675,1830,140,650,0,45,0,3366,2175,193,763,48,192,7,2690,1725,130,651,43,140,7
1100102-080,4799,652,284,3844,58,77,7,4100,589,237,3245,46,62,5,4079,605,219,3202,34,47,0,3532,484,123,2872,28,29,0,4229,634,276,3217,52,86,0,3647,535,155,2872,39,42,0,4251,809,287,3074,33,111,13,3890,707,261,2863,25,90,11
1100102-032,4612,3639,295,317,27,354,7,3847,3054,235,269,19,282,7,4916,3760,428,340,27,359,17,3694,2961,202,322,25,173,15,4616,3634,328,233,44,362,15,3458,2821,170,232,45,183,15,5120,3573,448,493,67,539,12,4155,2956,333,416,56,405,12
1100102-012,1256,1027,104,40,1,85,1,1040,837,86,37,1,81,1,1234,895,195,56,2,100,1,894,693,119,43,0,45,0,1214,881,186,36,2,111,0,914,692,121,30,0,64,0,1520,1124,159,100,22,133,2,1266,935,134,81,22,110,2
1100102-093,2347,22,75,2274,34,3,8,1797,22,51,1740,24,3,2,2450,40,4,2373,33,0,0,1967,40,8,1892,35,0,0,2483,74,1,2352,55,0,0,2007,75,4,1887,40,0,0,3457,104,194,3158,82,20,5,2888,85,143,2653,49,11,5
1100102-002,6288,4850,263,409,33,841,29,6260,4837,260,372,9,813,5,6365,4140,556,750,21,962,20,5499,3934,445,595,14,500,10,6469,4116,690,716,91,937,7,5529,3889,565,579,49,440,4,6908,4090,715,808,65,1271,31,6804,4045,701,778,60,1248,27
1100102-048,4112,962,707,2374,51,98,36,3369,822,509,1984,43,69,28,5183,1454,1214,2442,11,230,15,3333,1133,272,1770,10,109,15,5030,1383,1295,2266,11,281,13,3219,1081,289,1679,10,130,15,4501,1523,791,1948,112,253,4,3625,1221,591,1649,79,177,4
1100102-138,4265,3072,307,444,24,435,1,3715,2731,264,365,23,349,1,4487,3037,307,637,1,516,1,3197,2478,170,441,0,115,1,4670,3065,394,795,2,434,3,3438,2517,252,558,4,91,1,4499,2728,413,778,69,561,9,3725,2357,319,599,63,416,7
1100102-130,2089,1656,94,200,18,122,7,1927,1537,85,187,15,106,4,2214,1630,244,301,14,87,0,1775,1357,135,252,0,26,0,2278,1498,370,377,21,95,0,1720,1190,166,328,0,27,0,2067,1550,115,240,19,142,7,1813,1362,98,222,15,112,7
1100102-107,2997,15,41,2957,33,3,2,1992,11,30,1959,22,3,2,4008,0,0,3965,18,25,0,2560,0,0,2520,20,25,0,3646,0,0,3574,28,44,0,2510,0,0,2440,30,45,0,3038,28,83,2915,67,12,7,2131,22,58,2045,48,7,4
1100102-062,4312,1146,245,2862,68,113,4,3594,972,181,2389,53,77,4,5038,1431,482,3150,35,159,4,3605,1069,260,2174,20,60,0,5303,1376,436,3400,34,178,6,3735,1004,159,2445,20,58,0,4615,1292,345,2828,86,182,7,3603,928,230,2336,71,110,4
1100102-051,5789,4648,285,601,36,242,12,4270,3448,194,467,25,148,9,6049,4830,538,521,2,261,0,3889,3208,172,374,2,98,0,6018,4635,494,687,2,289,0,3858,3158,160,407,2,130,0,6084,4563,493,626,74,336,7,4462,3434,302,480,43,191,7
1100102-103,5426,28,186,5242,57,23,4,3877,25,137,3735,37,11,2,6132,15,379,5787,1,3,0,3978,15,30,3930,1,3,0,6557,14,530,6187,4,2,0,4352,11,54,4281,1,1,0,4969,80,271,4617,100,27,9,3798,72,180,3533,76,19,8
1100102-046,4008,449,638,2911,40,68,11,3230,404,445,2356,31,57,9,4596,1119,911,2477,81,156,19,3295,868,291,1980,38,104,0,4436,1049,901,2305,69,197,0,3128,798,309,1841,18,139,0,4404,1247,855,2050,137,244,8,3513,1045,618,1671,102,167,8
1100102-041,6490,1551,2565,2134,130,330,16,5462,1486,2001,1754,93,285,13,7266,2338,2667,2034,68,415,0,4087,2146,500,1162,5,273,0,6703,2423,1972,2056,88,394,0,4276,2197,570,1225,5,268,0,7243,2143,2459,2174,222,513,14,6128,2008,1942,1745,191,464,14
1100102-084,3318,2508,130,539,22,132,4,2963,2271,104,473,20,107,4,3687,2830,152,491,18,203,0,2998,2306,114,437,19,143,0,3993,2984,316,501,19,202,0,3135,2367,177,448,16,137,0,3616,2599,250,425,66,292,6,3003,2194,205,365,48,204,6
1100102-135,3882,936,166,2687,51,122,14,3403,883,140,2288,38,111,14,5408,2025,348,2822,67,259,0,4322,1739,187,2202,41,166,0,5267,2161,389,2494,90,260,0,4304,1866,200,2041,45,161,0,4624,2112,324,1845,67,325,15,4026,1895,270,1567,59,264,13
1100102-006,11576,9000,778,562,57,1235,25,10939,8482,725,542,54,1186,24,10491,7125,943,936,64,1460,51,8600,6122,681,706,48,974,15,10924,7396,1090,855,66,1501,50,9121,6520,773,702,34,1033,15,10853,7405,1023,795,101,1511,19,10004,6818,929,743,75,1412,18
1100102-025,6542,5087,595,425,56,447,18,6140,4823,516,389,47,410,15,7932,6222,827,475,40,357,34,6580,5565,310,395,20,224,35,7930,6119,787,473,55,508,32,6390,5300,274,375,25,355,30,7232,5336,744,463,92,601,21,6691,5013,646,414,80,534,19
1100102-108,1363,44,23,1288,24,6,1,1151,39,15,1088,17,4,0,1702,64,57,1509,4,116,0,1350,55,8,1242,4,23,0,1569,102,46,1330,4,105,0,1259,90,22,1118,4,30,0,1380,89,52,1229,18,15,2,1162,77,40,1040,16,12,1
1100102-064,2860,192,280,2391,40,46,5,2377,176,192,2006,31,29,1,3515,631,238,2562,36,89,9,2740,510,136,2026,29,40,0,3625,784,360,2447,34,63,11,2817,583,177,2008,28,25,0,3528,494,410,2524,93,128,12,2812,405,269,2051,80,92,7
1100102-087,4067,740,263,3039,53,90,7,3637,665,234,2708,43,71,5,4512,2186,263,1843,68,196,0,3823,1787,196,1661,31,146,0,4628,2304,295,1719,82,277,0,3922,1892,224,1575,44,190,0,3965,2182,208,1282,60,241,1,3254,1790,166,1091,43,164,1
1100102-091,5617,2386,274,2746,81,212,6,4590,2106,211,2090,67,174,5,6649,3287,308,2895,46,242,7,4786,2547,180,1897,10,157,0,6841,3655,370,2620,49,285,7,4948,2837,191,1702,0,205,0,6675,3466,393,2384,95,388,15,5425,2938,287,1850,79,308,11
1100102-119,4344,87,66,4205,30,22,6,3030,84,46,2906,19,15,6,4050,105,104,3815,0,27,0,2712,68,13,2605,0,19,0,3898,132,97,3632,2,59,0,2736,105,23,2579,0,37,0,4047,149,117,3787,54,36,6,3130,135,88,2903,38,27,6
1100102-121,5256,28,64,5177,34,13,8,3665,27,35,3599,30,11,3,6260,61,119,6096,15,38,0,3957,62,35,3856,5,0,0,6098,82,146,5881,26,31,0,3875,82,52,3731,6,0,0,5856,39,103,5700,73,25,4,4364,38,83,4230,65,18,2
1100102-017,10041,5016,2250,1859,129,944,31,9380,4950,1851,1711,113,880,26,9892,4843,2162,1829,68,1113,40,7272,4195,804,1540,32,657,15,9352,4632,1494,2267,63,1022,38,7247,4161,709,1678,28,633,21,10361,5299,1875,1833,256,1251,22,9810,5186,1610,1715,227,1194,12
1100102-015,5487,4188,469,231,44,595,11,5341,4098,450,218,41,568,11,5423,4070,490,165,39,706,5,4382,3539,303,134,18,381,5,5597,4238,532,170,23,682,7,4460,3663,253,140,0,406,8,5932,4210,586,367,66,727,5,5604,4017,533,344,56,673,5
1100102-034,6731,5119,474,408,43,711,11,6494,4961,453,390,39,667,11,7496,5431,858,620,33,712,0,6235,4780,599,470,35,356,0,7038,4974,940,731,29,602,0,6000,4424,676,596,30,283,0,7646,5248,721,772,104,859,11,7171,4993,664,702,93,770,7
1100102-009,5698,4553,373,238,39,517,13,5050,4010,330,217,34,480,11,5777,4002,800,430,43,541,0,4557,3362,555,315,30,290,0,5698,4091,651,458,35,524,0,4557,3402,500,335,20,285,0,5809,3692,684,559,16,865,15,5216,3247,624,535,12,799,13
1100102-047,5748,990,2323,2416,90,155,174,4675,893,1725,2027,75,125,132,5842,1509,1947,2247,33,328,0,3868,1310,482,1814,26,211,0,6313,1664,2301,2135,33,332,0,4149,1432,704,1761,24,207,0,6229,1895,2085,1913,155,393,17,5098,1681,1521,1608,117,320,8
1100102-020,2640,191,118,2349,46,49,8,2445,179,100,2183,41,42,7,3057,794,169,1939,15,179,5,2564,738,118,1589,8,106,2,3164,919,119,1938,16,179,2,2646,823,100,1595,18,115,2,3257,1227,284,1412,15,371,10,3062,1199,273,1260,11,368,10
1100102-056,5569,329,1757,3530,65,114,8,4359,301,1204,2868,51,90,8,5131,725,925,3219,97,301,34,3460,641,232,2374,76,159,0,5881,975,1177,3599,125,194,46,3602,878,336,2282,86,30,0,5963,1023,1817,2984,186,214,8,4564,840,1219,2379,133,165,7
1100102-052,2174,1682,119,291,13,86,1,1659,1287,87,223,9,58,1,2434,1734,373,222,0,191,0,1665,1311,125,113,0,91,0,2663,1749,462,330,0,198,0,1734,1277,148,183,0,101,0,2270,1682,144,235,17,174,2,1737,1320,94,182,15,116,2
1100102-060,5089,207,1506,3314,63,105,13,3944,173,1026,2709,49,79,10,6687,245,2390,4166,39,77,19,2906,212,464,2172,0,18,0,6302,295,2044,4092,37,81,17,3097,243,447,2374,30,28,0,6297,350,2417,3535,106,94,9,4649,269,1631,2741,78,86,9
1100102-033,5175,3939,410,343,42,471,8,4471,3401,357,296,36,411,7,5441,4018,524,466,16,551,0,3661,2879,368,288,15,132,0,5569,3865,590,524,0,727,0,3757,2684,420,337,0,322,0,5551,3856,538,559,60,551,9,4503,3173,416,456,56,422,7
1100102-067,3747,369,122,3213,51,66,5,3150,335,85,2689,42,49,3,4268,738,134,3305,14,111,0,3531,600,114,2739,0,79,0,3972,743,117,2978,12,133,0,3258,581,69,2510,0,93,0,3919,727,247,2818,50,142,8,3217,590,167,2355,35,108,5
1100102-013,2599,2019,236,136,22,198,4,2380,1871,212,113,18,175,4,2449,1860,207,103,8,269,25,1853,1565,90,65,0,138,0,2487,1790,227,142,5,330,32,1937,1532,124,92,0,194,0,2708,1982,226,143,29,303,4,2487,1861,194,125,20,268,4
1100102-059,3419,335,517,2578,77,54,4,2735,284,354,2088,55,42,4,3750,659,911,2157,34,147,0,2675,506,443,1655,1,59,0,3696,735,837,2082,43,169,0,2670,539,466,1585,4,72,0,3568,757,716,1907,125,181,15,2792,574,489,1605,98,120,14
1100102-104,4477,32,205,4269,47,19,5,3241,29,126,3089,37,14,4,5350,68,396,4955,11,5,12,3530,43,75,3391,7,7,10,5466,116,335,5090,17,4,28,3582,88,66,3400,7,3,10,5489,142,384,4976,81,45,8,4103,119,260,3733,65,25,7
1100102-116,6400,24,58,6338,40,27,0,4270,21,35,4216,29,21,0,7182,84,184,6767,100,104,0,4905,90,0,4750,60,65,0,7254,46,287,6865,101,44,0,4870,55,10,4755,60,45,0,6448,62,133,6268,106,36,12,4277,50,76,4152,77,28,10
1100102-075,4055,545,218,3269,39,90,6,3340,506,169,2643,33,69,4,5624,1920,495,2944,40,268,0,4683,1694,237,2547,35,157,0,6020,2211,472,3060,25,290,0,5075,2020,243,2637,25,147,0,6463,2256,556,3142,106,496,16,5648,2119,445,2648,90,409,15
1100102-110,4793,123,79,4589,57,29,4,3869,111,60,3691,45,21,4,5566,69,219,5394,15,64,0,4072,65,220,3779,12,6,0,5414,98,132,5240,34,45,0,3887,90,133,3653,30,9,0,4669,175,117,4365,72,33,6,3816,145,87,3564,54,23,2
1100102-011,7551,6025,614,357,51,550,10,6936,5586,541,319,43,485,7,7719,5687,655,571,58,696,12,5946,4761,345,413,20,391,0,7502,5335,701,665,57,723,0,5766,4439,348,497,15,462,0,7794,5275,836,654,122,930,12,6749,4634,689,545,104,805,9
1100102-092,2445,16,36,2383,10,7,7,1598,16,27,1549,9,4,6,2508,69,15,2418,0,6,0,1888,60,15,1808,0,4,0,2349,62,27,2257,13,4,0,1828,50,25,1748,0,4,0,2086,56,72,1950,36,9,2,1553,50,58,1437,34,8,2
1100102-077,4165,268,172,3721,65,50,10,3335,240,129,2952,49,42,7,4509,1145,137,3118,32,111,10,3663,955,93,2525,15,70,0,4460,1136,127,3116,10,124,12,3583,935,88,2423,10,109,0,4410,1264,379,2571,96,208,13,3788,1137,286,2188,76,181,7
1100102-079,3203,27,60,3124,38,21,3,2487,26,46,2418,26,13,2,4065,238,478,3413,0,52,0,2780,220,175,2355,0,14,0,4237,281,417,3696,0,27,0,2845,270,110,2440,0,20,0,3451,306,312,2794,51,74,7,2750,284,204,2217,50,59,5
1100102-054,3557,553,739,2221,45,84,64,2789,467,508,1786,38,62,48,4020,697,809,2355,13,122,0,2738,589,279,1803,15,36,0,4442,802,1235,2366,11,226,0,2930,681,492,1668,10,38,0,3766,965,962,1738,83,132,7,2961,753,659,1469,59,95,7
1100102-049,1437,264,389,778,14,37,8,1164,250,281,623,9,32,5,1947,616,484,916,40,28,0,1527,573,211,682,33,23,0,2065,744,445,831,40,94,0,1665,686,235,664,30,34,0,1611,618,317,559,34,125,14,1372,554,249,475,21,106,5
1100102-043,2388,452,539,1383,20,48,1,1988,419,393,1154,16,45,1,2490,777,788,774,13,159,0,1734,686,302,652,12,94,0,3015,809,1130,1083,15,173,0,2024,711,449,754,13,99,0,2761,957,561,1062,86,184,4,2319,851,429,877,62,160,3
1100102-098,2467,10,47,2419,24,8,4,1940,9,31,1902,19,6,4,2913,42,212,2674,6,18,0,2176,40,75,2046,1,13,0,3362,65,242,3071,2,19,0,2440,67,75,2285,1,13,0,2908,70,142,2685,57,25,7,2271,62,100,2092,43,21,5
1100102-028,4857,3769,419,299,32,360,18,4463,3507,365,263,28,320,11,5818,4293,332,629,118,543,0,4664,3542,262,489,55,256,0,5889,4023,379,656,86,821,0,4509,3246,281,510,50,404,0,5672,3766,674,589,68,593,33,5095,3467,592,502,57,486,24
1100102-050,3840,2736,334,411,28,356,2,3164,2216,267,370,26,301,2,4467,2811,606,466,23,559,15,2999,2163,303,302,8,199,14,4234,2744,625,426,16,418,23,2835,2099,299,270,8,139,14,4370,2918,344,596,32,456,0,3528,2329,277,508,23,360,0
1100102-101,1962,22,55,1892,17,6,8,1592,21,39,1536,15,5,8,2343,66,86,2195,29,5,0,1855,55,39,1744,14,0,0,2377,78,101,2249,24,4,0,1860,60,40,1754,8,0,0,1996,131,143,1715,51,16,9,1640,119,101,1429,35,10,7
1100102-036,8306,2226,2058,3765,105,384,19,7006,2149,1563,3019,80,347,17,8380,2718,1657,3313,3,748,25,6026,2598,607,2192,0,614,0,8505,2695,1928,3212,10,733,19,5848,2525,682,2057,0,565,0,8233,2875,1900,2883,151,605,26,7032,2730,1529,2212,131,555,23
1100102-031,4475,3601,291,220,33,348,6,3547,2904,227,173,24,232,5,5142,3889,487,359,76,388,0,3550,2895,225,270,25,165,0,4471,3574,246,284,63,345,0,3195,2695,135,240,20,125,0,4784,3614,370,280,36,462,5,3691,2858,253,201,29,322,4
1100102-113,3241,196,61,2977,39,13,1,2643,177,46,2414,28,12,1,3192,356,230,2564,55,36,0,2853,348,228,2195,29,38,0,3209,270,52,2795,51,70,0,2818,255,51,2408,39,54,0,3348,237,103,2977,54,38,6,2793,187,74,2502,42,30,2
1100102-037,5971,943,679,4231,99,239,10,5395,902,531,3844,88,220,8,7698,1794,694,4866,72,362,14,6425,1651,305,4144,58,266,2,7698,2082,766,4495,59,341,4,6394,1963,308,3809,48,268,2,7363,2928,1019,2741,144,722,24,6748,2811,856,2435,106,694,23
1100102-016,5895,3712,450,1284,49,444,10,5453,3602,395,1039,49,407,7,6441,4445,657,865,131,496,147,5417,3996,301,718,83,306,1,6301,4055,772,962,145,500,165,5375,3679,412,843,97,333,1,6252,4223,623,674,77,664,16,5850,4081,529,561,66,608,13
1100102-007,2869,2211,231,130,12,294,5,2438,1898,187,106,12,239,5,3567,2310,580,432,16,381,16,2505,1755,325,180,0,240,0,3420,2304,468,395,11,347,11,2320,1660,260,200,0,200,0,3327,2178,330,299,35,479,13,2669,1790,237,229,31,369,10
1100102-023,4579,1660,1178,1619,61,237,22,3902,1620,876,1270,50,211,16,5586,2108,1760,1596,17,489,0,3882,1955,548,1129,15,203,0,5127,2326,1181,1469,33,462,0,3923,2035,580,1048,20,194,0,5420,2403,1097,1582,169,412,15,4748,2304,858,1268,129,372,13
1100102-026,4890,3882,393,186,43,443,4,4404,3543,328,159,31,381,4,5789,4406,924,236,26,306,17,4691,3857,517,141,4,167,10,5736,4234,881,224,39,456,9,4610,3708,462,147,4,271,10,5559,3990,617,336,72,540,6,4978,3640,497,304,59,464,6
1100102-021,1797,658,157,919,19,61,1,1487,619,124,686,17,55,1,2218,853,280,970,28,101,0,1739,772,105,768,22,85,0,2299,965,263,973,10,79,0,1812,861,108,772,5,72,0,1994,656,338,889,36,105,6,1633,593,239,699,32,91,6
1100102-134,3511,31,39,3443,20,21,3,2488,29,26,2427,15,15,1,4418,65,57,4284,16,17,0,2814,65,8,2737,10,3,0,5074,58,69,4921,19,24,0,3380,61,7,3297,4,5,0,3632,64,75,3496,52,17,0,2724,63,49,2618,44,8,0
1100102-005,4890,4202,296,122,21,248,4,4305,3711,257,104,20,214,4,5160,3928,754,50,0,428,0,3470,2865,375,50,0,190,0,4897,3745,684,33,0,388,0,3660,3040,400,35,0,184,0,4823,3765,456,158,57,373,15,4217,3342,371,127,33,311,10
1100102-125,7417,25,70,7333,53,43,5,5045,22,47,4970,39,25,4,8260,64,145,8056,0,114,8,5679,54,54,5489,0,0,0,8026,68,157,7773,14,114,10,5386,54,64,5181,14,10,0,7562,54,155,7374,110,25,8,5230,50,107,5081,87,17,7
1100102-097,2295,15,48,2230,31,18,2,1524,14,31,1473,16,11,2,2420,13,28,2399,2,47,7,1774,14,30,1689,0,1,0,2591,23,35,2563,0,50,8,1850,23,35,1750,0,1,0,2341,43,79,2218,34,17,2,1757,39,52,1665,24,14,2
1100102-076,2550,637,226,1633,35,84,11,2094,618,182,1232,34,78,11,3465,704,364,2294,26,102,31,2573,645,199,1651,17,47,10,3966,788,510,2548,52,99,38,3006,757,299,1858,28,60,10,4578,1312,536,2459,99,272,27,4035,1287,471,2015,84,252,26
1100102-140,2489,38,39,2420,14,19,2,1929,38,31,1863,12,16,2,2865,246,141,2535,33,5,0,2239,212,67,1928,34,6,0,2996,255,67,2670,29,7,0,2365,209,43,2090,29,6,0,2613,124,68,2404,36,36,3,2023,106,53,1852,31,22,1
1100102-136,1735,1371,118,99,16,144,1,1631,1314,104,87,14,124,1,1213,946,173,68,0,26,0,995,840,70,70,0,15,0,1166,746,178,177,0,65,0,985,690,60,175,0,55,0,1660,1127,195,159,30,172,0,1479,1029,151,148,21,143,0
1100102-099,2029,15,82,1925,28,15,4,1556,15,59,1473,24,10,4,2788,88,122,2531,27,13,0,2075,70,120,1845,25,0,0,2673,94,55,2503,9,13,0,2040,70,55,1900,10,0,0,2890,77,169,2637,40,24,7,2226,73,121,2025,28,20,7
1100102-022,5310,3133,563,1236,59,380,8,4969,3050,488,1081,52,354,8,6241,3705,648,1322,43,550,0,5180,3281,351,1110,44,380,0,6312,3874,619,1192,44,614,10,5039,3208,315,1009,44,449,0,7146,4399,707,1247,94,755,20,6703,4223,631,1103,80,700,18
1100102-068,4798,2410,284,1938,71,205,10,4393,2339,256,1633,52,187,7,5753,2229,763,2499,322,322,16,4633,2012,428,1966,12,227,3,5933,2451,828,2326,375,384,11,4659,2090,482,1837,15,231,3,4774,1699,924,1864,71,287,29,4277,1505,854,1668,66,241,25
1100102-027,3950,3249,289,165,32,239,10,3303,2754,237,121,24,186,9,4316,3034,668,415,49,335,0,3384,2516,325,281,0,267,0,4375,3060,635,372,62,375,0,3447,2536,352,269,0,282,0,4263,3201,348,288,53,346,2,3524,2705,266,221,48,262,0
1100102-106,4024,49,72,3910,34,3,1,3019,45,46,2927,28,2,0,4801,60,80,4733,24,0,0,3470,30,73,3360,23,0,0,4739,68,72,4664,20,0,0,3444,32,64,3347,20,0,0,4167,66,160,3949,79,26,1,3206,60,114,3033,58,24,0
1100102-063,4991,1256,642,2950,101,184,12,4175,1112,459,2483,78,147,10,6392,1659,1608,3067,73,200,18,4553,1371,757,2283,22,88,0,6572,2051,1335,3155,44,142,11,4767,1585,713,2354,9,65,0,6290,1744,1206,3091,125,271,27,5039,1461,846,2556,102,208,20
1100102-053,2340,441,629,1241,36,77,6,1897,384,470,1032,29,53,6,3502,460,1205,1613,66,140,0,1990,390,325,1160,4,79,0,3490,397,1254,1498,0,127,0,1860,330,280,1179,0,64,0,2926,587,1106,1174,96,112,2,2250,471,771,965,65,84,2
1100102-114,4827,61,43,4719,45,20,4,3255,58,28,3160,32,14,3,5297,140,45,5130,0,0,0,3518,128,39,3350,0,0,0,5543,244,117,5235,19,0,0,3792,226,115,3432,20,0,0,5198,189,161,4817,73,84,14,3717,173,108,3404,43,51,11
1100102-024,4291,2652,664,631,54,357,6,3969,2540,556,559,48,324,6,5029,2839,1098,581,42,423,27,3638,2475,320,430,40,354,25,4748,2893,716,580,27,519,0,3548,2463,232,377,23,450,0,5131,3145,830,706,69,475,8,4733,2998,702,621,63,422,5
1100102-044,6079,1292,847,3866,97,127,26,5231,1268,607,3265,78,117,21,6514,1364,1687,3489,186,215,23,4266,1276,307,2533,15,102,1,6487,1433,1708,3414,43,221,21,4231,1295,379,2414,17,98,1,6967,995,2069,3812,201,200,9,5328,938,1286,3017,130,144,8
1100102-042,2888,870,950,962,37,119,11,2439,830,720,789,29,96,11,3150,1151,841,1023,60,175,0,2110,1023,208,751,15,100,0,3185,1423,749,883,74,230,0,2287,1258,241,636,5,140,0,3270,1407,961,710,79,182,9,2825,1309,725,615,63,162,7
1100102-035,5593,3373,877,1034,78,326,9,5170,3249,724,917,66,290,8,5557,3566,625,999,0,421,62,4611,3179,479,729,0,229,0,5884,3499,730,1156,0,585,62,4727,3049,549,839,0,284,0,6094,3557,935,1017,131,586,11,5575,3383,803,864,103,504,9
1100102-112,3031,33,38,2951,44,22,2,2461,33,27,2386,36,16,1,3423,191,215,2939,25,99,0,2687,160,32,2459,0,32,0,3743,178,259,3261,24,57,0,2875,154,28,2652,19,30,0,3111,69,77,2944,58,45,1,2449,68,47,2303,40,30,1
1100102-133,1785,82,22,1677,23,14,0,1418,76,17,1318,20,9,0,1997,129,99,1813,1,4,0,1566,116,86,1362,1,4,0,2073,96,74,1942,1,4,0,1588,79,65,1431,1,4,0,1855,110,88,1650,35,26,2,1500,100,64,1331,32,16,0
1100102-045,3055,501,541,1984,49,67,15,2489,461,403,1601,39,52,14,3611,1276,479,1786,35,127,0,2863,1161,211,1384,2,103,0,3639,1255,520,1754,27,156,0,2830,1120,228,1360,2,119,0,3449,1275,583,1406,76,189,2,2895,1074,450,1224,69,141,1
1100102-141,3831,2695,405,457,32,273,3,3662,2633,349,417,30,260,2,4762,3511,379,619,19,183,17,3918,3084,170,466,21,156,0,4845,3691,411,461,18,233,0,4081,3247,217,375,18,221,0,4515,3280,405,380,56,404,12,4305,3145,382,349,52,374,8
1100102-094,2870,35,81,2761,28,10,0,2084,33,61,1994,25,4,0,2978,0,83,2971,30,29,0,2195,0,59,2130,29,0,0,3059,0,67,3050,30,9,0,2340,0,55,2280,29,0,0,3105,66,179,2852,74,42,8,2351,55,130,2159,57,34,6
1100102-109,1148,52,20,1070,9,4,3,960,49,19,887,9,4,3,1313,49,38,1102,10,140,0,1098,46,13,1010,9,29,0,1434,127,39,1105,7,178,0,1230,115,19,1047,9,45,0,1249,105,42,1076,27,32,5,1034,85,30,894,24,29,5
1100102-105,3570,30,62,3497,44,7,1,2514,27,38,2462,32,4,1,4047,93,10,3916,0,0,0,2968,74,11,2887,0,0,0,4095,76,28,3965,0,0,12,2871,58,16,2780,0,0,0,3637,60,118,3468,41,27,4,2690,50,74,2563,30,19,4
1100102-137,1253,566,161,477,17,56,2,1101,542,124,387,14,53,2,1677,838,143,576,11,89,0,1403,838,86,410,10,67,0,1653,998,86,450,10,98,0,1446,942,53,365,10,86,0,1929,1054,202,483,23,164,3,1722,974,183,395,18,146,3
1100102-122,2725,14,58,2652,18,8,2,1934,11,40,1880,11,6,1,3265,28,205,3027,93,16,0,2326,14,95,2198,18,4,0,3070,53,266,2752,116,26,0,2165,34,95,2005,18,15,0,2768,37,136,2582,32,30,5,2041,32,88,1905,22,26,2
1100102-096,3333,23,75,3248,35,4,0,2310,19,49,2248,25,2,0,3620,0,73,3528,55,44,0,2512,0,23,2453,27,8,0,3820,9,51,3763,64,4,0,2710,8,12,2661,27,0,0,3399,59,140,3192,49,29,5,2581,49,91,2434,32,19,5
1100102-057,4101,229,715,3187,74,45,3,3202,211,479,2528,49,34,3,5072,487,1454,3078,163,62,22,3205,434,489,2166,62,50,0,5128,551,1668,2850,197,66,31,3216,507,501,2100,63,50,0,4495,651,1122,2630,101,138,1,3498,551,769,2093,75,120,1
1100102-120,3053,33,36,2995,23,12,2,2013,31,23,1962,15,8,2,3455,128,80,3246,5,0,0,2403,113,0,2288,3,0,0,3720,52,101,3577,17,0,0,2540,53,8,2474,8,0,0,3786,82,79,3607,41,36,1,2639,74,48,2492,35,29,1
1100102-058,3414,119,575,2716,54,61,12,2699,110,400,2177,36,47,9,3822,330,435,3078,8,24,0,2797,269,119,2390,6,5,0,3482,388,585,2726,3,29,0,2761,329,335,2087,3,11,0,3690,550,832,2227,110,124,9,2937,449,598,1843,83,90,8
1100102-039,6814,3115,1656,1780,116,317,25,5795,2835,1345,1372,94,286,20,8056,3995,1779,1908,87,456,3,5904,3426,882,1195,41,379,0,7958,3746,1512,2173,83,450,2,5812,3114,745,1578,41,344,0,7774,3410,2023,1809,132,540,24,6425,2994,1566,1430,115,435,16
1100102-088,3245,2525,119,455,29,132,6,2822,2217,97,388,26,106,5,3828,2845,214,527,25,197,30,3150,2397,157,389,20,158,0,3777,2833,232,467,22,204,26,3062,2326,160,366,15,173,0,3380,2570,182,340,31,205,7,2839,2180,149,290,27,152,5
1100102-115,4484,33,55,4418,42,13,1,3092,31,38,3034,32,11,1,4857,84,19,4521,87,0,0,3444,85,10,3274,75,0,0,4569,109,9,4285,72,0,0,3170,110,10,2979,70,0,0,4474,28,48,4388,58,12,3,2991,28,30,2928,34,9,3
1100102-095,2452,15,51,2377,24,22,0,1827,14,31,1775,19,12,0,2616,15,57,2532,55,63,0,2063,19,22,1971,7,2,0,2637,14,62,2559,42,32,0,2070,16,27,2004,13,0,0,2507,41,157,2296,30,29,0,1874,35,131,1694,25,17,0
1100102-029,2670,1995,207,241,15,213,4,2416,1825,176,216,13,186,4,2875,2162,221,256,0,257,0,2359,1868,122,176,0,198,0,2849,2098,199,245,0,326,0,2332,1829,97,178,0,225,0,2806,1972,253,266,44,264,1,2409,1734,195,220,32,217,0
1100102-010,5617,4302,518,310,27,492,6,5004,3856,449,270,26,428,5,5418,3683,820,400,98,489,0,3779,2944,315,286,20,215,0,4833,3179,736,391,11,510,0,3467,2664,292,297,0,214,0,5795,3952,608,477,33,702,2,5018,3455,509,418,22,577,1
1100102-118,4433,20,85,4371,31,11,3,2790,17,43,2744,23,6,1,5154,18,292,4847,51,0,11,3055,17,52,2955,10,0,10,5594,29,318,5181,40,5,0,3294,24,57,3212,40,3,0,5122,59,183,4880,67,33,12,3288,47,116,3128,42,21,6
1100102-117,3310,31,64,3223,38,17,2,2100,24,36,2039,19,15,2,3947,77,180,3607,24,9,0,2445,35,75,2325,10,10,0,4061,85,394,3706,28,8,0,2680,65,115,2495,10,10,0,3637,30,114,3472,33,35,3,2449,25,90,2324,29,21,3
