GEOID20,Tot_2018_sen,D_2018_sen,R_2018_sen,Tot_2018_gov,D_2018_gov,R_2018_gov,Tot_2020_pres,D_2020_pres,R_2020_pres,Tot_2016_pres,D_2016_pres,R_2016_pres,Tot_2016_sen,D_2016_sen,R_2016_sen
150030048021,566,422,144,580,394,168,789,533,241,657,426,191,647,495,130
150030047011,472,350,122,479,325,139,650,441,199,542,350,159,527,410,105
150030047012,376,279,97,385,262,110,522,355,156,431,282,122,420,326,82
150030048013,220,167,53,222,150,68,355,220,134,268,178,72,258,205,46
150030048011,225,169,56,225,152,69,351,220,128,269,177,74,263,203,48
150030089402,282,185,97,282,175,101,420,263,150,302,175,109,297,213,76
150030089441,291,191,100,295,182,105,433,272,155,314,181,112,308,221,79
150030089431,599,394,205,604,374,216,893,561,319,646,373,231,633,455,162
150030089401,481,302,179,482,273,195,758,441,303,539,299,205,529,357,147
150030089292,480,315,165,486,299,174,713,447,253,515,298,185,506,362,129
150030089442,464,305,159,468,289,168,688,432,246,495,288,176,488,351,124
150030089421,474,295,179,477,277,185,690,395,277,536,293,202,522,359,144
150030089291,235,154,81,238,147,85,349,220,124,253,147,90,247,177,64
150030089282,641,421,220,645,399,231,955,600,340,691,399,247,675,485,173
150030089443,301,198,103,305,188,109,449,282,160,325,188,116,319,229,81
150030075074,560,407,153,565,394,155,759,512,236,604,393,168,595,464,115
150030075071,449,331,118,454,327,119,616,424,185,484,324,133,467,376,82
150030075072,291,211,80,297,206,82,395,267,123,313,205,88,309,242,60
150030075073,578,419,159,586,410,162,786,530,244,625,408,175,612,479,119
150030077022,580,408,172,585,391,177,799,529,258,634,403,197,618,472,131
150030067043,388,288,100,392,282,101,514,356,152,421,275,122,407,319,76
150030064023,385,280,105,386,240,135,611,346,252,468,294,139,457,348,89
150030065001,741,539,202,750,467,262,1175,664,484,894,564,267,880,672,170
150030064022,309,226,83,314,194,110,487,277,202,371,236,112,368,281,71
150030064021,253,183,70,257,160,91,399,227,166,307,193,91,303,231,58
150030065002,213,155,58,216,134,75,337,190,139,255,162,76,253,193,49
150030063011,248,183,65,251,158,85,402,228,166,301,195,86,299,229,56
150030064024,349,262,87,349,232,111,567,343,216,424,277,116,409,320,73
150030018011,202,134,68,200,122,68,337,220,113,248,151,79,240,157,66
150030020031,221,148,73,217,135,73,367,237,122,272,164,88,255,170,70
150030020062,268,179,89,266,164,89,449,290,148,331,200,106,314,207,86
150030018033,227,152,75,226,139,75,380,246,126,280,170,89,265,175,73
150030019011,177,118,59,177,111,57,290,183,103,212,129,70,204,139,57
150030020032,254,170,84,255,156,85,426,275,141,312,190,100,296,197,81
150030020042,120,80,40,120,73,40,200,129,67,147,89,47,140,93,38
150030018042,192,128,64,192,118,64,323,209,107,238,144,76,227,149,62
150030020041,148,99,49,147,91,49,248,160,82,182,110,58,173,114,48
150030018031,151,101,50,150,93,50,255,164,84,186,113,59,177,117,49
150030018041,160,107,53,160,98,53,270,175,89,199,120,63,188,123,52
150030018034,183,122,61,183,112,61,305,197,101,225,136,72,214,141,59
150030020061,200,133,67,200,125,64,332,210,115,243,146,80,232,155,64
150030018012,127,84,43,126,77,43,210,136,70,154,95,49,146,98,40
150030018032,82,55,27,82,51,27,138,90,45,100,61,33,96,63,27
150030010002,535,423,112,535,374,141,762,553,196,602,421,135,586,466,97
150030010001,387,307,80,386,270,102,550,399,141,437,306,97,423,337,71
150030011011,191,151,40,191,134,50,275,199,70,215,151,48,211,167,35
150030011022,313,248,65,316,220,83,446,323,114,350,245,78,344,273,57
150030011012,380,301,79,380,266,99,543,393,139,428,299,96,417,331,69
150030011021,265,209,56,264,185,69,377,275,97,299,208,67,290,231,48
150010212033,516,329,187,521,313,178,821,468,329,557,283,211,527,320,155
150010212032,457,295,162,456,278,154,728,419,292,485,253,183,464,289,132
150010212042,96,66,30,89,59,29,159,95,62,98,55,40,93,64,27
150010212034,84,65,19,82,58,19,124,83,38,90,59,21,88,66,17
150010212043,416,312,104,424,289,108,627,409,203,448,281,119,436,324,91
150019900000,0,0,0,0,0,0,0,0,0,0,0,0,0,0,0
150010204003,331,267,64,330,241,74,475,351,114,377,267,78,365,293,52
150010203003,495,398,97,494,361,113,707,519,173,562,396,118,543,437,80
150010205004,414,332,82,420,298,104,607,442,157,483,335,101,468,373,68
150010205001,222,176,46,221,157,55,325,233,87,253,178,54,248,198,37
150010204001,379,306,73,378,274,85,551,401,134,437,304,90,426,338,62
150010204002,255,205,50,258,185,60,365,267,88,290,204,60,281,224,41
150010205003,405,315,90,406,267,120,636,422,192,489,328,103,472,360,76
150010208024,465,368,97,469,340,111,630,461,156,511,350,115,499,399,75
150010208025,415,328,87,418,303,100,569,414,141,456,314,102,445,359,67
150010208011,672,557,115,670,514,145,889,687,190,721,541,133,714,617,81
150010212041,271,204,67,275,189,68,409,266,126,297,185,75,291,212,59
150019901000,0,0,0,0,0,0,0,0,0,0,0,0,0,0,0
150010220001,455,350,105,456,298,138,669,471,185,490,329,114,484,377,86
150010219022,250,194,56,251,158,83,355,243,99,273,182,60,272,212,47
150010219021,498,389,109,495,319,167,700,489,203,545,367,120,524,421,89
150010219023,419,326,93,425,269,140,600,411,169,458,308,101,461,360,79
150010220002,379,292,87,383,250,117,558,392,153,415,269,100,410,316,72
150019910000,0,0,0,0,0,0,0,0,0,0,0,0,0,0,0
150019911000,0,0,0,0,0,0,0,0,0,0,0,0,0,0,0
150030073022,22,12,10,21,11,10,49,27,22,21,10,9,19,10,9
150030073021,24,13,11,21,11,10,63,34,28,22,10,10,20,10,9
150030074001,96,56,40,94,49,42,217,122,89,98,51,37,96,53,33
150039814001,10,8,2,9,6,3,19,10,9,11,8,3,10,9,1
150030071001,43,25,18,43,24,19,107,60,46,40,20,17,35,18,16
150030071002,45,25,20,47,23,22,111,61,47,48,23,20,43,21,16
150030073024,48,26,22,47,24,23,118,66,49,51,23,22,44,22,19
150030070022,32,18,14,33,15,14,110,64,40,48,23,19,43,20,17
150039819001,11,6,5,11,6,5,28,15,12,12,6,5,10,5,4
150030073023,29,16,13,31,15,15,77,42,33,32,15,13,31,15,12
150039802001,23,13,10,23,11,11,57,31,24,24,11,10,23,10,9
150039813001,0,0,0,0,0,0,0,0,0,0,0,0,0,0,0
150030070012,30,17,13,31,15,14,75,41,31,30,14,12,29,14,11
150039900010,0,0,0,0,0,0,0,0,0,0,0,0,0,0,0
150030075041,170,130,40,173,103,64,281,156,119,202,127,56,193,145,34
150030004011,383,256,127,383,251,123,520,358,154,434,275,136,425,308,106
150030005004,373,243,130,380,247,124,516,355,158,428,266,138,415,294,112
150030005001,245,160,85,247,161,81,340,231,105,281,173,92,277,194,74
150030017002,391,265,126,401,264,125,544,379,157,450,284,134,438,315,109
150030005003,354,231,123,355,232,116,488,335,149,401,250,129,393,278,106
150030005005,276,180,96,283,185,92,383,262,116,315,195,103,310,218,83
150030009012,648,424,224,660,429,215,908,615,275,742,460,240,729,513,194
150030004023,397,267,130,400,261,128,535,369,158,448,285,138,438,321,107
150030006001,0,0,0,0,0,0,0,0,0,0,0,0,0,0,0
150030006002,468,305,163,479,311,155,649,444,196,539,333,174,523,367,140
150030004022,1172,789,383,1179,771,376,1578,1092,467,1327,844,409,1294,947,318
150030007001,277,181,96,282,183,92,387,262,118,319,197,103,311,218,83
150030112013,279,191,88,279,174,92,394,273,113,331,210,92,316,226,81
150030112022,365,250,115,368,227,122,514,358,148,435,275,123,412,296,107
150030112021,230,158,72,232,145,76,322,225,93,273,174,76,262,188,66
150030080102,326,238,88,332,224,100,476,304,161,374,231,119,364,275,76
150030080101,256,187,69,263,174,79,380,239,129,296,181,95,287,214,60
150030080012,180,131,49,181,122,55,268,169,93,202,127,64,198,151,41
150030080111,662,485,177,672,456,204,974,621,333,760,469,244,739,558,153
150030080092,512,374,138,519,350,157,756,480,256,587,362,188,571,430,119
150030089311,0,0,0,0,0,0,0,0,0,0,0,0,0,0,0
150030080082,245,180,65,248,169,75,363,233,124,283,177,91,272,207,58
150030080081,288,210,78,290,196,88,423,270,144,330,203,106,318,241,66
150030080052,496,336,160,504,319,172,695,422,256,556,331,191,550,412,122
150030080091,151,110,41,153,103,46,223,141,76,173,107,55,169,127,35
150010211013,243,197,46,241,161,68,435,304,120,280,180,62,266,211,38
150010210033,392,316,76,399,260,111,714,483,196,466,293,95,448,338,63
150010210032,290,231,59,294,189,84,519,357,145,336,215,70,327,250,48
150010210034,123,97,26,119,79,33,214,149,61,143,92,30,135,106,19
150010211071,295,234,61,296,196,83,526,356,147,336,215,72,330,254,50
150010210035,284,226,58,283,185,80,503,345,136,334,210,72,315,239,47
150019903000,0,0,0,0,0,0,0,0,0,0,0,0,0,0,0
150010216052,202,129,73,203,121,72,331,185,137,229,123,86,223,136,73
150010216083,545,349,196,544,328,190,893,500,370,623,332,231,599,366,196
150010215042,407,272,135,407,238,151,687,395,273,454,252,162,438,298,116
150010216053,537,345,192,541,325,189,877,497,355,613,327,227,592,363,189
150010216072,350,229,121,351,216,120,557,327,217,391,216,141,380,237,121
150010216084,165,106,59,167,101,58,275,153,113,192,102,70,184,112,59
150010216081,111,70,41,112,68,40,176,101,73,127,69,48,122,73,42
150010216061,594,381,213,594,359,208,955,551,378,667,360,250,653,408,206
150010216082,284,176,108,285,168,106,433,257,167,331,178,130,322,191,114
150010210132,448,337,111,453,289,142,734,489,223,504,326,124,490,369,90
150010210163,292,221,71,296,191,96,466,320,143,334,211,85,312,242,58
150010210031,447,314,133,452,280,149,721,451,248,476,290,132,468,342,96
150010210162,496,372,124,503,319,156,808,533,244,550,350,137,537,400,99
150010210161,416,313,103,418,269,133,666,449,204,458,297,113,437,339,82
150010210133,599,451,148,608,389,188,975,653,295,674,433,162,649,492,119
150010210131,316,257,59,315,231,75,484,337,130,368,249,86,361,287,58
150010202021,404,320,84,402,279,107,580,415,151,451,311,103,434,353,63
150010217071,706,453,253,709,405,273,1083,655,400,782,432,280,759,483,232
150010217081,361,235,126,362,212,140,567,354,199,401,230,136,390,259,115
150010218002,777,577,200,778,518,237,1102,762,316,806,528,208,782,589,162
150010217062,681,508,173,682,416,245,948,672,258,722,479,177,713,543,146
150010217073,224,157,67,225,133,84,324,217,100,244,150,70,235,170,57
150010217082,408,263,145,411,235,159,627,384,231,457,254,163,440,282,135
150010217083,484,311,173,486,279,189,745,453,274,539,301,193,518,332,158
150010217072,447,287,160,448,258,173,686,417,253,496,277,177,479,306,148
150019913000,0,0,0,0,0,0,0,0,0,0,0,0,0,0,0
150010211083,437,353,84,437,307,108,647,450,178,689,451,159,633,491,103
150010211081,474,360,114,480,315,144,732,472,243,507,316,135,499,372,95
150010211012,475,381,94,493,333,119,713,480,197,764,486,165,727,534,112
150010211011,152,121,31,147,101,38,208,145,55,222,145,50,218,166,37
150019904000,0,0,0,0,0,0,0,0,0,0,0,0,0,0,0
150010205002,177,137,40,173,113,53,276,182,85,214,142,45,205,158,32
150010206004,824,656,168,823,576,226,1174,829,327,902,627,207,884,741,125
150010206001,223,185,38,225,128,88,347,255,86,252,181,50,248,204,31
150010206002,291,233,58,292,200,83,410,292,113,322,220,77,314,259,46
150010207011,710,563,147,711,499,192,1019,714,284,787,543,178,768,637,109
150030034042,321,243,78,322,206,102,462,324,128,459,315,113,442,333,89
150030034041,531,402,129,534,342,169,760,536,212,758,521,186,728,549,146
150030044021,568,428,140,581,333,222,810,543,254,685,456,177,660,507,126
150030034043,227,172,55,229,146,73,326,229,90,322,222,79,312,236,62
150030116002,384,281,103,386,257,114,550,393,147,442,299,112,425,318,92
150030024042,190,144,46,191,130,54,294,201,86,222,160,45,216,173,34
150030022031,495,383,112,497,342,135,771,546,212,573,396,137,553,423,103
150030024014,130,98,32,133,89,38,203,139,60,154,110,31,149,119,24
150030024032,182,138,44,181,125,52,279,192,83,210,154,43,207,165,33
150030024013,147,111,36,147,100,42,228,155,67,171,123,35,165,132,26
150030024031,163,124,39,164,113,47,256,176,75,193,140,39,186,149,30
150030024012,188,143,45,188,129,54,293,199,87,219,159,44,216,171,35
150030024011,219,168,51,221,151,62,340,237,96,254,178,58,242,190,42
150030112014,275,180,95,275,165,98,402,257,134,265,161,82,259,183,66
150030109031,842,550,292,848,508,303,1227,791,408,807,492,249,790,565,201
150030109043,273,179,94,274,164,99,394,255,132,258,158,81,252,182,65
150030109052,574,381,193,576,343,207,829,543,262,597,362,184,586,413,152
150030109044,332,217,115,333,200,119,485,311,161,319,194,98,311,222,79
150030109012,424,271,153,425,250,155,609,399,192,466,270,154,454,308,126
150030109042,366,239,127,366,219,131,536,343,178,352,213,108,342,243,87
150030112011,389,257,132,389,233,140,560,369,180,396,243,122,387,275,100
150030109041,330,216,114,330,198,118,484,310,160,316,192,98,308,220,78
150030112015,240,156,84,239,142,87,349,226,113,248,146,80,241,168,65
150030068061,211,150,61,208,138,66,317,200,117,233,145,78,229,175,50
150030068171,379,269,110,380,250,118,580,359,212,433,264,143,417,317,91
150030068173,271,185,86,276,174,92,442,267,167,325,197,108,312,231,72
150030068062,199,142,57,200,131,63,302,190,110,225,138,74,221,167,49
150030068161,523,373,150,527,346,163,803,499,290,594,364,197,584,438,128
150030068172,307,211,96,312,199,104,500,301,187,361,221,121,356,262,82
150030068192,417,297,120,419,276,130,639,398,232,474,290,157,464,349,102
150030068133,265,189,76,267,175,83,408,253,148,302,185,100,296,222,65
150030068181,403,287,116,405,266,126,619,385,225,460,281,152,448,338,98
150030068134,284,202,82,286,188,89,436,273,157,327,200,107,321,239,72
150030089061,342,219,123,344,203,131,491,293,186,383,218,139,372,260,97
150030089062,508,325,183,509,303,192,727,435,274,568,322,204,553,387,144
150030089063,463,296,167,464,277,175,664,397,250,517,294,187,507,354,133
150030089322,695,450,245,695,422,255,979,590,366,768,443,273,746,529,193
150030089092,585,375,210,586,350,221,835,500,315,655,372,236,638,447,166
150030090001,8,3,5,8,3,5,49,24,22,32,14,15,28,12,11
150030115001,515,320,195,522,245,263,907,486,402,481,255,192,471,318,133
150030115003,751,467,284,759,357,382,1322,707,587,705,372,282,688,464,193
150030115005,60,38,22,58,28,30,103,56,47,54,31,22,51,37,14
150030115004,28,17,11,27,13,14,47,26,21,26,14,11,24,17,7
150030086232,368,225,143,375,187,177,620,326,284,473,251,190,462,313,131
150030086324,256,158,98,260,135,113,385,193,180,292,149,117,286,189,82
150030115002,566,352,214,572,268,288,996,532,442,531,280,212,518,349,147
150030086281,680,423,257,685,323,346,1197,640,532,635,336,253,624,420,176
150030085021,211,138,73,216,106,104,392,239,145,261,162,83,258,170,63
150030086321,218,135,83,217,111,97,330,168,153,242,124,98,238,157,67
150030111052,628,421,207,630,372,227,890,595,275,690,420,214,673,473,177
150030111041,447,300,147,451,265,163,633,425,195,495,300,154,479,338,125
150030109032,246,165,81,246,146,89,348,233,107,269,165,84,263,185,69
150030112012,318,213,105,317,187,114,447,300,137,350,214,107,338,239,88
150030109051,343,230,113,347,204,125,491,328,150,376,229,117,369,259,96
150030111051,287,192,95,287,171,104,406,273,125,315,191,97,308,217,81
150030111031,1065,730,335,1071,671,371,1455,993,437,1141,702,346,1123,840,248
150030109033,419,281,138,421,249,152,599,399,183,461,281,143,452,318,118
150030111053,261,175,86,261,155,94,369,247,113,285,174,89,278,196,73
150030100002,125,83,42,124,70,50,213,115,93,149,83,54,143,99,36
150030099024,242,165,77,242,137,92,371,221,142,269,153,90,260,180,66
150030100001,232,157,75,228,130,88,357,211,137,253,144,86,246,174,62
150030099023,313,213,100,311,177,118,480,286,183,347,197,116,333,232,85
150030099021,178,121,57,178,101,67,274,163,105,199,113,66,188,132,48
150030099052,190,130,60,189,109,71,292,176,110,215,124,72,207,143,53
150030099022,299,204,95,299,170,114,460,274,176,332,189,111,322,223,82
150030101011,441,269,172,441,223,196,663,392,258,500,263,190,466,291,154
150030099053,109,77,32,105,64,35,175,106,64,133,78,44,124,84,32
150030097051,194,130,64,199,76,119,292,140,144,216,114,79,210,145,49
150030097074,318,214,104,325,121,197,481,230,236,343,184,126,337,237,78
150030097063,275,184,91,283,105,170,413,199,203,303,161,111,296,206,68
150030097071,398,268,130,411,153,247,601,288,296,435,232,159,428,299,98
150030097042,265,179,86,268,102,162,391,190,196,286,153,105,280,198,64
150030096104,214,129,85,215,74,138,323,150,166,227,109,96,223,149,60
150030097052,133,90,43,134,50,83,199,97,100,147,77,53,141,101,32
150030097061,162,109,53,162,62,97,242,117,120,171,93,65,169,121,39
150030097041,289,195,94,296,111,179,438,211,216,318,168,116,311,219,71
150030097053,214,144,70,217,82,131,319,155,158,234,122,86,228,160,53
150030096101,195,131,64,201,76,121,295,142,145,215,114,79,210,147,48
150030097062,156,105,51,162,61,97,238,114,117,171,91,62,171,119,39
150030097073,334,224,110,347,131,208,505,242,249,368,195,134,362,252,83
150030097072,167,105,62,170,70,95,248,129,111,180,92,72,175,114,48
150030096082,239,156,83,242,81,155,356,170,178,246,130,93,242,171,58
150030096103,217,126,91,220,73,141,329,151,170,232,107,102,224,146,65
150030103033,223,134,89,225,96,122,319,170,141,243,118,96,238,151,74
150030102021,612,343,269,622,216,389,874,404,446,642,283,272,635,374,222
150030102051,340,199,141,342,138,195,487,250,227,366,179,142,358,223,118
150030102031,235,138,97,240,96,136,342,175,157,261,123,101,254,157,81
150030102022,214,124,90,219,86,126,309,157,145,232,111,92,231,141,77
150030102042,405,238,167,411,163,235,585,298,270,435,210,169,434,270,140
150030102024,265,148,117,270,95,167,376,177,190,279,125,116,278,163,97
150030102041,167,98,69,170,68,96,240,124,112,181,87,71,181,111,58
150030103031,571,362,209,576,310,246,808,471,316,629,338,234,615,423,168
150030086274,0,0,0,0,0,0,0,0,0,0,0,0,0,0,0
150030087063,277,173,104,281,151,124,621,306,306,293,165,110,285,200,72
150030086275,105,66,39,104,56,47,233,115,115,109,62,41,107,76,27
150030086261,341,238,103,342,192,137,583,301,268,360,208,124,356,260,75
150030087061,213,133,80,216,117,95,477,236,235,224,126,84,220,155,56
150030089371,432,270,162,436,235,193,963,475,474,455,256,171,444,312,112
150030086241,426,258,168,427,233,184,699,346,336,487,280,180,479,335,127
150030086242,283,177,106,284,154,126,628,311,310,296,168,113,290,205,74
150030086271,72,50,22,71,41,28,134,70,63,93,59,29,91,66,23
150030086262,354,236,118,364,178,177,673,328,339,380,213,149,367,252,99
150030103091,327,219,108,329,197,122,447,285,152,359,215,117,352,254,86
150030103083,3,2,1,3,2,1,3,2,1,3,2,1,3,2,1
150030105073,295,199,96,298,176,112,413,263,139,324,197,105,317,235,72
150030105052,569,383,186,575,338,215,787,503,267,621,380,200,608,451,138
150030105074,403,272,131,406,241,151,559,357,189,443,270,141,431,320,97
150030105071,815,549,266,819,486,306,1131,723,381,897,547,287,875,648,199
150030105032,609,422,187,619,379,217,829,536,275,654,407,206,642,482,137
150030105031,77,54,23,77,48,26,104,67,34,81,51,25,79,61,16
150030105072,256,173,83,258,153,96,356,227,120,281,172,90,275,204,62
150030040002,138,99,39,138,92,40,219,144,71,169,108,51,160,114,39
150030040001,255,178,77,260,168,78,396,266,124,325,204,98,311,217,77
150030039001,178,124,54,180,117,54,275,185,86,225,141,69,216,152,54
150030042021,223,156,67,223,146,67,341,230,106,278,175,85,267,188,66
150030041023,283,207,76,286,191,83,463,322,132,292,188,82,280,206,62
150030042012,213,148,65,215,140,65,329,221,103,267,168,82,258,181,64
150030042022,314,233,81,320,215,94,451,314,128,353,231,95,343,261,69
150030041022,378,276,102,380,254,110,515,360,146,407,259,117,393,286,89
150030045001,583,410,173,591,405,173,763,530,222,672,421,210,652,487,148
150030046001,380,270,110,386,265,111,506,352,145,430,275,129,421,318,91
150030045002,692,487,205,704,482,205,907,630,264,801,499,250,779,578,175
150030046002,322,235,87,325,225,90,437,310,122,351,238,93,346,271,63
150030093023,140,96,44,142,89,48,220,127,91,161,96,56,160,115,38
150030093011,232,160,72,231,143,80,368,211,149,271,162,91,262,186,63
150030090002,129,89,40,124,78,44,201,118,81,146,89,50,143,103,35
150030094022,166,116,50,165,101,57,263,149,105,195,116,64,190,134,45
150030095121,150,106,44,148,92,52,238,142,93,176,107,61,169,121,44
150039807001,0,0,0,0,0,0,0,0,0,0,0,0,0,0,0
150030093022,111,77,34,109,68,38,175,101,71,129,77,42,128,90,31
150030094021,235,163,72,233,144,80,371,212,149,274,163,92,268,190,64
150030093021,239,166,73,241,148,82,381,218,152,284,167,95,274,193,65
150030091002,245,163,82,249,140,99,440,230,203,307,171,112,295,203,72
150030094011,213,148,65,216,132,76,340,196,136,254,151,84,246,174,59
150030095122,196,140,56,201,121,66,329,195,120,246,144,77,236,159,59
150030094023,170,118,52,170,104,59,271,154,108,199,119,66,195,137,47
150030001072,590,389,201,589,368,204,802,527,265,631,383,215,614,436,167
150030001071,691,455,236,698,435,243,950,622,311,745,452,253,733,515,201
150030001201,330,217,113,333,208,115,452,297,148,355,216,121,346,246,94
150030001101,675,444,231,680,423,235,922,605,302,722,438,245,707,500,192
150030001103,630,415,215,634,395,220,862,565,283,677,410,230,662,468,180
150030001203,512,337,175,515,321,178,701,459,230,549,333,187,538,380,147
150030001193,294,199,95,295,190,98,400,268,129,316,195,104,308,224,80
150030001102,322,226,96,323,215,98,438,297,133,348,220,108,341,255,79
150030001202,377,248,129,377,236,131,517,338,170,405,245,138,398,280,108
150030110001,1043,738,305,1049,699,316,1387,988,365,1199,773,345,1173,877,268
150030110002,612,436,176,617,399,194,792,568,211,669,426,186,658,487,150
150030107011,482,331,151,486,295,177,685,435,233,524,307,173,514,376,119
150039810001,4,3,1,4,3,1,5,4,1,4,3,1,4,3,1
150030107021,546,397,149,550,361,170,742,506,224,589,381,167,578,448,116
150030096084,251,173,78,256,89,162,371,180,180,258,142,89,255,184,54
150039400061,518,357,161,521,182,330,762,371,370,529,294,182,520,379,112
150039400051,496,344,152,508,175,321,734,357,356,509,282,175,503,364,109
150039400071,425,293,132,432,150,273,631,305,305,436,243,150,428,312,92
150030096083,299,207,92,301,105,192,439,216,215,308,170,105,303,219,67
150030096081,319,220,99,328,114,208,479,232,232,329,181,114,323,236,69
150030086111,20,12,8,19,9,10,29,15,14,21,11,9,20,14,6
150030086312,469,259,210,471,231,224,723,365,342,550,268,239,540,333,181
150030096091,366,215,151,366,122,238,555,254,287,382,181,169,378,248,109
150039400031,737,565,172,735,379,332,1049,643,381,785,496,213,766,595,140
150039400041,738,566,172,744,383,335,1060,644,385,782,501,213,764,596,138
150030068121,394,276,118,396,261,122,601,382,208,454,278,144,445,331,100
150030068142,371,260,111,375,247,115,567,361,197,429,262,136,419,312,94
150030068132,360,253,107,365,240,112,553,351,192,418,255,133,409,303,92
150030068151,288,202,86,290,191,89,440,279,153,333,203,106,326,241,73
150030068141,365,256,109,368,243,113,556,354,193,421,257,134,413,306,94
150030068131,320,225,95,323,213,99,491,312,170,370,226,118,363,269,82
150030068152,357,251,106,361,238,111,546,347,190,413,252,131,405,300,91
150030068191,274,192,82,278,183,85,421,267,146,317,194,101,311,230,70
150030088022,253,185,68,254,160,86,401,224,171,294,194,88,293,223,55
150030087052,237,172,65,237,149,80,377,209,162,280,185,83,278,213,52
150030089132,209,152,57,209,132,70,332,184,142,242,158,72,240,183,44
150030089133,214,156,58,216,135,72,340,189,145,248,163,73,243,188,44
150030089361,456,299,157,457,263,179,735,405,319,512,296,182,504,368,114
150030089501,514,338,176,516,298,203,822,455,357,579,335,205,567,415,130
150030089523,658,428,230,664,416,235,1020,614,385,733,428,261,727,512,190
150030034082,255,190,65,260,177,71,381,262,112,320,214,81,311,238,61
150039821001,1,1,0,1,1,0,3,2,1,2,1,1,1,1,0
150030034081,302,225,77,306,209,84,451,310,132,378,254,95,368,282,72
150030034101,386,287,99,391,267,107,577,396,169,484,325,122,472,360,92
150030034144,226,168,58,230,157,63,337,233,99,284,191,71,276,211,54
150030035041,274,201,73,270,183,76,409,278,124,312,208,80,301,230,59
150030035031,372,276,96,376,256,104,556,381,165,452,306,114,439,337,87
150030034092,225,167,58,227,155,62,337,231,99,282,189,71,274,209,54
150030034141,197,143,54,197,133,55,283,200,78,214,144,55,207,156,45
150030030004,313,233,80,317,218,86,460,322,130,443,300,113,426,321,94
150030035011,209,155,54,210,143,58,311,214,92,254,171,64,247,189,48
150030034091,274,204,70,277,189,76,410,281,120,344,231,86,334,255,66
150030034142,430,313,117,433,293,123,623,441,168,462,311,118,447,336,98
150030084083,209,116,93,206,101,102,361,187,169,194,100,84,197,127,64
150039803001,0,0,0,0,0,0,0,0,0,0,0,0,0,0,0
150030013001,273,209,64,272,193,71,399,294,103,304,212,74,294,235,52
150030021022,280,216,64,281,196,71,419,302,108,323,225,71,311,247,52
150030015011,394,303,91,397,279,102,575,425,146,442,306,105,426,337,76
150030015021,270,209,61,274,193,73,394,292,101,303,213,74,294,233,54
150030021012,153,117,36,154,107,39,234,167,61,175,122,39,169,134,28
150030021011,179,138,41,181,126,46,274,196,71,206,144,46,197,158,32
150030021021,139,107,32,139,97,36,213,152,55,160,111,36,155,123,26
150030021013,185,142,43,185,129,47,279,201,73,211,147,47,205,163,34
150030013003,338,253,85,338,236,89,475,348,121,366,251,88,358,283,64
150030016011,374,285,89,381,261,106,543,390,147,422,287,105,403,312,77
150030089481,339,234,105,342,220,112,467,297,161,371,224,121,364,269,84
150030089463,385,266,119,390,250,128,534,340,184,423,256,138,414,307,96
150030089471,570,394,176,578,371,189,789,501,272,626,379,204,614,454,142
150030089451,463,321,142,468,302,152,642,408,223,507,308,166,498,370,114
150030089483,398,275,123,398,257,130,547,349,190,433,262,143,424,315,98
150030089461,361,249,112,364,234,119,498,317,172,392,239,128,388,287,90
150030103032,673,441,232,680,380,274,958,579,357,755,423,261,734,520,189
150030103053,689,438,251,694,372,298,969,566,378,762,406,280,744,513,202
150030080132,532,411,121,534,392,130,716,493,212,571,396,144,564,451,96
150030080131,448,345,103,449,331,109,597,416,177,484,333,123,472,380,79
150030080022,450,347,103,450,331,111,602,419,181,485,339,124,478,385,81
150030080021,365,264,101,366,246,112,524,333,184,401,259,117,391,300,81
150030080121,489,378,111,494,362,120,661,454,195,527,364,134,521,417,88
150030080122,561,432,129,564,414,138,756,521,223,604,419,154,597,478,102
150030078041,423,326,97,425,311,104,564,390,167,453,313,116,448,359,75
150030078042,281,210,71,284,200,75,382,258,121,308,205,84,303,237,56
150030078151,538,372,166,541,344,184,795,489,294,603,372,193,591,441,133
150030086091,500,282,218,498,240,245,851,448,381,576,295,253,556,324,199
150030086101,253,143,110,251,121,124,434,228,193,293,149,129,280,165,100
150030103082,702,502,200,706,474,212,952,643,292,766,491,219,747,576,151
150030103081,587,415,172,597,380,194,792,522,256,628,398,191,616,469,126
150030106022,783,562,221,789,530,236,1068,722,326,854,548,245,838,645,170
150030106023,661,479,182,666,436,206,902,610,275,710,457,201,701,540,142
150030106021,742,531,211,747,501,224,1006,679,307,805,517,230,794,608,162
150039808001,0,0,0,0,0,0,0,0,0,0,0,0,0,0,0
150030111061,543,370,173,546,335,195,747,485,247,599,367,188,583,426,145
150030111064,303,207,96,304,185,108,414,267,137,332,204,104,326,238,81
150030111065,507,346,161,508,312,181,693,450,229,555,341,175,544,396,133
150030111063,491,334,157,489,301,174,672,437,222,538,331,170,528,386,130
150030111062,517,350,167,518,315,188,706,456,235,566,346,181,556,401,140
150030107023,499,362,137,508,332,156,679,462,208,543,348,153,527,409,104
150030107022,400,291,109,404,265,124,551,372,168,433,278,122,426,329,84
150030030002,349,267,82,350,251,88,465,359,102,402,276,94,384,301,75
150030027011,429,326,103,431,306,109,573,440,124,491,337,118,476,367,93
150030030003,380,288,92,388,275,99,507,391,109,435,296,104,419,324,82
150030029001,877,665,212,884,628,226,1177,900,253,999,686,239,967,749,190
150030030001,370,281,89,369,264,94,495,379,105,423,289,100,409,315,80
150030109011,139,88,51,144,85,53,202,134,62,168,94,58,157,108,47
150039817001,456,289,167,454,268,170,651,429,206,523,304,182,513,347,152
150039818011,319,201,118,315,186,120,448,299,140,366,212,126,357,243,104
150030107013,168,108,60,171,101,62,245,160,77,199,114,68,195,131,55
150030107012,200,127,73,202,118,75,289,190,89,235,134,81,229,153,67
150039818031,466,296,170,472,274,174,677,443,209,547,313,187,537,356,155
150039818021,219,139,80,220,128,82,316,208,97,257,147,88,252,167,74
150039822001,227,159,68,231,142,79,357,196,150,251,158,77,243,170,56
150030114011,61,42,19,64,39,22,95,52,40,67,42,20,67,45,16
150030080011,205,142,63,208,129,72,308,184,118,229,143,72,224,165,50
150030114012,74,51,23,74,47,26,115,64,49,80,51,25,79,55,19
150030019052,183,121,62,184,116,58,300,187,107,218,131,73,209,142,58
150030019073,161,107,54,161,102,51,263,165,94,192,116,64,186,126,51
150030019062,185,123,62,186,117,59,304,189,108,222,133,74,212,144,59
150030020052,253,168,85,253,160,81,412,258,147,301,181,101,290,197,80
150030037011,149,99,50,151,95,48,243,152,87,179,107,60,171,116,47
150030019063,236,156,80,236,149,75,387,241,138,281,169,94,270,184,75
150030037034,21,14,7,22,14,7,35,22,13,26,16,9,26,17,7
150030038015,0,0,0,0,0,0,0,0,0,0,0,0,0,0,0
150030037013,100,66,34,99,59,36,403,269,127,119,64,52,113,74,35
150030037014,0,0,0,0,0,0,0,0,0,0,0,0,0,0,0
150030037035,21,14,7,24,14,8,91,61,28,27,15,11,26,17,8
150030019071,201,133,68,202,127,64,327,205,117,240,144,81,230,156,64
150030019061,187,124,63,189,119,60,309,192,110,225,135,75,214,146,59
150030037012,180,119,61,180,113,57,293,184,105,215,129,72,206,140,57
150030020051,272,180,92,274,172,87,446,279,159,327,196,109,309,211,87
150030019051,150,99,51,151,95,48,244,153,87,180,108,60,171,117,47
150030019072,165,109,56,165,104,52,268,168,96,197,118,66,189,128,52
150030016022,273,201,72,276,187,79,377,268,100,306,204,79,295,222,58
150030016012,216,163,53,221,151,63,309,222,85,244,163,63,236,181,47
150030016021,328,243,85,331,224,97,457,321,126,364,243,97,351,267,70
150030015022,387,291,96,394,268,115,549,391,152,437,291,114,416,320,82
150030013002,485,366,119,494,339,137,683,494,180,538,363,141,521,401,101
150030008003,540,407,133,545,375,154,743,526,203,593,394,158,574,439,113
150030014001,286,211,75,287,195,83,399,280,109,317,211,84,307,233,60
150030014002,580,444,136,588,411,158,835,606,209,642,440,163,627,484,121
150030013004,315,241,74,313,217,85,445,323,115,342,234,85,330,258,64
150030063012,171,130,41,175,107,61,246,142,101,186,125,49,181,141,27
150030063022,189,143,46,189,116,67,270,156,111,203,137,54,199,155,30
150030063021,160,122,38,158,97,57,227,131,93,170,116,45,167,130,26
150030062032,434,317,117,444,297,129,686,423,252,520,343,148,507,389,100
150030101012,302,185,117,301,152,135,454,268,175,342,180,131,317,198,105
150030101022,202,123,79,201,102,91,305,181,118,230,121,90,213,135,71
150030101021,467,284,183,469,237,210,703,416,272,527,276,204,494,309,164
150030101031,140,70,70,146,33,112,197,68,127,137,48,70,135,71,59
150030002006,301,207,94,301,194,98,419,284,130,330,209,102,318,233,81
150030001151,594,409,185,595,381,194,828,558,256,652,413,202,636,460,162
150030001083,565,388,177,561,361,184,780,528,241,616,392,190,596,435,152
150030002004,421,290,131,423,272,138,588,397,182,464,296,144,453,328,116
150030002001,285,198,87,288,185,94,396,269,122,316,201,98,309,223,79
150030001082,298,205,93,296,190,97,412,279,128,325,207,100,316,229,80
150030001152,309,213,96,313,200,102,429,290,133,338,216,104,330,239,84
150030001153,119,82,37,120,77,39,166,112,51,131,83,40,127,92,33
150030001081,435,284,151,436,265,156,618,403,207,485,294,163,476,329,134
150030002005,386,266,120,387,248,127,539,364,167,421,268,131,413,299,105
150030001142,342,215,127,340,200,129,495,315,175,382,225,136,375,253,114
150030062031,440,344,96,447,276,154,699,375,313,511,363,122,502,408,67
150030061002,302,235,67,303,187,107,476,257,215,350,249,83,347,283,46
150030062021,195,153,42,198,129,61,333,191,137,244,173,57,240,195,34
150030062022,155,121,34,158,96,56,246,132,110,181,128,43,179,146,23
150010210171,246,183,63,245,156,82,373,242,125,262,161,73,252,188,51
150010210172,281,209,72,287,177,97,439,279,142,314,183,88,299,215,58
150010210113,337,249,88,334,212,110,515,329,169,354,219,100,347,256,68
150010210111,468,345,123,474,295,157,726,460,234,506,304,142,490,355,96
150010210112,510,398,112,513,348,138,691,513,152,531,361,113,507,384,89
150010218001,480,364,116,485,328,141,678,472,184,505,332,117,487,370,94
150010218004,469,354,115,470,316,139,650,460,178,490,321,118,473,362,94
150010218003,661,501,160,664,450,192,929,649,253,695,457,164,674,513,131
150019912000,0,0,0,0,0,0,0,0,0,0,0,0,0,0,0
150010214021,383,292,91,383,271,96,566,395,159,412,276,108,410,303,86
150010213001,716,562,154,718,511,174,1005,701,281,792,536,186,772,604,128
150010215021,700,500,200,697,465,206,1030,689,315,749,461,231,734,507,194
150010215103,214,131,83,213,126,78,324,193,124,252,134,100,240,143,85
150010215102,268,204,64,268,187,68,404,281,111,293,191,78,286,210,62
150010215111,467,339,128,468,315,129,696,472,211,519,325,152,506,352,126
150019914000,0,0,0,0,0,0,0,0,0,0,0,0,0,0,0
150010206003,542,453,89,545,305,223,844,622,201,612,437,119,602,496,69
150019906000,0,0,0,0,0,0,0,0,0,0,0,0,0,0,0
150090314022,493,389,104,499,295,177,749,483,247,489,328,121,478,360,91
150090314021,382,303,79,385,230,138,579,374,192,378,254,93,370,279,71
150090315032,372,247,125,371,214,135,596,362,219,421,238,150,393,246,125
150090315031,279,186,93,278,162,100,442,271,164,317,178,113,295,185,94
150099902000,0,0,0,0,0,0,0,0,0,0,0,0,0,0,0
150010203002,307,244,63,313,215,78,461,330,114,358,246,79,344,265,54
150010202022,305,242,63,303,213,76,458,330,114,352,243,77,340,265,53
150010201003,374,287,87,368,260,98,526,376,138,412,280,101,393,317,62
150010213002,355,276,79,351,251,87,499,348,141,382,260,89,372,286,69
150010214022,758,592,166,762,543,185,1077,750,304,833,563,195,802,614,151
150010213003,662,516,146,659,462,164,1000,693,279,708,479,160,683,540,103
150019917000,0,0,0,0,0,0,0,0,0,0,0,0,0,0,0
150010221021,397,314,83,396,273,108,560,400,145,434,306,92,421,336,68
150010221022,334,267,67,339,230,92,485,343,125,363,261,70,350,281,50
150019909000,0,0,0,0,0,0,0,0,0,0,0,0,0,0,0
150090302011,627,514,113,631,445,144,912,665,220,669,449,126,632,491,103
150090302031,913,744,169,914,646,206,1321,964,318,981,656,190,920,713,153
150090302032,599,488,111,601,425,136,869,632,209,644,428,126,603,466,100
150090302042,589,479,110,593,417,133,854,622,207,629,421,123,587,459,97
150090302041,460,374,86,460,324,104,660,482,160,488,326,95,458,357,76
150090302043,233,190,43,235,165,53,336,244,81,246,166,47,232,180,39
150090302012,267,218,49,269,190,60,387,283,93,287,191,56,268,209,43
150090308003,1123,883,240,1117,727,354,1621,1051,532,1122,727,279,1093,815,236
150090308002,356,270,86,350,231,106,496,335,154,342,231,90,333,258,64
150090315041,367,243,124,373,214,136,590,360,217,416,237,149,387,243,125
150090315012,297,197,100,297,171,108,472,288,174,333,189,120,312,197,101
150090315053,459,304,155,461,266,169,734,446,271,519,293,186,485,303,155
150090315052,433,287,146,433,249,158,690,420,253,488,275,175,456,284,146
150090315051,125,83,42,127,73,46,202,122,74,142,80,51,134,83,43
150090315011,355,235,120,357,206,130,569,345,210,400,225,144,374,234,120
150099900000,0,0,0,0,0,0,0,0,0,0,0,0,0,0,0
150090316011,531,420,111,541,335,176,790,545,232,608,414,140,601,460,106
150090316012,261,205,56,262,162,89,381,264,115,290,200,70,285,224,52
150099912000,0,0,0,0,0,0,0,0,0,0,0,0,0,0,0
150090309033,721,588,133,733,459,238,1025,648,357,737,495,166,726,577,115
150090309032,384,313,71,387,243,124,541,344,186,385,261,87,383,306,61
150090309031,668,546,122,675,424,218,948,597,328,678,456,153,673,533,107
150090311022,479,404,75,484,356,109,654,434,209,490,366,95,479,409,58
150090311023,560,473,87,568,416,129,777,512,250,578,429,112,564,477,69
150090311021,266,223,43,268,197,61,366,242,117,267,202,51,265,225,32
150079400001,699,537,162,711,417,270,931,575,334,717,445,193,685,535,111
150079400002,634,498,136,648,355,268,809,507,279,613,375,147,582,456,83
150070401052,1121,867,254,1107,760,304,1565,1043,489,1235,776,325,1159,867,231
150079901000,0,0,0,0,0,0,0,0,0,0,0,0,0,0,0
150070406042,443,321,122,441,288,142,642,413,219,465,290,137,449,330,102
150070406032,817,588,229,819,529,262,1196,768,405,876,537,253,841,611,192
150070406041,782,580,202,796,503,265,1099,698,381,832,509,255,797,582,173
150070406031,178,128,50,180,114,58,260,167,89,190,116,56,182,133,41
150070403011,427,320,107,431,268,145,581,355,212,466,286,135,437,333,77
150070403013,775,579,196,783,488,264,1060,648,386,853,521,248,797,613,141
150070403021,428,321,107,435,270,146,589,358,213,471,286,137,440,338,79
150070403012,923,690,233,933,580,317,1273,771,461,1012,619,293,949,728,166
150070402041,949,672,277,971,591,344,1342,822,486,1038,595,340,985,711,226
150070403022,272,206,66,275,181,85,361,235,121,289,183,87,270,209,53
150090307091,435,301,134,431,271,133,648,417,214,484,281,154,457,305,126
150090307092,423,291,132,417,261,131,623,403,208,468,272,149,444,296,122
150090307093,396,273,123,393,245,122,588,377,195,441,256,139,414,276,115
150090307081,687,474,213,676,423,212,1017,654,341,764,443,245,727,480,203
150090307082,259,181,78,259,160,83,393,250,133,295,169,97,278,182,77
150090317001,333,254,79,335,194,126,455,294,150,355,207,106,338,249,76
150090317002,333,264,69,336,196,131,434,272,155,349,222,89,343,260,68
150090317004,383,304,79,392,226,151,497,307,178,407,254,104,397,295,79
150090317003,195,155,40,199,116,76,253,158,90,208,129,53,204,151,40
150090317005,205,162,43,208,122,79,267,166,96,218,137,56,213,158,43
150090318011,289,224,65,296,175,113,448,281,156,329,193,96,327,233,77
150090318012,510,421,89,527,311,200,687,455,216,563,357,123,548,426,91
150010215121,563,380,183,561,327,212,957,552,380,628,347,224,606,421,155
150010215122,416,281,135,412,242,155,708,407,280,460,257,163,447,311,113
150010215041,796,537,259,795,464,297,1363,780,537,892,494,316,865,596,217
150010215131,659,447,212,667,404,231,1065,653,385,749,421,260,728,486,200
150010209004,393,316,77,394,274,108,557,393,152,433,297,104,423,350,60
150010209002,430,344,86,429,298,118,603,427,164,474,321,115,463,381,66
150010207012,495,394,101,501,350,135,711,500,199,545,379,123,536,446,76
150010209001,267,214,53,267,186,74,378,267,103,295,200,72,289,239,41
150010209005,302,242,60,302,209,84,426,300,116,332,226,80,326,268,47
150010209003,330,264,66,330,227,92,465,327,126,358,245,86,356,292,52
150010217053,810,607,203,817,502,290,1137,806,298,870,578,203,854,654,167
150010217051,821,617,204,825,491,305,1227,841,354,885,579,214,873,677,160
150010217052,472,353,119,478,292,169,660,467,172,503,334,119,499,379,98
150010217061,460,345,115,464,274,173,690,474,203,498,326,122,482,380,86
150010211082,715,537,178,726,475,219,1103,711,361,767,467,209,743,553,140
150010208021,403,318,85,404,292,98,541,395,135,440,301,99,426,345,65
150010208023,816,643,173,817,591,200,1097,801,274,888,609,203,868,700,132
150010203001,407,321,86,409,296,100,546,401,136,441,302,99,435,349,66
150010208022,237,187,50,238,172,58,320,233,79,259,177,59,253,203,38
150010210143,730,513,217,730,447,255,1163,749,393,789,468,244,766,555,168
150010210152,786,554,232,798,481,277,1275,812,428,859,509,263,839,603,183
150010210151,590,415,175,598,364,208,951,614,323,643,385,198,625,451,135
150010210141,458,323,135,464,281,161,739,471,248,498,295,154,486,349,106
150010210142,733,517,216,744,451,258,1197,758,400,802,474,247,783,562,168
150010215101,483,295,188,481,285,176,723,433,277,556,298,222,539,321,193
150010216071,462,293,169,466,280,165,685,422,252,525,287,200,507,311,170
150010215104,241,148,93,239,141,88,361,215,138,278,148,110,270,160,95
150010216073,505,310,195,504,297,185,762,454,291,584,312,233,565,336,200
150019916000,0,0,0,0,0,0,0,0,0,0,0,0,0,0,0
150019905000,0,0,0,0,0,0,0,0,0,0,0,0,0,0,0
150070409004,250,199,51,243,155,81,319,201,112,250,161,62,242,191,40
150070409006,507,406,101,506,321,169,662,414,232,521,330,131,498,391,81
150070409001,179,143,36,178,114,60,234,149,80,181,119,46,176,142,28
150070409005,232,186,46,226,144,76,299,187,104,235,150,60,228,179,37
150070402052,433,301,132,443,268,159,614,377,224,473,266,158,446,317,108
150070402042,1107,771,336,1132,682,408,1576,966,571,1207,677,407,1143,811,278
150070402053,256,180,76,262,159,94,366,225,132,278,157,94,264,189,64
150070402051,366,276,90,373,243,115,484,314,161,389,244,117,364,277,72
150070404013,837,631,206,849,547,278,1097,694,383,848,552,247,805,635,142
150070401062,278,201,77,278,180,87,388,264,117,319,192,93,297,207,72
150070401041,327,238,89,322,209,102,463,311,140,368,225,110,346,240,87
150070401061,364,265,99,360,235,113,509,344,153,421,251,124,385,269,94
150070401051,544,413,131,545,369,156,765,512,237,612,381,165,567,416,121
150070401063,225,163,62,222,144,71,313,212,95,259,155,75,236,165,58
150070401042,159,115,44,160,104,50,224,151,69,188,112,55,171,118,42
150070407012,599,436,163,603,382,202,813,517,281,639,390,196,607,456,128
150070407011,497,361,136,493,314,167,672,428,236,525,322,162,504,378,105
150070407024,289,209,80,294,187,99,392,251,137,310,190,96,297,224,62
150070407022,554,400,154,559,355,189,753,479,262,589,360,182,560,424,118
150070407021,675,490,185,682,431,231,922,587,319,726,442,221,687,514,145
150070405004,752,578,174,760,512,224,979,629,332,793,501,236,755,594,122
150070405001,516,396,120,518,350,152,668,432,225,542,345,161,520,409,85
150070405002,620,475,145,621,419,182,803,516,271,648,412,191,623,490,101
150070404012,491,398,93,501,328,158,734,444,279,537,379,130,518,429,62
150070408001,457,365,92,456,307,139,597,382,204,490,339,120,469,382,68
150070408003,196,157,39,197,132,59,258,166,89,209,146,52,200,164,29
150070408002,490,390,100,490,327,150,646,414,225,531,362,131,505,406,74
150070407023,717,569,148,720,482,217,949,604,328,777,532,190,744,597,108
150070404011,482,390,92,493,320,154,715,432,271,528,370,125,510,419,62
150030028021,269,202,67,271,189,69,374,275,93,301,207,75,291,226,57
150030028011,634,478,156,639,448,161,880,649,220,710,489,176,688,534,135
150030028022,637,477,160,639,447,162,874,647,220,707,486,176,687,533,136
150030012011,419,322,97,420,291,111,591,430,153,453,311,109,440,344,80
150030044013,240,180,60,242,165,69,334,237,94,260,170,70,255,196,52
150030043021,320,240,80,323,219,94,453,317,125,354,229,96,340,261,68
150030043022,347,260,87,349,237,101,489,343,134,381,249,102,370,283,74
150030044012,241,181,60,242,165,70,342,239,95,265,173,71,257,197,52
150030043023,340,255,85,343,234,98,485,339,134,379,248,100,365,280,73
150030043011,256,192,64,258,175,73,361,257,98,285,189,74,277,211,56
150030044011,288,216,72,288,197,83,406,285,114,318,207,85,306,234,63
150030044022,269,202,67,272,184,79,382,267,105,297,193,80,289,220,58
150030045003,525,385,140,528,367,145,721,509,199,581,391,152,566,445,103
150030045004,285,214,71,290,196,84,405,283,112,316,206,84,304,233,61
150030043012,451,339,112,450,308,120,647,463,171,513,349,127,496,377,101
150030003022,624,404,220,633,387,228,864,575,279,699,420,230,686,490,181
150030003021,538,349,189,543,332,194,743,493,239,602,361,197,592,422,156
150030002003,798,564,234,804,539,240,1039,735,287,905,591,265,887,658,208
150030003012,809,525,284,818,501,292,1121,744,362,900,543,294,889,634,235
150030003011,746,484,262,755,463,270,1029,684,332,834,502,273,811,584,215
150030101032,635,314,321,648,144,495,883,304,557,618,214,315,607,319,258
150030102023,563,279,284,578,128,441,787,272,496,554,190,280,544,283,232
150030009052,438,325,113,441,305,122,616,453,151,492,335,123,477,359,101
150030009041,724,535,189,727,502,202,1015,746,249,804,551,202,780,592,164
150030009032,698,517,181,705,489,195,977,720,242,781,534,196,754,574,158
150030009031,439,325,114,441,305,123,614,452,149,488,333,123,473,359,99
150030008001,458,343,115,463,320,129,635,461,166,506,342,132,492,376,103
150030009051,463,343,120,467,323,130,647,479,159,518,355,130,500,381,106
150030009011,503,338,165,508,331,161,679,468,199,572,362,176,557,405,136
150030087073,271,206,65,274,184,82,460,246,208,317,221,83,308,250,46
150030087023,237,180,57,239,161,72,404,215,182,278,193,74,270,218,40
150030089522,554,398,156,564,388,159,828,531,285,627,384,214,629,487,125
150030087071,299,227,72,302,203,91,510,271,231,354,244,94,345,276,51
150030087074,213,163,50,214,144,66,358,192,163,250,174,66,240,196,36
150030087072,258,196,62,261,175,78,440,234,198,304,211,80,297,238,43
150030087021,382,291,91,382,259,116,649,347,295,447,313,119,432,353,64
150030098031,190,119,71,193,79,107,283,148,128,204,104,82,202,131,55
150030098032,151,94,57,153,63,86,221,116,101,163,83,64,157,103,43
150030098012,350,219,131,355,145,198,521,271,232,375,192,150,365,239,100
150030098041,157,99,58,159,65,88,233,122,106,171,87,68,165,108,45
150030098011,196,124,72,198,83,110,288,152,132,204,107,83,201,134,56
150030098042,298,187,111,304,124,168,436,231,198,317,162,126,310,203,84
150030098043,244,153,91,247,101,137,362,189,162,262,134,105,255,166,69
150030098033,191,120,71,193,79,107,283,147,127,205,104,82,199,130,54
150010207022,840,690,150,842,632,193,1130,856,261,912,670,177,894,767,106
150010207023,482,387,95,489,346,127,685,488,184,532,373,116,523,437,71
150010207013,434,344,90,439,304,120,625,437,173,478,330,109,470,389,66
150030080054,695,471,224,701,447,243,969,594,362,777,465,267,766,576,169
150030080053,298,202,96,301,191,104,417,255,155,333,199,115,330,248,73
150030080051,980,662,318,985,626,344,1359,835,508,1091,654,376,1070,811,239
150030075085,174,114,60,176,108,63,296,174,115,211,128,72,207,150,49
150030070011,119,77,42,117,71,43,208,122,80,141,85,49,140,99,34
150030075082,243,160,83,241,149,88,404,240,160,292,177,101,286,208,69
150030068101,170,111,59,171,105,62,286,169,112,205,125,70,202,146,49
150030068111,165,108,57,167,102,60,281,166,108,201,122,69,197,143,46
150030075083,207,135,72,206,128,74,345,205,136,244,150,83,241,176,58
150030075084,338,222,116,339,209,122,570,337,223,408,249,140,403,292,96
150030075081,162,106,56,164,99,59,273,161,106,196,119,67,194,139,46
150030068102,170,111,59,169,104,61,286,171,111,203,124,71,199,147,48
150030067041,90,60,30,88,55,31,172,110,59,108,61,38,103,69,29
150030067042,224,150,74,222,137,78,434,277,148,271,153,96,257,174,72
150030089093,460,304,156,462,290,159,624,384,230,494,293,170,482,351,120
150030089331,841,555,286,840,527,291,1138,700,420,900,535,312,880,640,221
150030089091,417,275,142,419,261,144,568,346,209,448,263,155,438,317,108
150030089332,443,293,150,442,278,152,601,369,222,475,281,164,463,337,116
150030089321,344,227,117,344,216,118,464,285,171,367,218,127,361,261,91
150030088012,352,267,85,349,237,102,562,317,237,410,284,110,397,325,57
150030089121,240,181,59,241,163,70,382,215,163,277,192,75,275,223,40
150030088023,393,298,95,391,264,114,626,352,264,455,315,122,446,363,64
150030089122,294,223,71,296,199,86,468,264,199,338,236,92,333,272,49
150030088021,253,192,61,254,171,74,409,228,171,296,204,79,291,234,43
150030088011,384,290,94,384,259,111,610,345,259,446,309,120,431,353,63
150030001221,475,346,129,478,331,133,641,448,187,519,335,151,509,393,109
150030001192,352,256,96,353,245,97,478,333,137,381,247,110,375,289,80
150030001222,416,301,115,420,289,116,561,393,161,448,290,129,442,341,94
150030001191,390,283,107,392,270,109,530,367,153,425,275,123,417,320,88
150039800001,2,1,1,2,1,1,3,2,1,2,1,1,2,1,1
150030001223,425,308,117,427,295,118,577,400,166,462,298,134,455,349,97
150030001104,306,222,84,306,212,85,413,287,119,329,214,95,326,251,70
150030095091,71,51,20,71,43,23,119,71,42,88,51,28,88,57,22
150030099051,85,61,24,83,51,30,138,87,49,102,61,33,99,68,27
150030099062,69,51,18,70,44,23,117,71,43,86,51,27,82,56,22
150039806001,0,0,0,0,0,0,0,0,0,0,0,0,0,0,0
150030095092,149,107,42,152,94,49,247,151,89,188,110,60,178,120,45
150030095112,113,80,33,110,67,36,186,112,67,138,81,44,135,89,36
150030095123,62,44,18,61,38,20,102,63,37,76,46,24,73,51,18
150030095071,117,84,33,121,73,40,200,119,72,148,87,46,142,95,36
150030095072,63,45,18,64,39,21,108,64,38,80,47,25,77,51,19
150030095081,80,58,22,81,49,27,137,82,49,100,60,31,100,66,26
150030095101,56,40,16,55,35,18,93,57,35,67,41,22,65,45,17
150030095102,63,45,18,63,38,22,107,65,38,77,45,25,75,50,20
150030099061,87,62,25,88,54,29,147,90,53,108,63,34,104,70,28
150030095111,119,85,34,120,72,39,197,118,71,149,87,46,143,95,36
150030099063,3,2,1,3,2,1,6,4,2,3,2,1,4,3,1
150090307132,799,560,239,800,490,257,1211,765,420,912,521,306,862,566,241
150090307121,637,447,190,640,392,205,975,614,336,728,417,244,683,450,191
150090307051,316,245,71,319,214,87,526,334,178,344,224,87,328,237,67
150090307111,299,227,72,297,198,84,484,308,166,322,207,87,307,220,66
150090303061,869,601,268,872,563,258,1222,796,399,929,551,306,886,589,255
150090307131,199,139,60,200,122,64,306,192,104,228,130,76,215,141,60
150090307112,342,262,80,345,228,98,554,354,189,372,238,99,349,253,75
150090319003,300,248,52,303,212,75,450,294,150,318,224,69,307,247,44
150090319001,681,540,141,677,468,180,998,648,327,733,504,161,703,546,123
150090319002,311,258,53,314,219,77,466,303,152,333,232,71,318,256,44
150090311063,197,163,34,198,138,49,298,191,98,209,147,45,203,161,30
150090307052,618,481,137,621,419,171,1024,653,351,668,437,171,634,463,125
150090307061,715,513,202,722,481,200,1213,801,381,792,466,252,737,501,195
150090303041,745,565,180,753,490,232,1049,737,281,810,523,200,776,584,157
150090303051,356,265,91,358,230,113,493,342,135,388,249,99,376,279,80
150090303053,651,495,156,652,427,201,918,645,245,705,455,176,676,510,137
150090303042,469,357,112,470,307,145,663,466,176,508,330,125,487,369,97
150090301001,486,416,70,488,318,141,632,462,151,467,313,82,457,384,51
150090303052,621,472,149,626,408,193,876,616,232,670,435,164,643,488,128
150090304063,1286,1000,286,1290,865,374,1739,1224,478,1333,880,333,1291,997,239
150090304051,747,556,191,750,485,235,1024,709,286,810,514,208,788,582,167
150090303054,793,591,202,800,514,252,1095,762,302,864,553,219,836,621,178
150090309021,690,541,149,687,442,223,1013,675,313,728,475,178,712,566,119
150090311041,370,300,70,372,260,95,540,330,204,386,272,91,382,307,62
150090311052,413,333,80,415,288,107,599,367,228,432,302,101,423,340,67
150090311053,873,706,167,876,610,225,1280,781,483,917,640,216,903,723,146
150090311051,260,211,49,265,184,68,386,234,146,275,193,65,273,218,44
150090310022,192,153,39,191,130,53,272,184,84,194,140,41,189,152,30
150090311061,849,671,178,848,575,232,1198,809,368,868,612,191,844,671,130
150090311071,590,468,122,589,400,162,832,562,257,602,427,132,587,467,90
150090311062,403,319,84,402,274,110,567,383,177,413,292,92,402,319,62
150090309013,262,210,52,262,176,74,380,262,112,255,167,59,247,198,37
150090310012,262,210,52,260,173,74,380,261,110,256,169,59,248,195,38
150090309011,242,194,48,244,162,70,351,243,101,239,157,54,232,182,36
150090309012,261,210,51,262,175,74,379,260,110,254,167,59,247,195,38
150090310014,663,501,162,659,440,195,935,631,289,649,439,171,623,479,123
150090310021,534,403,131,530,352,158,750,508,232,518,352,137,499,387,99
150090310013,1067,806,261,1062,705,316,1502,1012,465,1038,701,273,1000,770,194
150090310011,370,279,91,367,245,109,518,350,160,360,244,95,346,267,68
150090305012,199,166,33,202,143,47,270,197,67,211,143,41,196,149,35
150090305011,624,522,102,623,439,144,856,621,209,644,438,127,610,461,110
150090304041,473,372,101,473,322,127,640,448,181,489,318,119,473,357,87
150030086322,656,405,251,663,344,289,977,496,459,749,381,303,729,481,207
150030086323,250,155,95,253,131,111,374,190,175,284,146,115,279,184,80
150030057001,112,82,30,115,69,39,196,110,84,140,90,40,131,97,24
150030061001,274,213,61,274,183,84,439,235,204,318,222,80,312,246,50
150030060001,329,255,74,320,214,99,527,281,243,374,263,96,370,293,57
150030059002,205,159,46,204,135,62,336,176,153,236,165,60,232,183,36
150030060003,158,123,35,159,105,49,259,137,117,184,129,46,181,141,27
150030059001,268,203,65,267,177,85,450,237,211,328,226,87,312,251,44
150030060002,278,217,61,277,183,85,452,239,207,323,224,84,313,248,49
150030113001,219,151,68,215,117,93,325,190,129,239,143,77,235,175,52
150039811001,4,3,1,4,2,2,7,4,3,5,3,2,5,4,1
150030113002,476,332,144,488,256,213,721,415,285,531,316,165,520,384,111
150030113003,636,441,195,648,342,281,964,552,379,702,419,220,691,511,146
150030087041,104,76,28,102,62,36,170,93,75,113,74,34,111,87,20
150030089212,347,226,121,349,208,126,515,275,232,390,213,154,383,274,96
150030087042,398,290,108,399,237,141,654,359,288,439,284,135,431,327,81
150030087022,286,206,80,288,168,106,485,258,218,321,206,99,316,237,60
150030069001,19,11,8,18,10,8,61,36,22,28,13,12,26,12,10
150030070021,18,12,6,16,9,7,68,41,25,30,16,12,28,15,10
150030069003,30,17,13,32,16,14,106,61,38,47,22,18,42,19,16
150030069002,40,24,16,39,21,18,126,75,47,56,26,25,51,25,22
150039820001,123,85,38,127,87,35,178,118,60,142,88,47,137,100,33
150030087051,130,84,46,134,67,64,241,114,122,159,96,51,157,112,33
150030087062,83,54,29,85,43,40,154,73,77,101,62,32,101,72,21
150030092022,577,384,193,579,331,227,822,468,338,670,388,233,658,479,152
150030092031,691,459,232,691,393,271,988,560,408,800,462,279,781,572,178
150030092011,372,248,124,373,212,147,533,304,220,431,250,151,424,310,98
150030092013,268,178,90,269,152,106,409,226,175,316,181,112,308,221,72
150030092021,272,181,91,271,155,107,390,222,161,316,184,110,307,226,70
150030092012,248,165,83,248,141,97,355,201,146,286,166,100,281,205,64
150030096093,282,163,119,283,94,185,426,196,222,299,139,132,289,189,85
150030096102,391,225,166,391,130,256,589,270,309,415,191,186,405,265,119
150030096105,234,135,99,239,78,155,358,163,186,249,116,111,244,158,71
150030096092,234,135,99,237,78,153,356,162,185,246,115,109,241,157,70
150030034132,436,328,108,436,300,114,629,451,163,501,343,121,489,369,99
150030035012,463,332,131,466,312,133,691,473,207,497,326,144,481,364,105
150030056012,177,126,51,178,108,61,272,165,105,212,138,63,204,152,43
150030056021,214,147,67,219,133,77,331,198,129,249,159,71,243,189,44
150030056022,267,186,81,273,166,96,413,247,161,315,201,90,303,233,57
150030075042,189,144,45,190,113,71,307,171,130,219,139,62,211,158,38
150030074002,187,142,45,187,113,70,305,170,130,210,136,62,206,158,38
150030077013,231,160,71,234,143,85,365,228,133,260,156,86,251,184,58
150030041011,192,144,48,185,130,48,269,196,70,217,149,53,208,159,42
150030041021,206,155,51,206,142,54,298,214,77,239,163,58,229,174,46
150030034121,496,373,123,496,341,129,715,513,186,569,390,138,550,418,112
150030041012,319,240,79,321,220,83,462,332,120,367,252,89,354,270,71
150030034131,369,277,92,367,253,96,531,382,138,423,290,103,409,311,83
150030034111,394,296,98,396,272,103,569,409,148,454,310,111,439,333,89
150030036062,461,338,123,459,300,139,890,600,276,505,341,134,489,365,109
150030036061,282,207,75,279,183,86,542,368,169,308,208,83,299,223,68
150030037023,127,93,34,125,82,38,244,165,76,139,94,37,135,100,30
150030036051,244,179,65,243,157,74,469,317,146,266,180,71,257,192,57
150030037033,514,343,171,509,323,167,835,577,250,584,360,196,554,396,151
150030037031,92,67,25,90,59,28,177,120,55,101,68,27,99,73,22
150030037022,268,197,71,267,174,81,517,350,160,293,198,78,284,212,63
150030037024,0,0,0,0,0,0,0,0,0,0,0,0,0,0,0
150030023021,338,262,76,342,235,93,529,375,146,394,273,94,375,290,70
150030023012,290,224,66,292,201,79,452,321,124,336,232,81,325,248,61
150030024041,180,139,41,180,124,49,279,198,76,207,143,50,198,153,37
150030023022,201,155,46,201,138,55,309,220,85,231,160,56,223,171,42
150030023013,270,208,62,270,186,74,418,297,115,311,215,74,300,230,56
150030023011,195,152,43,198,137,52,292,210,77,227,158,52,218,170,40
150030022051,372,288,84,372,256,101,576,408,158,432,297,103,411,317,76
150030022041,293,227,66,293,202,80,457,323,125,340,234,81,325,250,60
150030022062,247,191,56,247,170,67,385,272,105,285,197,69,275,211,51
150030022061,261,202,59,261,180,71,409,288,112,304,209,73,290,223,54
150030046004,321,235,86,326,227,89,437,310,122,358,242,94,348,273,63
150030048022,384,281,103,387,267,106,522,370,144,422,285,110,417,325,75
150030046003,397,291,106,400,278,108,535,381,148,436,294,115,424,335,77
150030050001,282,206,76,283,189,83,406,274,124,321,213,87,314,242,59
150030049003,358,262,96,361,250,99,488,345,134,397,267,104,386,303,70
150030047021,258,189,69,260,180,71,352,250,97,284,192,75,277,219,50
150030047022,280,205,75,283,196,78,383,272,105,310,209,81,301,239,55
150030047023,324,238,86,327,227,89,445,314,122,359,241,94,352,276,64
150030049001,397,291,106,400,278,109,545,385,150,441,297,115,429,337,78
150030050003,179,129,50,180,114,58,271,169,98,208,136,61,206,155,41
150030089411,591,367,224,589,343,229,853,490,346,663,366,252,652,447,180
150030089185,307,191,116,309,179,120,444,256,179,345,190,130,339,233,94
150030089172,238,148,90,239,139,93,343,197,139,267,148,101,264,182,73
150030089184,349,217,132,350,203,136,505,290,203,393,216,148,385,264,106
150030089422,248,153,95,248,142,98,363,207,147,279,153,106,273,186,75
150030017001,510,375,135,512,351,145,694,513,172,583,391,139,567,428,113
150030056023,285,210,75,287,181,92,490,268,215,347,229,95,330,253,56
150030054001,176,127,49,177,108,59,310,174,131,215,140,61,205,151,37
150030053001,259,187,72,263,160,87,459,257,194,320,206,90,301,224,55
150030057002,121,87,34,121,74,41,211,118,89,148,95,42,139,104,25
150030055001,282,201,81,283,173,95,466,270,189,342,221,99,327,242,65
150030053002,205,146,59,208,126,72,325,193,127,253,164,75,243,181,51
150030052001,202,148,54,204,140,54,336,216,116,250,161,71,235,168,55
150030025001,466,343,123,465,310,132,731,483,239,539,368,140,510,383,103
150030025003,133,97,36,133,90,37,214,142,69,151,106,39,145,110,29
150030036033,202,149,53,202,135,56,322,210,104,235,160,60,223,166,45
150030036032,190,140,50,192,127,54,302,198,98,221,150,57,211,157,43
150030036042,365,268,97,365,244,103,580,382,188,425,289,109,401,301,80
150030025002,260,191,69,259,173,72,408,271,133,300,204,79,286,214,57
150030036031,222,163,59,220,148,62,353,232,115,260,176,67,247,184,50
150030036041,186,137,49,187,125,52,295,194,95,217,146,56,204,153,41
150030026001,328,240,88,324,219,93,493,335,149,368,246,95,353,271,69
150030026003,235,165,70,238,152,80,346,240,104,268,185,70,260,199,53
150030026004,359,261,98,355,239,102,535,363,163,401,268,102,388,295,76
150010216051,491,316,175,490,297,175,765,465,280,541,296,205,525,346,158
150010216062,573,368,205,571,348,204,894,542,329,638,347,240,613,404,185
150010215023,257,164,93,255,156,92,396,241,146,280,155,106,271,180,82
150019915000,0,0,0,0,0,0,0,0,0,0,0,0,0,0,0
150090303072,365,254,111,365,236,108,514,337,168,389,231,127,371,248,108
150090307101,630,437,193,631,407,187,881,577,289,673,397,220,636,423,184
150090303071,198,137,61,197,128,59,278,182,92,209,126,70,203,136,59
150090307102,354,245,109,355,230,105,500,325,164,380,225,124,362,240,104
150090301002,294,250,44,297,193,85,386,278,90,285,189,51,280,233,31
150090314041,193,139,54,194,121,63,297,203,88,212,122,71,195,130,55
150090320001,277,200,77,280,180,86,439,298,133,302,176,98,278,188,76
150090314042,296,216,80,300,186,98,457,311,136,325,188,106,301,200,84
150090314043,336,244,92,338,210,110,516,351,151,365,211,120,336,224,94
150090314051,269,209,60,269,167,88,436,280,148,283,177,81,273,191,62
150070409002,396,315,81,394,258,123,498,319,159,433,294,105,417,340,56
150070409003,217,172,45,215,140,68,271,175,86,237,161,56,230,187,31
150070402054,485,365,120,495,320,154,636,413,213,516,321,156,484,367,94
150090304061,733,555,178,737,482,224,993,693,276,779,504,199,764,572,156
150090304042,611,467,144,611,408,175,834,572,244,638,403,164,613,464,116
150090304043,835,637,198,839,560,240,1139,784,333,869,550,224,838,634,159
150010201004,499,378,121,508,353,130,719,504,197,565,378,135,548,432,88
150019907000,0,0,0,0,0,0,0,0,0,0,0,0,0,0,0
150010215133,539,367,172,540,329,187,862,530,310,606,343,210,587,395,158
150010215132,483,328,155,485,295,167,771,472,278,548,308,189,524,351,143
150070404022,540,402,138,542,347,179,692,440,240,538,347,159,508,398,92
150070405003,531,397,134,544,347,182,680,433,236,535,344,159,505,394,94
150070404021,587,438,149,599,384,198,755,483,261,592,379,176,557,436,102
150030067031,610,451,159,614,441,159,816,565,242,667,436,194,648,502,121
150030067044,374,272,102,377,268,99,511,347,158,415,266,125,401,306,81
150030084101,508,311,197,507,268,226,903,463,422,462,230,198,456,291,146
150030084111,396,242,154,395,210,176,700,360,328,360,180,154,354,227,113
150030084102,221,136,85,220,117,99,390,202,184,197,101,86,192,125,64
150030084162,360,231,129,363,196,156,607,313,279,361,197,135,354,244,94
150030084151,361,203,158,363,174,181,618,304,304,401,199,178,395,263,120
150030084112,371,227,144,370,196,165,657,338,308,338,168,145,333,213,107
150030084113,336,205,131,335,178,149,599,307,280,307,153,131,303,193,96
150030084052,239,135,104,242,115,120,412,203,202,267,132,119,263,173,80
150030067045,668,463,205,689,468,194,973,639,325,771,475,252,748,545,181
150010212031,376,323,53,382,295,80,546,380,160,459,359,87,454,390,44
150010215022,733,453,280,736,421,292,1289,786,465,824,449,303,813,521,254
150010208012,670,505,165,675,423,234,968,666,290,725,472,186,707,569,111
150010208013,398,299,99,400,248,139,574,393,171,428,278,110,420,335,67
150030038011,222,162,60,221,149,64,415,291,115,183,122,50,177,129,40
150030038022,292,213,79,291,197,85,546,384,152,244,162,67,234,170,53
150030038014,245,179,66,246,166,72,458,323,127,205,136,56,196,143,44
150030038012,351,256,95,351,237,103,654,462,181,290,194,80,280,205,63
150030038021,262,191,71,262,177,77,488,344,136,219,146,60,209,152,48
150030038024,0,0,0,0,0,0,0,0,0,0,0,0,0,0,0
150030038023,389,284,105,389,263,114,728,512,202,324,216,89,310,226,70
150030038025,369,270,99,370,249,108,688,485,192,307,205,84,294,215,66
150030038013,127,93,34,127,86,37,238,167,66,106,70,29,101,74,23
150030078142,535,386,149,540,392,135,696,486,207,583,384,169,571,450,110
150030078091,554,398,156,567,407,142,728,504,216,604,398,175,593,468,114
150030078141,956,681,275,971,687,257,1276,867,396,1041,681,307,1030,803,202
150030078092,587,422,165,594,432,149,771,534,229,638,422,184,628,496,119
150030078121,350,251,99,355,257,89,459,318,136,380,251,110,375,295,71
150030078093,395,284,111,400,290,100,518,358,154,429,283,124,423,333,81
150030077011,460,328,132,462,315,139,647,436,206,511,333,157,502,387,107
150030086302,300,166,134,303,149,144,466,236,220,354,174,154,347,214,116
150030086301,473,262,211,473,233,225,730,368,345,555,271,242,543,335,182
150030086273,290,161,129,292,144,139,451,227,212,341,166,149,336,206,112
150030086343,320,179,141,324,153,158,520,268,241,367,176,159,357,216,123
150030086311,403,223,180,407,199,193,625,315,295,475,231,207,465,286,156
150030086341,196,109,87,197,95,95,310,159,145,227,109,99,222,135,76
150030012012,615,482,133,622,430,165,872,635,231,663,455,159,633,506,114
150030012021,692,540,152,695,480,186,988,712,260,737,509,179,722,568,129
150030012022,363,284,79,367,253,99,522,376,136,387,267,95,380,298,68
150030086331,544,306,238,549,256,270,897,465,412,615,295,267,600,359,209
150030086272,368,207,161,370,173,183,604,314,279,418,200,181,404,243,140
150030086342,201,113,88,205,95,101,333,173,153,229,109,99,224,134,78
150010210173,746,585,161,746,508,207,1009,757,228,766,531,159,743,570,132
150010201002,329,265,64,326,235,82,460,345,108,356,246,82,339,272,56
150010201001,592,477,115,596,423,144,834,619,195,643,436,145,620,484,105
150019908000,0,0,0,0,0,0,0,0,0,0,0,0,0,0,0
150090308001,1115,848,267,1117,629,432,1532,979,512,1163,707,318,1135,857,219
150030086233,9,5,4,8,4,4,16,8,8,11,7,4,12,8,4
150030086282,501,307,194,508,254,241,841,443,387,646,343,258,635,428,178
150030086291,504,308,196,514,256,244,848,446,388,653,346,261,640,431,181
150030086234,242,148,94,246,123,116,407,215,186,313,166,125,307,207,86
150030086231,361,221,140,367,183,174,607,320,279,468,247,187,459,309,129
150030077024,583,410,173,591,391,179,807,532,259,639,403,198,629,476,132
150030077021,326,228,98,327,213,102,462,302,154,360,224,112,350,263,76
150030077023,439,309,130,443,294,135,609,401,196,484,305,149,473,359,99
150030089312,574,382,192,580,375,193,831,541,281,604,365,204,597,430,154
150030089295,328,219,109,333,214,110,476,309,161,347,209,117,343,247,88
150030089281,680,452,228,690,445,230,987,642,332,716,431,243,707,510,183
150030089313,524,349,175,533,343,177,766,496,258,557,334,187,551,394,143
150030089302,534,356,178,541,350,180,779,505,264,566,341,191,554,401,143
150030089293,369,246,123,373,241,124,535,348,181,390,234,132,385,277,99
150030089301,392,261,131,396,256,132,568,369,192,412,249,139,409,294,106
150030089294,246,164,82,250,161,83,357,231,121,258,156,87,256,184,66
150030089173,526,361,165,530,350,167,735,461,264,582,357,190,571,426,132
150030089171,348,238,110,349,230,110,487,303,174,383,234,125,378,282,86
150030078081,411,285,126,415,263,142,610,375,226,462,285,148,454,336,103
150030078122,418,289,129,422,266,144,621,380,229,467,288,149,460,341,103
150030078131,323,223,100,326,205,111,479,292,177,362,223,114,355,263,79
150030078133,243,168,75,245,156,84,361,222,134,274,168,87,266,199,60
150030078083,230,159,71,232,147,79,345,212,127,259,159,83,254,188,57
150030078082,269,186,83,274,172,93,403,246,148,303,186,96,298,220,67
150030078132,215,149,66,218,137,74,320,196,118,242,149,77,238,176,53
150030001212,529,333,196,527,310,200,764,484,269,595,348,211,585,392,176
150030001141,286,180,106,286,169,109,408,261,145,321,189,114,317,212,96
150030001211,474,298,176,473,278,180,685,434,242,535,312,189,522,350,158
150030048012,137,104,33,137,92,42,228,138,88,167,115,43,164,131,27
150030063013,180,140,40,183,121,53,315,185,125,230,162,54,224,183,33
150030064011,316,247,69,319,212,94,558,324,223,403,287,94,394,321,59
150030048023,244,185,59,243,155,76,360,215,136,275,196,63,267,217,45
150030083011,0,0,0,0,0,0,0,0,0,0,0,0,0,0,0
150030084053,466,260,206,473,224,235,794,391,393,524,259,234,519,344,155
150030084152,572,320,252,579,274,290,980,482,483,647,318,289,637,420,193
150030084141,474,266,208,474,226,239,803,396,399,530,264,236,524,348,160
150030086252,391,258,133,399,217,168,634,330,289,430,247,148,420,300,98
150030084051,388,217,171,393,186,197,666,327,328,439,217,195,432,286,131
150030083023,455,292,163,462,242,205,791,384,387,520,285,199,511,357,127
150030084132,231,148,83,231,122,103,400,195,197,262,143,101,257,182,64
150030083022,351,225,126,356,186,157,612,299,301,403,219,156,391,275,97
150030084183,297,184,113,300,156,136,509,243,254,332,177,134,327,222,91
150030083014,319,206,113,327,172,145,560,274,275,369,203,142,357,253,88
150030083012,307,198,109,307,164,138,523,259,260,346,193,135,337,242,84
150030084131,245,158,87,250,132,111,428,210,211,283,154,108,277,195,69
150030083021,299,192,107,304,159,133,522,254,256,344,187,132,335,236,83
150030083013,133,86,47,132,72,59,226,112,114,151,84,59,144,104,37
150030002002,371,262,109,374,250,112,486,342,134,424,276,125,412,306,97
150030105053,285,190,95,286,169,107,401,250,143,317,188,107,307,224,73
150030105082,615,409,206,621,366,233,869,542,308,683,405,230,671,486,162
150030105051,354,235,119,357,211,135,499,313,177,393,234,132,384,279,92
150030105081,298,198,100,302,178,113,422,263,150,333,197,112,326,236,78
150030105092,392,260,132,392,232,147,551,345,196,433,258,145,424,308,102
150030105091,345,229,116,347,205,130,487,304,173,384,228,129,375,273,90
150030103101,667,440,227,670,389,257,917,596,307,727,431,237,711,505,182
150030106012,534,372,162,541,334,188,734,472,246,569,351,180,562,423,119
150030106011,417,286,131,422,256,153,590,375,200,458,267,151,444,325,102
150030105101,582,400,182,587,357,215,831,526,282,636,373,209,621,456,142
150030105102,509,349,160,513,312,187,723,459,246,555,325,183,542,398,125
150030106013,274,192,82,279,173,94,369,237,122,293,182,91,285,216,59
150030007003,401,304,97,407,281,113,558,393,150,438,291,117,430,329,84
150030007004,256,194,62,260,180,72,356,254,96,280,188,74,276,210,56
150030005002,229,172,57,227,157,64,312,221,85,245,165,65,239,186,47
150030008002,480,363,117,488,335,138,658,471,179,525,351,140,512,391,103
150030007002,253,192,61,254,176,71,348,247,95,276,184,74,269,206,54
150030056011,157,112,45,159,96,55,244,146,94,189,122,55,181,134,38
150030050002,238,175,63,239,156,74,364,240,115,281,186,79,275,212,52
150030050004,210,150,60,213,129,73,324,195,126,252,162,75,243,180,51
150030049002,196,139,57,198,120,68,306,182,118,233,151,69,224,168,47
150030086251,293,195,98,292,163,120,463,245,212,314,184,107,306,224,68
150030084172,408,273,135,413,228,170,650,341,295,437,256,148,428,311,97
150030084173,245,164,81,248,138,102,394,206,178,266,155,90,259,188,58
150030084161,207,138,69,209,116,86,332,174,150,224,131,75,218,159,49
150030084171,244,163,81,247,137,102,391,205,177,263,154,89,257,187,58
150030078172,210,143,67,210,135,70,301,193,104,239,149,76,232,168,57
150030078162,330,224,106,335,214,111,474,305,163,377,234,120,367,265,89
150030078171,312,213,99,317,202,105,451,289,156,357,221,113,348,251,84
150030078163,577,392,185,582,372,193,832,532,286,655,407,208,637,461,155
150030078161,225,153,72,225,144,75,323,206,112,252,158,80,247,180,61
150030078074,369,251,118,373,238,124,531,340,183,420,261,133,409,296,100
150030035042,384,282,102,381,258,107,578,392,175,428,286,111,413,317,80
150030058002,290,221,69,292,193,90,495,258,227,356,245,91,340,273,48
150030058001,197,150,47,201,132,62,335,175,153,242,166,63,230,185,32
150090304062,618,483,135,618,417,176,826,583,228,634,419,158,615,479,111
150050319001,21,19,2,21,17,3,24,23,1,20,14,1,20,18,2
150059900000,0,0,0,0,0,0,0,0,0,0,0,0,0,0,0
150090314054,248,201,47,254,156,84,415,256,149,255,169,65,249,184,48
150090314052,367,296,71,370,227,121,606,375,218,379,250,96,367,269,71
150090314053,264,214,50,267,165,87,438,272,158,268,181,69,258,195,50
150010213004,283,223,60,285,197,72,437,308,118,305,209,63,290,231,41
150030084082,694,387,307,699,337,340,1203,620,558,662,332,286,662,425,209
150030084081,545,303,242,546,265,265,947,488,439,528,265,225,520,332,168
150030084182,290,162,128,290,140,142,503,259,234,280,140,120,277,178,88
150030084181,681,384,297,686,333,331,1193,598,571,701,349,299,689,439,220
150030084071,557,310,247,565,271,272,967,497,448,545,268,230,537,340,170
150030084072,447,248,199,442,215,216,767,398,358,429,215,183,424,273,136
150030089521,544,355,189,547,342,195,842,508,319,606,355,215,598,422,157
150030089491,454,296,158,459,287,163,705,424,266,507,296,180,501,353,132
150030089343,183,120,63,183,106,72,294,163,127,207,120,75,205,149,47
150030089382,159,117,42,163,94,62,287,157,126,199,134,54,196,156,30
150030089381,121,88,33,122,71,46,218,119,95,151,101,41,145,117,21
150030051001,275,203,72,277,190,74,458,294,156,338,218,95,318,228,74
150030051002,306,226,80,309,212,83,511,327,173,375,242,106,355,253,83
150030052002,417,308,109,422,289,113,694,445,236,508,330,143,484,346,113
150030042011,149,110,39,150,103,40,249,159,84,182,118,51,172,123,40
150030103093,365,242,123,369,221,136,487,310,167,398,236,133,387,277,97
150030103092,806,535,271,816,487,302,1079,686,369,877,519,294,856,613,215
150030103052,392,268,124,393,238,141,555,355,187,439,266,136,430,315,103
150030103051,715,481,234,722,435,262,982,626,334,787,471,255,771,559,189
150030089182,582,398,184,586,387,184,815,510,292,640,393,211,631,471,145
150030089183,425,291,134,427,283,134,593,372,212,466,287,152,464,344,108
150030089175,381,261,120,385,255,121,534,335,193,423,260,139,415,311,95
150030089181,343,235,108,348,229,109,482,300,171,380,233,124,374,279,85
150030089174,282,193,89,283,188,89,396,247,142,312,191,102,307,230,70
150010207021,655,542,113,651,500,141,863,669,185,704,526,130,693,599,79
150030027022,234,184,50,237,167,58,329,242,79,267,189,58,262,205,46
150030027024,281,222,59,287,203,70,394,291,96,330,228,72,321,250,57
150030027012,234,185,49,237,168,58,327,244,78,273,191,59,264,205,47
150030027023,368,290,78,374,265,91,516,382,123,428,300,92,416,324,73
150030027021,244,192,52,248,175,61,340,253,81,282,198,62,270,213,47
150030026002,194,152,42,197,140,48,275,202,65,225,158,50,220,171,39
150030027013,637,501,136,646,458,158,894,661,213,738,519,161,714,560,125
150030089342,380,249,131,381,220,150,612,337,265,428,247,152,421,308,96
150030089511,298,196,102,302,173,118,482,265,209,336,195,119,331,241,76
150030089351,412,271,141,414,239,164,666,367,288,462,268,166,457,333,105
150030089512,234,154,80,236,135,92,377,209,164,266,154,93,259,190,59
150030089352,460,302,158,465,267,183,743,410,323,520,301,185,512,374,118
150030089362,377,249,128,380,218,150,607,336,264,427,247,152,419,305,97
150030089341,276,180,96,276,159,108,442,244,192,308,179,110,305,223,70
150030111044,587,380,207,596,342,234,784,498,271,646,374,223,635,435,181
150030111042,525,339,186,530,305,208,701,444,244,577,335,200,565,388,161
150030111043,577,373,204,579,334,229,771,489,268,636,369,220,620,427,176
150030100003,128,85,43,130,71,53,232,119,106,158,88,59,154,105,38
150030091003,125,83,42,125,70,51,224,115,103,154,86,58,151,103,37
150030091001,109,72,37,110,60,46,191,100,89,132,75,51,131,89,32
150030004021,342,230,112,343,226,109,458,318,136,384,245,117,374,276,92
150030004012,979,659,320,985,643,313,1313,908,387,1104,702,339,1077,788,264
150030077012,400,275,125,398,244,143,621,388,226,442,265,147,431,313,101
150030089393,148,88,60,151,77,67,252,135,109,175,92,69,168,108,50
150030089391,107,64,43,108,55,48,180,96,78,124,66,49,121,77,36
150030089261,410,263,147,411,220,172,655,396,241,498,270,177,489,298,150
150030089392,228,135,93,231,118,103,387,206,167,269,141,105,258,165,77
150090304031,440,355,85,440,309,109,583,417,148,450,296,100,437,344,72
150090304032,841,677,164,842,585,211,1111,795,282,864,566,191,833,656,137
150030031031,772,599,173,775,584,165,974,755,209,860,620,190,829,673,144
150030031041,1076,835,241,1083,816,230,1354,1050,290,1194,861,262,1161,936,202
150030031022,503,391,112,507,381,110,638,494,136,561,405,124,539,438,93
150030031021,1169,908,261,1174,884,250,1479,1142,316,1300,936,285,1262,1017,220
150030078075,299,206,93,301,183,108,470,291,171,332,199,110,326,237,75
150030078073,243,167,76,245,149,88,383,237,139,272,162,90,264,192,61
150030078072,177,122,55,178,109,64,279,173,101,199,119,66,194,140,45
150030078071,218,150,68,219,134,79,344,213,125,244,146,81,239,173,55
150030089211,406,264,142,408,245,148,600,320,272,452,248,180,449,320,112
150030089462,191,124,67,192,115,70,284,152,127,215,118,85,212,152,52
150030089482,234,153,81,235,141,86,348,186,156,262,143,104,259,186,65
150030103102,234,154,80,236,135,91,317,210,103,254,150,81,246,173,65
150030111032,561,389,172,562,356,193,764,528,228,587,365,178,578,444,115
150090310023,508,397,111,511,343,139,753,484,248,549,371,131,530,407,95
150090309022,240,187,53,238,161,64,351,227,116,258,175,62,247,191,46
150030001171,617,416,201,621,389,210,880,594,273,684,423,213,674,468,188
150030001161,831,560,271,836,523,283,1183,799,366,920,570,286,907,629,253
150030001181,707,477,230,709,444,241,1006,681,312,782,484,244,770,537,214
150030116001,295,214,81,298,201,84,425,303,112,306,207,79,297,220,68
150030034044,394,286,108,395,268,113,567,406,150,409,277,105,398,297,89
150030034143,484,351,133,490,331,139,700,498,185,504,340,130,489,365,108
150030037032,0,0,0,0,0,0,0,0,0,0,0,0,0,0,0
150070412001,27,12,15,28,8,19,43,0,43,34,10,20,35,14,8
150079902000,0,0,0,0,0,0,0,0,0,0,0,0,0,0,0
150030037021,242,161,81,238,152,78,393,272,117,275,169,92,261,186,71
150030089131,376,279,97,376,236,121,601,316,274,440,292,115,432,336,71
150039812001,0,0,0,0,0,0,0,0,0,0,0,0,0,0,0
150070412002,0,0,0,0,0,0,0,0,0,0,0,0,0,0,0
150079903000,0,0,0,0,0,0,0,0,0,0,0,0,0,0,0
150099800001,0,0,0,0,0,0,0,0,0,0,0,0,0,0,0
