GEOID20,Tot_2010_tot,Wh_2010_tot,His_2010_tot,BlC_2010_tot,NatC_2010_tot,AsnC_2010_tot,PacC_2010_tot,Tot_2010_vap,Wh_2010_vap,His_2010_vap,BlC_2010_vap,NatC_2010_vap,AsnC_2010_vap,PacC_2010_vap,Tot_2018_tot,Wh_2018_tot,His_2018_tot,BlC_2018_tot,NatC_2018_tot,AsnC_2018_tot,PacC_2018_tot,Tot_2018_cvap,Wh_2018_cvap,His_2018_cvap,BlC_2018_cvap,NatC_2018_cvap,AsnC_2018_cvap,PacC_2018_cvap,Tot_2019_tot,Wh_2019_tot,His_2019_tot,BlC_2019_tot,NatC_2019_tot,AsnC_2019_tot,PacC_2019_tot,Tot_2019_cvap,Wh_2019_cvap,His_2019_cvap,BlC_2019_cvap,NatC_2019_cvap,AsnC_2019_cvap,PacC_2019_cvap
30039000009,588,574,7,0,10,0,0,474,465,4,0,5,0,0,667,642,10,3,13,0,0,533,522,1,1,5,0,0,644,608,10,7,18,0,0,506,497,4,1,4,0,0
30039000002,942,903,16,2,17,5,0,806,776,11,2,16,4,0,1011,963,29,1,19,1,1,869,854,4,0,7,0,0,1053,987,31,1,36,1,1,888,873,5,0,7,0,0
30039000010,859,829,11,2,14,1,1,690,669,7,2,9,1,1,941,908,12,5,14,2,0,742,727,4,3,8,0,0,909,860,13,13,21,2,0,701,692,5,3,7,0,0
30039000001,690,662,10,1,10,5,0,585,563,8,0,10,4,0,650,617,23,0,9,0,0,536,532,3,0,6,0,0,705,666,21,0,18,0,0,585,573,4,0,6,0,0
30069000001,494,486,5,3,1,0,0,381,378,2,1,0,0,0,432,424,0,0,0,8,0,345,340,0,0,0,10,0,453,428,0,0,0,25,0,360,335,0,0,0,25,0
30085000002,364,339,4,1,23,1,1,273,260,4,0,20,0,1,479,418,29,0,36,0,0,341,309,7,0,31,0,0,498,413,47,0,46,0,0,361,323,20,0,26,0,0
30085000010,347,292,2,1,52,0,0,263,224,2,0,30,0,0,445,358,26,0,58,0,0,318,268,3,0,44,0,0,460,351,38,0,68,0,0,333,276,10,0,43,0,0
30085000012,904,802,14,2,84,3,0,697,632,10,0,51,2,0,944,789,9,5,140,0,0,679,621,4,4,44,0,0,892,760,14,5,111,0,0,666,609,4,4,42,0,0
30105000033,3212,2946,54,16,184,16,1,2531,2362,30,5,124,9,1,3419,3016,141,33,243,14,11,2641,2340,142,13,135,2,0,3365,3044,106,50,185,9,11,2582,2362,105,12,92,4,0
30105000031,1484,1105,8,5,348,19,4,1128,892,5,1,207,13,1,1253,926,21,4,302,8,3,964,767,13,3,175,0,0,1304,947,39,3,314,5,10,992,760,20,1,208,3,0
30105000034,2673,2313,29,12,306,18,4,2003,1799,18,9,182,9,2,2860,2424,37,5,330,55,81,2220,1953,29,7,200,12,0,2802,2322,58,6,357,65,75,2221,1928,29,5,211,32,0
30053000011,1079,1025,12,2,23,8,5,869,832,6,0,18,4,2,1234,1133,16,0,64,18,19,998,912,15,3,48,0,1,1033,952,14,0,62,0,1,848,777,13,3,55,0,1
30053000003,3457,3241,108,20,84,18,1,2738,2601,67,4,59,8,1,3360,3059,180,6,119,5,0,2496,2391,60,3,50,0,0,3631,3385,162,3,102,4,0,2714,2598,60,3,62,0,0
30053000010,1308,1255,30,6,11,9,1,1094,1057,18,1,8,7,1,1524,1425,62,0,3,20,15,1216,1123,63,0,4,20,15,1506,1446,9,0,4,22,23,1210,1151,8,0,4,20,22
30053000012,2669,2517,49,11,72,23,4,2123,2016,34,8,59,11,4,2179,2051,20,1,84,44,3,1816,1714,19,1,75,3,0,2173,2047,32,1,62,54,0,1842,1753,29,1,61,3,0
30053000005,246,232,2,0,9,2,0,206,199,1,0,6,1,0,277,253,3,0,16,2,11,238,225,3,0,6,2,0,309,275,11,1,15,2,10,256,245,0,0,6,2,0
30053000006,454,424,5,1,15,3,0,380,360,2,0,10,2,0,514,469,5,2,30,3,22,442,414,5,2,6,4,0,561,503,20,2,29,3,18,471,451,2,2,5,4,0
30053000002,620,593,12,0,8,0,0,494,476,8,0,7,0,0,604,571,5,1,20,0,0,469,452,5,0,8,1,0,641,608,6,0,11,1,0,487,467,5,0,8,1,0
30053000014,502,468,10,2,20,9,1,419,397,5,1,16,3,1,569,519,11,3,35,9,23,486,457,12,2,13,9,0,618,560,22,2,33,9,22,524,495,2,2,13,9,0
30053000013,2204,2069,58,14,54,16,1,1758,1673,38,2,40,9,1,1751,1643,50,0,38,3,15,1504,1399,50,0,38,4,14,1856,1752,24,0,56,4,22,1556,1457,23,0,48,4,22
30053000009,2585,2423,66,14,78,13,3,2077,1967,41,5,56,9,2,2559,2413,118,0,15,0,0,2044,1947,73,0,12,1,0,2646,2335,186,32,81,0,0,2084,1923,121,0,35,1,0
30035000008,1203,128,24,2,1067,1,1,784,115,9,2,664,0,1,1103,163,0,4,930,1,2,842,141,0,1,696,0,2,1111,139,7,14,950,1,2,828,118,7,15,686,0,2
30035000019,402,68,6,1,331,2,1,280,56,3,1,219,1,1,506,202,9,2,294,0,0,393,171,0,1,222,0,0,502,180,10,8,307,0,0,408,169,0,11,229,0,0
30035000010,583,90,7,0,489,0,0,389,82,4,0,304,0,0,661,161,12,3,490,2,0,510,146,5,3,352,0,1,665,140,6,10,508,2,0,498,127,6,10,349,0,1
30035000009,3332,268,53,16,3049,7,3,2140,213,23,7,1915,4,2,3643,364,112,11,3236,1,8,2262,286,38,1,1932,1,4,3676,252,112,0,3301,0,8,2304,266,48,0,1994,0,4
30035000015,545,133,5,2,407,3,0,388,103,2,1,280,2,0,786,408,29,5,353,0,1,653,349,6,3,295,0,0,811,384,23,15,386,0,1,689,361,6,14,302,0,0
30059000005,1891,1827,28,3,28,8,0,1526,1476,22,1,25,4,0,1968,1857,53,0,58,0,0,1560,1510,4,0,45,0,0,1888,1749,88,1,47,3,0,1490,1450,4,4,35,4,0
30017000003,2757,2578,49,23,89,20,4,2097,2002,25,13,47,10,2,3029,2788,38,8,177,24,4,2308,2172,24,4,82,13,4,2994,2723,39,3,216,10,6,2253,2142,33,0,63,12,4
30017000004,2919,2716,89,16,91,16,5,2213,2098,44,4,55,12,4,2769,2567,117,7,100,1,0,2089,2000,27,4,59,1,0,2743,2592,58,8,111,1,14,2160,2028,38,4,76,1,15
30017000008,487,473,6,1,6,2,1,376,367,4,1,4,1,1,521,502,9,1,6,2,0,400,389,3,1,7,1,0,512,478,25,1,5,1,0,394,380,7,1,5,1,0
30017000001,2467,2293,73,13,81,12,10,1967,1848,50,7,60,10,3,2337,2086,148,108,113,0,4,1879,1732,90,20,34,0,0,2266,1996,177,107,78,0,5,1803,1645,115,20,27,0,0
30017000002,1752,1670,32,6,30,15,1,1363,1307,20,2,23,10,0,1816,1651,51,0,113,9,0,1448,1317,41,0,79,10,0,1847,1697,36,3,99,6,0,1472,1361,37,0,69,8,0
30053000008,1465,1395,25,3,30,15,1,1223,1171,15,0,23,11,1,1348,1267,33,1,38,12,0,1119,1056,35,1,21,10,0,1369,1275,36,2,57,0,0,1165,1083,35,1,46,0,0
30053000001,786,748,18,2,15,2,0,626,602,12,1,11,0,0,757,711,9,3,23,1,0,585,562,9,1,12,0,0,845,803,16,1,20,1,0,627,601,10,1,15,0,0
30053000004,1397,1300,50,5,38,6,0,1051,988,30,2,30,5,0,1854,1675,62,0,102,16,0,1471,1359,26,0,69,15,0,1639,1486,72,0,84,0,0,1356,1252,45,0,60,0,0
30049000033,1133,1063,36,2,32,3,0,957,903,25,2,27,2,0,981,899,76,2,6,0,0,796,780,15,0,8,0,0,944,911,29,0,6,2,0,794,779,7,0,8,3,0
30099000007,1860,1782,23,7,44,12,1,1395,1356,6,3,29,3,0,1987,1893,18,8,55,11,0,1447,1378,20,0,40,8,0,2012,1904,18,15,57,14,0,1480,1398,20,4,46,14,0
30057000020,2397,2272,76,16,28,15,0,2016,1920,57,10,21,10,0,2455,2251,87,24,67,0,37,2121,1980,37,25,59,2,0,2470,2279,102,26,70,1,0,2130,1999,34,25,61,2,0
300570001-1,238,227,5,1,3,1,0,195,191,4,0,3,1,0,266,226,40,1,5,1,1,187,179,5,2,4,0,0,281,245,25,2,6,0,0,204,192,5,2,4,0,0
30057000021,830,798,19,2,10,2,0,693,670,11,1,8,0,0,849,823,5,3,12,0,3,727,712,3,3,10,0,0,856,822,10,3,24,0,0,725,702,8,3,18,0,0
300570001-2,292,278,7,0,5,1,0,244,230,5,0,4,1,0,335,275,50,0,7,0,0,230,217,7,1,4,0,0,348,300,39,0,7,0,0,246,237,7,1,4,0,0
30055000008,551,539,3,3,7,1,0,441,434,3,2,2,1,0,556,516,26,0,14,4,0,429,417,4,0,5,0,0,635,548,31,0,44,13,0,468,454,4,0,6,1,0
30055000027,444,435,2,2,7,0,1,361,354,2,2,3,0,1,467,425,25,0,11,5,0,354,351,5,0,5,0,0,546,465,28,0,42,14,0,388,377,5,0,5,2,0
30055000004,739,715,8,5,6,3,0,569,559,3,2,3,1,0,607,590,8,0,7,1,0,507,497,1,0,4,0,0,609,576,8,0,22,2,0,504,489,1,0,14,1,0
30085000018,2382,306,24,5,2060,5,1,1532,267,15,3,1252,4,0,2548,356,51,4,2154,0,0,1618,304,30,0,1288,0,0,2443,362,50,4,2050,0,0,1516,306,25,0,1178,0,0
30079000004,281,268,6,1,7,6,0,233,223,3,1,3,3,0,318,314,6,0,6,0,0,244,242,2,0,2,0,0,298,293,4,0,6,4,0,223,223,0,0,2,0,0
30035000005,1526,904,17,7,600,12,1,1069,654,9,4,402,8,1,1358,792,29,16,532,2,8,964,598,11,4,346,2,2,1249,709,25,14,518,4,8,874,494,12,14,340,2,2
30035000011,497,186,2,1,308,1,0,341,131,0,0,205,0,0,492,198,26,9,264,0,11,322,148,5,0,158,0,4,372,97,17,0,267,0,10,241,78,4,0,159,0,4
30035000006,125,110,0,0,14,0,0,89,80,0,0,10,0,0,107,93,5,0,10,0,0,71,67,0,0,4,0,0,124,96,6,1,18,0,0,73,63,0,0,12,0,0
30035000002,782,584,20,7,180,4,1,588,461,8,5,110,4,1,733,462,37,0,223,5,0,482,339,11,0,131,2,0,800,536,51,3,206,3,0,552,394,21,0,137,2,0
30035000001,846,666,18,3,164,5,0,641,527,9,2,108,4,0,1009,630,122,0,248,13,0,556,417,18,0,107,13,0,1155,733,156,0,252,13,0,620,473,20,0,108,13,0
30035000007,191,27,4,1,162,0,0,131,23,0,0,105,0,0,197,50,1,6,141,0,0,143,35,2,0,104,0,0,185,57,0,0,126,0,0,142,49,0,0,93,0,0
30073000035,878,745,10,2,126,3,1,664,562,5,0,83,1,0,824,671,15,2,130,0,0,618,541,0,0,76,0,0,794,637,23,4,133,0,0,593,503,6,0,83,1,0
30085000027,1356,297,20,3,1042,10,2,876,242,14,1,626,8,1,1413,227,94,2,1156,1,0,927,189,34,3,693,1,0,1480,218,90,0,1243,2,0,951,175,24,0,748,1,0
30085000024,1302,310,33,5,964,15,0,852,265,17,3,566,12,0,1437,363,63,35,1041,17,0,971,271,7,15,638,15,0,1508,359,57,34,1110,10,0,990,269,6,15,663,10,0
30017000006,245,238,3,1,4,2,0,192,190,3,0,3,0,0,250,237,5,1,4,2,0,194,185,5,1,5,3,0,250,237,10,0,3,2,0,194,184,7,1,3,3,0
30017000009,125,123,1,1,1,1,0,99,96,1,0,1,1,0,123,118,2,0,1,1,0,96,90,1,0,1,1,0,125,119,5,0,1,1,0,96,91,3,0,1,1,0
30017000011,80,80,0,0,0,0,0,63,61,0,0,0,0,0,80,76,2,0,0,0,0,61,58,0,0,0,0,0,83,77,2,0,0,0,0,63,58,2,0,0,0,0
30017000010,51,49,0,0,0,0,0,40,40,0,0,0,0,0,51,49,2,0,1,0,0,40,39,2,0,2,0,0,50,46,2,0,0,0,0,40,39,2,0,0,0,0
30017000005,329,318,3,0,7,0,0,258,253,2,0,1,0,0,336,319,9,0,8,2,0,258,250,8,0,9,0,0,336,318,16,0,2,0,0,259,249,8,0,1,0,0
30017000013,61,58,0,0,0,0,0,48,45,0,0,0,0,0,66,64,0,0,0,0,0,51,48,0,0,0,0,0,65,62,5,0,0,0,0,49,47,0,0,0,0,0
30017000012,56,55,0,0,1,0,0,44,44,0,0,0,0,0,56,53,1,0,1,0,0,44,41,1,0,1,0,0,56,52,3,0,0,0,0,44,42,2,0,0,0,0
30049000001,1933,1821,47,12,43,18,1,1408,1349,22,3,30,11,0,1938,1726,99,17,120,60,4,1449,1330,50,4,47,17,0,1887,1617,117,37,172,93,3,1446,1291,63,4,45,19,0
30049000006,2506,2286,75,22,101,29,7,1884,1760,36,6,61,18,6,2853,2541,206,6,91,34,0,2135,1953,112,1,41,24,0,3026,2705,237,6,82,32,1,2231,2046,125,1,32,16,0
30049000028,1828,1707,43,5,60,17,3,1422,1341,29,0,42,10,2,1697,1584,49,0,38,24,0,1379,1314,29,0,32,8,0,1725,1586,51,24,59,15,0,1398,1295,32,13,46,10,0
3004700POL3,720,588,6,4,121,0,0,615,521,5,2,86,0,0,528,477,15,0,16,20,0,496,466,15,0,15,0,0,587,498,13,0,57,19,0,561,491,15,0,55,0,0
300470000NA,3,3,0,0,0,0,0,2,2,0,0,0,0,0,3,3,0,0,0,0,0,2,2,0,0,0,0,0,3,3,0,0,0,0,0,3,2,0,0,0,0,0
3004700POL5,2546,1855,92,20,588,30,7,1941,1506,55,13,360,16,3,2421,1813,62,8,529,3,5,1884,1488,62,7,322,2,4,2639,1883,136,6,654,7,7,2032,1548,81,4,387,2,4
30049000005,2040,1826,79,10,110,21,2,1604,1455,44,4,76,12,2,2055,1823,35,45,129,12,2,1574,1446,28,35,55,4,0,1993,1772,44,32,133,15,5,1600,1470,31,22,59,9,1
30049000017,2090,1843,77,20,130,34,6,1683,1520,51,10,91,21,3,2360,2019,103,40,173,24,14,1966,1711,70,18,143,21,1,2236,1951,115,40,119,0,17,1822,1621,81,12,103,0,5
30049000015,2036,1816,69,26,124,23,6,1591,1463,33,14,73,21,1,1845,1587,100,5,129,15,9,1505,1303,97,4,84,10,4,1933,1640,113,11,155,10,7,1587,1342,113,9,112,11,4
30049000022,1980,1822,64,16,58,27,4,1767,1641,53,13,44,25,4,2026,1755,199,35,41,18,5,1781,1583,125,31,36,11,0,2015,1723,204,38,49,24,5,1757,1554,116,40,45,16,0
30077000007,848,809,9,13,12,7,0,661,638,5,3,6,5,0,812,790,0,7,6,9,0,614,600,0,8,2,8,0,794,779,0,11,6,0,0,627,615,0,12,2,0,0
30077000004,782,751,6,2,10,9,0,575,556,4,1,5,5,0,582,544,0,1,14,20,0,486,457,0,1,3,22,0,473,458,0,2,11,0,0,368,356,0,2,8,0,0
30077000003,2068,1687,61,50,273,14,0,1934,1573,55,43,268,10,0,2054,1594,119,23,351,8,3,1967,1514,120,9,302,5,0,2091,1568,102,38,408,13,2,1981,1490,100,25,370,0,0
30085000026,1306,704,9,4,574,23,1,957,601,5,2,336,13,1,1579,899,69,0,599,46,0,1080,720,17,0,338,9,0,1576,877,64,0,601,68,0,1059,668,9,0,367,13,0
30085000022,448,249,9,7,190,8,1,337,196,7,0,133,4,1,436,153,16,8,264,3,3,274,132,9,9,127,0,0,410,149,17,0,246,3,2,263,131,8,0,124,4,0
30033000014,165,163,0,0,1,0,0,124,124,0,0,1,0,0,160,160,0,0,0,0,0,123,123,0,0,0,0,0,142,139,0,1,0,0,0,111,110,0,0,0,0,0
30033000019,158,158,0,0,0,0,0,122,120,0,0,0,0,0,153,151,0,0,0,0,0,118,118,0,0,0,0,0,132,132,0,0,0,0,0,106,106,0,0,0,0,0
30033000007,145,144,0,0,0,0,0,113,110,0,0,0,0,0,140,140,0,0,0,0,0,109,109,0,0,0,0,0,121,120,0,0,0,0,0,103,102,0,0,0,0,0
30033000001,738,722,3,4,9,1,0,568,563,2,0,5,1,0,688,688,2,0,1,0,0,550,550,4,0,0,0,0,641,637,1,6,0,0,0,505,497,4,4,0,0,0
30025000001,2890,2793,34,16,24,23,4,2211,2147,23,7,17,16,3,2838,2655,61,40,76,20,0,2125,2020,49,20,43,0,0,2921,2756,58,1,82,51,0,2125,2050,23,4,58,0,0
30035000012,514,20,20,0,492,0,0,345,18,8,0,323,0,0,444,31,0,0,407,4,0,340,30,0,0,305,2,0,478,32,0,0,449,0,0,345,30,0,0,311,0,0
30035000013,502,16,15,1,482,0,0,323,16,6,0,305,0,0,361,18,0,0,343,1,1,274,18,0,0,256,1,1,405,17,6,0,380,0,1,298,17,5,0,274,0,1
3003500021C,1100,18,20,1,1080,1,0,715,18,10,1,699,0,0,1130,20,0,0,1110,1,0,597,22,0,0,575,0,0,1147,40,0,0,1106,0,0,588,43,0,0,544,0,0
30035000003,787,575,20,5,196,0,0,580,450,9,3,120,0,0,700,454,11,0,236,1,0,495,322,10,0,156,0,0,743,514,22,11,201,0,0,566,381,24,0,166,0,0
30035000004,464,324,10,3,128,3,0,360,271,6,0,81,3,0,469,190,9,4,268,7,0,341,171,8,3,153,8,0,309,186,10,11,99,11,0,279,162,11,11,85,8,0
30057000007,1434,1381,29,2,20,4,0,1153,1113,25,1,16,3,0,1426,1317,65,0,36,4,0,1146,1096,21,0,27,6,0,1502,1410,59,0,32,3,0,1185,1134,16,0,30,3,0
300570015-1,408,392,12,2,7,3,1,328,320,8,1,6,1,1,385,373,11,7,4,2,0,319,311,11,0,1,3,0,382,366,11,6,7,4,1,328,314,11,0,2,4,0
30091000002,614,577,1,5,31,0,0,489,467,1,2,20,0,0,682,610,1,56,16,0,0,528,505,4,11,8,0,0,717,656,1,52,5,0,0,557,537,4,11,8,0,0
30091000005,343,329,3,0,9,1,0,282,269,1,0,6,0,0,327,285,4,1,19,9,4,246,215,1,0,17,1,0,274,237,6,1,14,7,2,207,185,1,0,14,0,0
30091000006,368,351,4,0,6,0,0,300,287,2,0,3,0,0,351,318,5,0,23,5,2,280,250,1,0,18,2,0,317,286,10,0,16,3,3,251,227,4,0,9,0,0
30091000001,336,318,6,1,12,0,0,262,251,4,0,6,0,0,336,328,0,3,6,0,0,255,255,0,3,0,0,0,377,368,0,5,7,0,0,287,283,0,3,0,0,0
30091000003,761,713,8,5,22,14,1,627,598,5,1,16,9,1,873,800,29,0,47,18,16,667,612,16,0,33,1,0,778,717,24,0,39,11,10,634,585,13,0,32,1,0
30091000004,962,913,29,8,19,11,0,766,743,17,2,15,4,0,1005,917,56,0,27,12,6,799,758,21,0,19,10,0,1020,908,91,0,22,11,8,799,738,47,0,18,3,0
30077000002,146,138,1,2,6,2,0,119,114,1,1,3,1,0,146,139,0,0,6,0,0,128,123,0,0,5,0,0,155,145,0,5,3,5,0,129,127,0,0,3,0,0
30077000012,219,208,0,0,4,0,0,172,163,0,0,2,0,0,205,197,0,0,13,0,0,148,141,0,0,10,0,0,213,201,0,0,6,0,0,155,148,0,0,0,0,0
30077000014,254,243,3,1,5,1,0,202,194,2,1,3,1,0,242,225,3,0,12,0,0,176,162,3,0,9,0,0,249,241,3,0,6,0,0,179,177,3,0,1,0,0
30077000010,134,128,4,1,4,2,0,106,104,2,0,4,1,0,127,116,3,0,7,0,0,95,87,3,0,6,0,0,130,125,3,0,4,0,0,98,96,3,0,1,0,0
30077000011,230,221,5,2,7,3,1,184,176,4,2,6,2,1,219,205,4,0,11,0,0,160,150,4,0,9,0,0,225,218,4,0,7,0,0,165,162,4,0,2,0,0
30077000001,238,230,2,0,4,1,0,189,183,1,0,2,1,0,234,225,0,0,5,0,0,198,193,1,0,2,0,0,197,194,0,0,1,0,0,175,171,1,0,1,0,0
30051000001,942,922,6,4,7,3,3,737,729,6,2,4,2,2,918,894,19,4,0,0,3,721,704,14,2,0,0,0,946,927,14,3,0,0,3,732,723,12,0,0,0,0
30051000003,457,439,0,4,10,2,2,364,361,0,0,2,0,0,528,521,9,0,0,0,2,431,421,9,0,0,0,0,542,534,9,2,0,0,2,431,423,9,0,0,0,0
30051000004,272,271,0,1,1,0,0,212,205,0,0,0,0,0,287,278,2,0,0,0,1,224,221,1,0,0,0,0,300,291,1,0,0,0,1,225,223,1,0,0,0,0
30051000002,668,661,2,0,2,2,2,512,507,2,0,2,1,1,547,526,19,2,0,0,0,414,399,6,2,0,0,0,563,559,5,0,0,0,0,427,421,3,0,0,0,0
30065000005,1015,970,20,6,22,4,2,804,768,17,3,16,3,2,1041,1012,20,0,6,5,0,819,806,10,0,9,1,0,1056,992,27,0,30,3,0,821,767,23,0,26,1,0
30065000001,979,902,44,6,29,3,1,764,726,17,1,15,2,1,1144,1068,49,6,4,14,0,903,874,11,0,2,11,0,1165,1035,49,9,37,46,0,949,864,25,0,13,35,0
30065000003,809,762,24,3,24,3,0,607,585,10,1,16,1,0,749,711,27,3,10,4,0,586,578,3,0,5,3,0,687,650,15,2,17,7,0,538,515,4,0,14,4,0
3006300098N,1018,926,15,7,39,26,7,800,737,11,5,26,16,3,1052,989,32,0,36,0,0,878,818,32,0,29,0,0,1198,1140,38,0,21,0,0,969,919,31,0,21,0,0
300630098TR,2830,2634,57,16,84,51,5,2295,2169,33,10,51,35,1,3095,2979,28,32,53,6,0,2417,2306,28,34,48,0,0,3134,2896,41,33,90,71,0,2553,2365,39,34,85,30,0
3006300098S,2559,2328,72,26,107,38,10,2055,1902,43,13,71,27,8,3120,2624,95,22,381,26,0,2597,2141,94,6,350,10,0,3495,2970,142,11,366,45,0,2693,2229,123,6,333,10,0
300630095He,2068,1754,77,28,191,31,3,1740,1514,54,17,138,24,2,1377,1252,7,2,94,1,0,1052,965,7,3,80,0,0,1518,1271,10,2,224,1,0,1251,1031,9,3,215,0,0
30061000025,908,856,13,6,17,14,0,722,687,6,3,16,11,0,821,710,13,15,83,0,0,716,620,11,0,83,0,0,826,734,4,18,69,0,0,679,601,4,4,69,0,0
30061000030,1122,1050,23,8,34,16,0,939,887,8,5,32,13,0,1017,931,19,2,42,32,0,860,801,18,4,35,12,0,1082,994,23,5,46,18,0,933,866,19,8,40,4,0
30061000024,335,312,4,1,10,3,0,282,264,2,0,8,3,0,283,256,4,0,9,9,0,242,222,3,0,7,3,0,299,285,4,0,10,3,0,266,252,3,0,9,0,0
30061000026,869,801,22,5,41,6,0,706,657,16,1,32,5,0,814,782,33,0,8,0,0,614,577,34,0,4,0,0,769,755,6,10,3,4,0,597,590,4,0,4,4,0
30057000005,1471,1394,27,8,32,9,1,1201,1145,21,4,21,7,1,1920,1725,140,2,37,14,0,1439,1386,16,2,17,5,0,1885,1702,110,2,46,27,0,1454,1381,36,2,26,16,0
3006300092C,1568,1475,27,6,43,20,1,1195,1142,12,2,31,10,0,1611,1436,40,6,119,16,0,1235,1142,25,2,54,12,0,1706,1514,82,16,68,37,0,1372,1267,43,7,32,21,0
3006300089C,653,614,7,2,21,6,0,493,472,2,1,13,3,0,664,598,27,1,38,2,0,518,481,19,1,12,1,0,715,624,57,2,21,6,0,564,518,29,1,8,5,0
300630089LC,333,310,6,0,9,1,0,265,248,4,0,5,1,0,374,341,6,1,16,10,0,271,249,4,0,10,5,0,401,368,13,0,13,10,0,281,258,13,0,3,4,0
300630089CS,2927,2746,59,22,51,46,1,2064,1959,34,12,34,23,1,3090,2649,117,44,77,195,0,2226,1953,84,16,30,135,0,3346,2802,173,22,77,266,0,2432,2075,109,13,44,195,0
3006300089L,1074,1015,17,2,25,14,2,816,777,12,1,15,6,2,1188,1104,25,14,16,30,0,916,878,5,13,14,1,0,1336,1223,32,13,51,25,0,1025,957,5,13,47,1,0
3006300092B,2861,2638,77,19,121,29,2,2223,2077,52,10,73,23,0,2909,2595,127,10,85,92,0,2309,2138,72,4,36,56,0,2694,2528,84,12,32,40,0,2167,2052,65,9,20,21,0
3006300089B,100,91,2,0,5,2,0,84,75,2,0,3,2,0,124,102,2,0,13,9,0,97,85,0,0,5,5,0,154,125,2,0,16,10,0,115,103,0,0,5,5,0
3006300097L,5586,5261,98,30,155,50,5,4101,3895,67,6,100,35,5,5402,5026,168,18,89,106,2,3972,3759,136,17,23,46,2,5660,5149,141,30,174,155,2,4214,3931,94,32,77,83,2
300570015-2,621,593,11,0,6,0,0,497,483,8,0,2,0,0,582,564,14,8,0,0,0,476,459,13,0,0,0,0,578,552,16,5,3,1,0,503,481,17,0,0,2,0
30061000022,698,662,11,6,13,4,0,581,554,8,2,12,3,0,1000,912,3,2,55,20,0,811,769,4,4,38,0,0,1016,868,19,17,84,15,0,786,698,8,16,61,0,0
30053000007,915,856,17,8,28,9,1,733,693,12,2,23,7,1,828,785,1,3,41,0,0,751,709,0,3,38,0,0,710,669,1,3,42,0,0,665,627,0,3,38,0,0
30073000024,1406,1343,21,18,37,7,3,1087,1054,11,8,25,4,3,1288,1234,13,12,33,2,2,1007,985,4,4,14,0,0,1365,1329,12,3,31,0,0,1081,1069,4,2,7,0,0
30073000029,253,243,6,2,6,1,0,199,191,4,0,5,0,0,241,237,0,1,1,0,0,204,204,0,0,1,0,0,245,240,1,4,1,0,0,201,201,1,0,1,1,0
30073000019,612,578,8,5,18,4,1,479,460,5,2,11,2,1,550,545,0,4,4,0,0,474,471,0,0,2,0,0,560,536,8,4,5,1,0,442,431,8,0,2,2,0
30073000027,1169,1089,19,7,54,3,1,906,857,7,3,31,1,1,1374,1280,29,23,46,0,0,937,904,4,4,20,0,0,1302,1243,17,3,53,0,0,921,896,4,2,17,0,0
30041000014,668,583,21,1,62,2,0,482,437,8,1,37,0,0,645,463,84,0,89,7,0,459,355,36,0,55,7,0,648,493,61,0,86,10,0,461,372,30,0,49,10,0
30041000015,483,439,14,1,29,5,0,356,334,7,0,16,1,0,480,379,52,1,42,11,0,352,286,22,1,32,8,0,479,385,39,0,45,8,0,345,289,16,1,30,10,0
30041000018,567,93,15,5,463,1,0,358,71,10,1,278,1,0,573,86,20,21,457,0,0,361,71,9,10,272,0,0,589,79,24,25,476,0,0,373,68,9,10,285,0,0
30041000016,568,443,18,5,106,5,2,405,339,11,2,53,3,1,597,430,44,1,143,2,0,432,349,22,0,58,2,0,579,452,41,3,110,2,0,429,360,23,0,43,2,0
30041000008,980,898,11,4,59,20,0,732,684,6,2,31,12,0,1153,1031,15,0,112,6,0,860,783,3,0,73,3,0,1144,989,14,40,108,8,0,862,747,1,22,91,6,0
30041000028,1672,44,27,3,1621,4,0,1024,35,18,2,986,4,0,2049,46,28,10,1992,5,3,1189,45,15,5,1122,4,0,2095,32,18,10,2051,5,5,1173,35,13,5,1116,0,0
30041000007,1443,1277,24,4,125,18,1,1069,971,19,2,70,14,1,1395,1187,22,38,177,16,0,1063,972,10,10,67,2,0,1446,1236,14,56,167,12,0,1111,1005,0,23,83,5,0
30041000020,593,571,5,2,9,6,0,461,451,3,2,5,1,0,558,549,5,4,5,3,0,435,428,3,3,5,0,0,541,539,4,2,4,0,0,423,417,3,3,5,0,0
30041000021,230,222,2,0,2,2,0,175,172,0,0,1,0,0,207,199,0,0,1,0,0,161,158,0,0,2,0,0,209,200,0,0,2,0,0,154,150,0,0,2,0,0
300710011-N,3139,2752,63,3,314,13,4,2393,2160,31,0,191,7,3,3094,2644,66,12,380,18,0,2366,2092,40,0,201,20,0,3051,2565,103,0,391,12,0,2375,2073,70,0,225,10,0
300710011-S,1114,913,18,2,181,8,5,876,729,12,0,136,7,5,1030,833,36,0,164,0,0,769,633,14,0,123,0,0,1026,852,11,0,167,0,0,735,607,9,0,119,0,0
30005000001,464,423,2,2,35,2,0,341,322,1,1,18,1,0,383,362,0,0,19,0,0,288,274,0,0,11,0,0,415,386,0,0,27,0,0,318,306,0,0,11,0,0
30073000020,748,58,14,2,687,1,0,472,44,3,2,426,1,0,755,60,35,11,684,5,0,485,48,4,10,432,4,0,760,52,20,9,699,5,0,505,39,4,10,461,4,0
30073000023,586,549,6,0,33,4,2,439,408,5,0,24,4,1,550,482,14,4,47,3,0,402,370,4,0,27,4,0,519,446,20,4,46,2,0,395,362,4,0,30,4,0
30073000034,506,460,3,0,38,0,0,375,357,2,0,29,0,0,462,410,13,0,50,0,0,353,322,0,0,31,0,0,449,383,21,0,45,0,0,347,314,0,0,32,0,0
30021000001,1343,1258,27,6,46,8,0,1062,1003,11,4,37,7,0,1248,1161,17,20,49,0,0,1035,975,17,20,28,0,0,1165,1089,10,0,55,7,0,976,934,9,0,32,2,0
30021000007,2044,1941,38,5,74,5,0,1583,1533,21,1,35,2,0,2069,1945,37,11,75,8,0,1542,1463,33,7,37,9,0,2037,1894,41,15,69,22,0,1542,1445,33,11,41,20,0
30021000003,1163,1082,19,8,53,6,0,950,882,11,8,44,6,0,1397,1231,38,49,80,2,0,1111,972,36,46,46,0,0,1313,1190,24,5,93,2,0,1044,953,26,6,61,0,0
30021000004,1144,1065,28,6,36,3,0,884,837,14,2,23,3,0,1292,1209,57,14,14,0,0,1009,927,55,16,6,0,0,1474,1375,67,23,32,0,0,1115,1021,67,22,7,0,0
30021000006,1539,1500,18,4,16,4,0,1198,1177,9,1,9,4,0,1553,1447,34,1,59,9,0,1180,1117,32,0,23,5,0,1565,1465,36,1,59,11,0,1198,1128,34,0,32,7,0
30021000002,1299,1205,46,21,31,8,4,1066,997,35,12,23,5,4,1187,1072,89,25,7,0,0,910,803,85,26,4,0,0,1080,957,86,35,8,0,0,828,711,75,34,4,0,0
30021000005,434,426,2,0,3,1,0,354,349,1,0,2,1,0,445,422,13,0,7,6,0,363,348,10,0,2,0,0,383,349,17,0,10,4,0,317,298,10,0,6,0,0
300630099CS,2523,2380,55,20,33,31,5,1835,1753,31,6,23,22,3,3082,2744,74,48,132,84,0,2210,2046,41,37,38,55,0,3059,2743,37,38,130,114,0,2222,2049,26,30,38,80,0
3006300096E,6689,6160,145,61,197,140,23,5167,4840,87,28,126,89,12,7844,7137,323,89,298,92,52,5967,5674,133,0,101,41,18,8369,7690,358,39,170,223,34,6526,6153,170,0,49,98,10
3006300095L,3787,3296,119,55,268,69,13,3252,2891,96,36,191,50,11,4840,4369,182,36,260,1,0,4349,3995,77,38,257,0,0,4766,4358,255,34,124,2,0,4216,3968,95,36,118,0,0
3006300091L,3239,2965,87,27,112,56,12,2892,2660,71,25,92,48,12,3428,3205,27,18,87,92,0,3017,2888,24,11,50,40,0,3440,3134,48,19,98,142,0,2987,2809,46,17,43,80,0
3006300094H,2551,2298,78,25,114,52,8,1981,1824,46,13,73,36,4,2969,2453,219,77,187,69,38,2192,1991,69,9,81,33,11,2675,2266,156,42,161,86,25,2093,1893,29,9,104,55,6
3006300094L,2589,2283,96,31,170,27,11,2079,1881,60,14,103,15,7,2443,1991,116,36,264,95,0,2202,1799,113,0,214,70,0,2311,1815,231,43,222,92,0,2106,1692,230,0,125,51,0
300630095Ha,2545,2256,94,29,147,50,3,2032,1849,56,13,91,39,2,2584,2343,173,20,49,0,0,2067,1937,64,20,51,0,0,2555,2371,120,17,46,0,0,2130,1995,70,15,45,0,0
30063091RsW,2653,2542,39,22,22,28,4,2171,2090,28,15,20,19,3,2679,2577,10,22,0,68,0,2165,2073,0,20,0,67,0,2817,2685,19,22,15,76,0,2311,2199,2,20,15,74,0
30041000001,1517,1259,52,18,199,10,3,1202,1039,27,12,123,7,3,1626,1498,20,2,67,52,0,1243,1154,19,2,55,17,0,1536,1370,57,15,74,49,0,1219,1089,48,3,56,23,0
30041000003,1433,1087,50,11,292,8,5,1019,836,29,7,145,7,2,1519,1109,106,1,401,2,0,1111,918,59,0,129,1,0,1472,1157,106,2,297,2,0,1125,975,62,2,87,2,0
30041000009,988,893,7,5,74,10,3,751,688,5,3,49,7,1,502,459,23,0,17,4,0,446,404,24,0,19,4,0,595,542,36,0,18,0,0,508,480,14,0,18,0,0
3002305-77N,1125,1049,38,9,31,4,3,929,877,26,2,26,3,3,1222,1128,63,8,30,0,0,1038,982,34,2,21,0,0,1319,1238,53,7,22,1,0,1115,1069,30,2,15,3,0
30023004-77,205,188,7,2,5,0,0,164,149,3,0,4,0,0,215,199,5,5,5,0,0,175,164,4,3,2,0,0,221,204,5,7,3,0,0,183,169,2,6,2,0,0
3002305-77S,727,689,17,6,16,4,2,597,573,11,4,13,3,2,716,680,22,3,13,3,0,609,581,14,2,9,3,0,721,684,19,3,10,6,0,610,585,10,3,7,5,0
3002304-78W,1062,886,38,13,141,6,2,906,758,31,12,121,6,2,1154,998,56,14,96,0,8,986,866,46,8,79,0,0,996,868,47,21,71,1,7,849,761,46,9,40,1,0
3002301-77W,790,767,8,9,9,2,0,647,629,5,5,4,0,0,714,689,0,0,0,26,0,624,611,0,0,0,11,0,679,642,0,0,0,41,0,599,585,0,0,0,16,0
30023001-78,147,143,1,0,0,0,0,121,119,0,0,0,0,0,130,126,0,0,0,3,0,112,112,0,0,0,2,0,120,115,0,0,0,6,0,107,105,0,0,0,4,0
3002302-77W,762,704,19,13,35,3,0,620,584,13,5,21,3,0,768,680,62,0,18,6,0,608,555,25,0,17,6,0,800,694,75,0,19,7,0,619,567,25,0,20,7,0
30023003-78,214,196,6,4,10,3,1,170,154,5,4,10,3,1,219,207,1,7,0,3,0,175,165,1,7,0,3,0,222,205,2,11,4,2,0,187,168,1,11,4,2,0
3002303-77E,829,757,28,5,39,7,1,655,597,22,2,35,1,1,818,775,1,27,0,17,0,665,619,1,27,0,18,0,831,763,1,39,13,10,0,691,629,1,39,14,11,0
30023002-78,284,267,6,4,7,3,1,224,214,5,4,7,3,1,288,273,1,5,0,9,0,241,231,1,5,0,2,0,293,273,2,7,1,10,0,249,236,1,8,1,2,0
3002303-77W,796,719,28,6,38,9,2,627,582,18,3,27,6,0,707,585,14,7,88,19,0,599,514,9,6,57,20,0,713,605,14,8,78,15,0,589,530,9,9,34,13,0
3002302-77E,838,753,33,5,41,8,3,660,609,16,5,18,5,3,783,649,11,7,97,14,0,657,559,7,7,63,14,0,792,679,14,10,80,5,0,646,588,7,10,31,4,0
3004700RON1,3041,1896,118,17,1048,15,1,2176,1465,60,6,647,11,1,3133,1967,219,23,1000,30,0,2200,1467,99,6,617,4,0,3056,1804,221,20,1075,31,0,2175,1413,83,9,661,4,0
3004700CHA1,1340,1028,27,7,271,11,4,981,776,14,4,187,7,2,1399,1096,15,15,262,6,4,990,800,14,0,174,2,0,1335,972,52,14,292,5,3,980,757,16,4,199,2,0
3004700STI1,1472,1055,46,10,381,7,1,1090,817,27,2,252,4,0,1668,1058,76,15,509,30,48,1209,831,21,4,320,28,0,1717,1069,129,15,551,23,41,1278,868,67,6,311,21,0
3004700RON2,1823,943,101,35,767,22,3,1292,732,66,22,484,16,3,1687,851,85,49,740,44,0,1222,684,39,10,476,0,0,1580,773,55,62,736,34,0,1154,645,13,32,482,0,0
3004700STI2,1823,906,79,16,883,6,9,1288,714,38,5,550,3,2,1934,886,145,18,891,9,110,1395,753,49,6,569,6,0,2033,961,136,21,965,2,66,1422,799,31,6,579,2,4
30049000025,2188,2000,70,25,77,27,5,1683,1583,36,7,52,19,2,2391,2148,215,3,50,20,7,1867,1715,116,3,3,20,7,2454,2188,242,3,48,12,6,1866,1718,124,4,4,13,5
3004700PAB2,2916,1427,107,31,1420,9,7,2068,1139,51,14,893,7,4,3348,1246,209,106,1888,17,0,2181,986,102,34,1063,0,0,3124,1399,185,79,1575,0,0,2115,1096,106,29,887,0,0
30049000030,293,272,9,0,9,0,0,258,239,5,0,8,0,0,273,266,2,0,4,0,0,249,241,1,0,5,0,0,262,250,3,1,3,1,0,242,230,2,0,6,1,0
30081000001,1228,1126,33,23,33,12,3,1048,974,23,19,22,7,2,930,894,14,0,23,0,0,837,812,8,0,18,0,0,865,834,19,0,18,0,0,764,741,13,0,10,0,0
30081000003,1321,1213,24,7,70,10,1,1053,985,16,5,46,6,1,1288,1192,15,5,66,22,0,1084,1038,12,0,20,5,0,1309,1219,15,6,58,18,0,1124,1062,11,6,29,16,0
30081000023,2177,2073,62,6,26,13,8,1638,1577,36,3,17,8,5,2132,2048,31,0,25,27,0,1634,1577,25,0,15,11,0,2144,2044,41,0,44,15,0,1639,1561,32,0,29,12,0
30081000024,2046,1937,41,4,46,16,7,1589,1512,29,3,35,7,3,2196,2019,87,0,80,1,8,1751,1620,57,0,69,1,0,2263,2004,123,0,129,1,7,1767,1578,76,0,114,1,0
30081000022,2071,1972,44,5,37,17,3,1572,1505,29,0,29,14,1,2217,2156,22,0,27,13,0,1779,1728,12,0,27,12,0,2338,2253,40,0,24,24,0,1870,1807,19,0,24,25,0
30081000008,2040,1895,71,12,44,39,4,1622,1520,47,6,29,28,2,2171,1940,162,21,58,15,0,1764,1660,71,0,27,7,0,2080,1901,104,2,67,22,0,1706,1613,63,0,28,0,0
30081000009,2242,2082,67,8,44,39,2,1804,1698,49,4,28,24,2,2425,2187,158,12,61,13,0,2002,1886,62,0,40,9,0,2435,2188,147,1,69,34,0,1998,1884,78,0,40,0,0
30081000005,1955,1862,40,6,31,13,3,1604,1541,29,3,25,9,2,2119,1790,103,12,163,54,0,1854,1579,70,13,161,31,0,1932,1742,94,0,101,11,0,1706,1553,63,0,88,3,0
30081000002,1513,1436,34,6,34,8,0,1300,1245,23,4,24,5,0,1493,1452,6,0,2,40,0,1298,1270,6,0,1,19,0,1599,1497,11,18,2,72,0,1345,1278,12,19,1,36,0
30081000004,1061,1015,21,2,19,6,0,877,844,12,2,10,3,0,1067,991,17,2,29,22,0,943,881,13,2,26,17,0,1066,983,28,0,21,38,0,926,869,19,0,14,19,0
30081000007,1908,1802,47,6,34,22,3,1476,1417,25,2,18,15,2,1855,1683,138,14,31,5,0,1554,1494,58,0,6,0,0,1916,1804,73,0,36,6,0,1589,1548,37,0,8,0,0
30081000011,1642,1554,48,3,25,16,1,1260,1213,26,0,16,8,1,1788,1646,69,5,66,0,7,1459,1375,58,7,9,0,0,1797,1636,78,14,56,10,11,1474,1365,64,14,6,11,0
30081000006,1845,1732,57,7,42,8,9,1441,1378,32,2,27,4,2,1903,1682,206,9,15,0,0,1546,1371,155,0,15,0,0,2007,1771,228,14,6,0,0,1574,1395,179,0,7,0,0
30081000016,1639,1540,44,7,43,10,3,1308,1247,28,4,28,5,2,1675,1557,23,35,57,0,0,1300,1220,23,8,55,0,0,1471,1393,23,1,54,0,0,1211,1139,22,1,50,0,0
30081000012,1495,1408,49,3,24,17,1,1148,1102,27,2,16,6,0,1609,1458,98,13,40,2,4,1311,1211,79,13,9,0,0,1638,1474,94,25,36,7,6,1359,1236,74,26,9,6,0
30081000018,1556,1472,42,6,36,6,1,1231,1172,26,3,26,6,1,1450,1374,23,26,4,34,0,1155,1117,0,14,1,9,0,1654,1564,39,25,3,29,0,1295,1257,0,14,0,11,0
3002304-78E,605,556,21,4,34,1,2,483,446,14,1,19,1,0,445,398,6,35,6,0,0,388,374,6,0,4,0,0,436,386,2,30,16,0,0,374,353,2,0,16,0,0
30063091RsE,1992,1835,54,14,69,32,4,1606,1501,34,10,50,19,3,2053,1885,27,13,28,83,0,1577,1526,19,6,24,0,0,2054,1874,13,9,26,111,0,1483,1440,1,6,26,4,0
3006300092P,1253,1186,23,3,33,11,1,1001,963,9,1,17,7,1,1505,1368,76,5,28,24,0,1207,1135,38,0,8,23,0,1532,1409,66,2,26,24,0,1205,1130,42,0,8,24,0
3006300094E,1030,589,55,5,409,14,0,770,478,28,2,273,9,0,1252,778,18,7,437,11,0,977,687,20,4,269,0,0,1270,793,1,5,462,12,0,934,688,0,4,243,0,0
30063098CSP,3412,3026,116,51,194,58,5,2754,2514,71,20,129,39,4,3787,3486,44,54,136,88,0,2953,2713,11,54,127,54,0,3872,3571,44,61,146,86,0,3024,2770,13,63,135,44,0
300630092Se,2054,1950,36,7,51,11,1,1678,1605,23,2,41,9,1,1684,1513,91,0,36,54,0,1436,1365,32,0,26,11,0,1714,1548,66,0,55,55,0,1489,1420,13,0,32,16,0
30005000010,871,815,13,0,42,2,0,654,612,12,0,33,1,0,991,936,17,0,37,0,0,693,655,9,0,28,0,0,904,848,24,0,30,0,0,641,611,17,0,17,0,0
30005000013,330,309,2,0,15,1,0,245,232,2,0,8,1,0,383,362,4,0,16,0,0,266,254,2,0,8,0,0,346,326,8,0,8,0,0,243,234,4,0,2,0,0
30005000003,969,75,21,1,893,0,0,608,58,12,0,544,0,0,1107,94,67,4,996,16,0,684,85,42,3,558,0,0,1114,82,61,5,1015,12,0,658,69,38,6,545,0,0
30005000011,1216,1068,14,0,124,12,2,961,856,5,0,93,6,0,985,856,20,19,79,0,0,845,754,13,20,54,0,0,1084,963,16,19,79,0,0,892,809,13,20,50,0,0
30041000025,1404,1220,25,8,145,21,3,1089,962,13,5,104,13,1,1309,1152,9,0,85,36,0,1104,998,10,0,88,17,0,1272,1070,5,0,130,36,0,1046,929,4,0,95,17,0
30099000017,573,547,10,1,15,1,0,440,427,8,0,10,1,0,602,566,10,1,22,1,0,450,434,6,0,14,4,0,577,543,11,1,24,1,0,428,407,1,0,14,4,0
30037000001,506,469,16,1,14,3,0,391,370,11,0,9,2,0,414,366,34,20,3,3,0,341,326,6,0,2,2,0,416,374,30,6,10,8,0,359,326,15,0,10,6,0
30037000002,379,354,15,1,9,3,0,302,285,9,0,5,2,0,310,278,25,17,3,3,0,254,244,4,0,2,2,0,312,278,19,4,6,4,0,266,244,10,0,5,4,0
30107000003,127,123,1,0,2,0,0,99,97,0,0,1,0,0,140,136,3,0,3,0,0,107,107,0,0,0,0,0,132,132,2,0,0,0,0,102,101,0,0,0,0,0
30087000003,925,866,25,4,29,11,0,716,682,16,1,20,6,0,856,823,16,0,21,0,0,703,674,15,0,21,1,0,756,736,3,0,20,0,0,640,622,1,0,18,1,0
30087000006,909,851,20,6,20,11,1,708,669,11,2,12,9,1,864,841,4,0,18,2,0,701,671,3,0,18,3,0,763,739,4,0,14,2,0,638,617,3,0,18,3,0
30087000020,494,472,8,3,13,3,0,393,379,4,1,8,3,0,415,393,19,0,4,0,0,357,333,18,0,4,0,0,393,392,0,0,4,0,0,334,330,0,0,3,0,0
30005000015,1334,61,19,5,1269,1,1,846,58,6,3,784,1,0,1439,80,29,0,1351,0,0,938,64,14,0,852,0,0,1459,61,37,0,1390,0,0,998,55,24,0,917,0,0
30005000009,486,10,11,1,474,0,0,298,10,5,1,290,0,0,566,23,38,3,531,8,0,346,23,23,1,297,0,0,565,16,33,3,537,5,0,330,16,22,4,290,0,0
30015000004,492,479,4,2,6,5,2,388,375,2,1,5,4,1,478,452,5,0,10,0,0,353,340,4,0,6,0,0,446,443,0,0,0,2,0,355,353,0,0,0,2,0
30015000002,1613,1554,12,6,28,11,2,1310,1276,7,1,21,7,0,1625,1557,26,0,33,23,0,1266,1239,10,0,17,0,0,1685,1630,29,0,4,23,0,1274,1261,4,0,4,2,0
30015000007,206,202,0,0,2,0,0,160,154,0,0,0,0,0,235,225,0,0,2,1,0,166,161,0,0,2,0,0,214,202,0,4,2,0,0,160,157,0,1,1,0,0
30015000006,455,441,6,1,8,3,1,346,340,2,0,7,2,1,472,461,5,4,6,2,2,375,367,4,4,6,0,0,478,467,6,4,7,4,2,375,365,6,0,7,0,0
30099000006,547,522,9,2,10,3,0,424,406,5,0,7,0,0,569,542,8,4,16,4,0,435,419,4,0,10,4,0,543,512,9,0,17,4,0,406,392,3,0,10,4,0
30015000003,602,581,3,0,14,0,0,460,451,0,0,6,0,0,628,616,2,2,3,0,0,500,489,0,0,2,0,0,639,623,5,0,7,0,0,500,487,4,0,7,0,0
30015000001,89,89,0,0,0,0,0,69,67,0,0,0,0,0,91,90,0,0,0,0,0,76,76,0,0,0,0,0,96,93,0,0,0,0,0,76,75,0,0,0,0,0
30045000002,234,226,2,0,2,0,0,185,183,2,0,2,0,0,216,201,7,0,9,0,0,174,166,2,0,7,0,0,230,209,15,0,11,0,0,181,173,2,0,7,0,0
30077000005,764,731,13,6,9,4,1,609,588,6,4,8,3,1,709,655,0,54,0,42,0,640,587,0,13,0,0,0,748,688,6,55,0,30,0,644,595,4,15,0,0,0
30077000006,754,724,8,8,7,5,0,591,573,5,3,5,2,0,953,912,0,9,32,8,0,721,700,0,2,8,0,0,1025,982,0,10,31,6,0,818,792,0,5,17,0,0
30077000016,249,231,2,2,11,3,0,194,188,0,0,4,2,0,249,234,0,0,15,0,0,224,213,0,0,8,0,0,271,246,0,10,7,10,0,227,224,0,0,4,0,0
30087000026,108,105,0,0,2,0,0,86,83,0,0,0,0,0,96,88,4,0,0,0,0,80,75,4,0,0,0,0,86,86,0,0,0,0,0,73,72,0,0,0,0,0
30087000010,320,303,8,2,11,2,0,254,246,5,0,7,1,0,260,247,9,0,3,0,0,221,207,9,0,3,0,0,267,263,0,0,2,0,0,215,213,0,0,1,0,0
30087000021,223,207,7,2,10,1,0,176,165,3,0,5,1,0,155,151,0,0,3,0,0,132,131,0,0,3,0,0,197,195,0,0,2,0,0,148,146,0,0,3,0,0
30081000019,1934,1835,49,4,41,8,2,1503,1440,29,2,35,4,1,2081,1888,52,51,32,74,0,1579,1491,2,33,13,26,0,2358,2142,93,53,31,51,0,1881,1786,5,37,8,24,0
30015000008,504,472,3,1,20,2,1,394,373,1,1,10,1,1,509,475,2,0,23,3,0,384,362,0,0,21,1,0,483,434,2,6,29,12,0,365,343,0,2,19,1,0
30015000009,582,547,9,2,22,8,3,450,433,7,0,16,4,1,588,555,6,0,30,10,0,447,418,0,0,21,7,0,554,504,7,10,33,5,0,417,391,0,7,25,3,0
30081000017,1340,1256,50,6,24,5,0,1093,1033,29,4,22,4,0,1374,1329,1,2,43,0,0,1024,1000,0,0,21,0,0,1462,1411,0,10,39,0,0,1146,1118,0,11,16,0,0
30081000015,1741,1622,68,4,39,16,4,1342,1263,41,2,25,13,1,1917,1863,23,6,29,2,0,1426,1379,19,2,26,1,0,1991,1930,28,0,33,1,0,1476,1429,19,0,31,1,0
30065000007,240,229,1,0,1,0,0,194,189,0,0,1,0,0,281,279,1,0,0,0,0,215,213,1,0,0,0,0,267,256,2,0,17,0,0,202,191,1,0,6,0,0
30065000006,1353,1277,29,4,38,4,0,1117,1060,18,2,32,4,0,1432,1394,31,0,9,0,0,1142,1112,25,0,10,0,0,1439,1276,52,0,105,0,0,1173,1060,50,0,69,0,0
30065000008,141,137,0,0,1,0,0,117,113,0,0,0,0,0,160,157,0,0,0,0,0,125,122,0,0,0,0,0,152,134,2,0,16,0,0,122,113,1,0,6,0,0
300630095SC,1308,1151,62,14,70,17,7,1123,1013,37,13,54,14,7,1447,1200,34,30,32,88,63,1120,960,19,0,34,46,65,1480,1265,44,0,11,115,45,1213,1059,36,0,11,65,45
30049000002,1899,1773,31,19,58,18,4,1406,1331,20,9,35,10,1,2352,2034,120,10,149,41,1,1706,1478,46,10,141,26,0,2384,2117,66,11,155,38,2,1807,1586,35,10,151,26,0
30049000021,1778,1642,32,9,71,21,10,1330,1246,20,4,45,15,4,1836,1590,135,0,51,58,13,1422,1322,54,0,26,7,0,1870,1679,107,0,50,26,18,1535,1446,40,0,24,13,0
30049000010,2368,2240,47,13,61,15,2,1801,1724,27,3,41,12,2,2520,2325,54,8,126,16,0,1944,1826,34,10,75,6,0,2725,2506,50,14,141,11,0,2124,2003,33,14,75,3,0
30049000029,646,613,9,2,14,2,0,513,488,4,1,9,1,0,617,543,16,2,47,2,0,489,439,9,2,33,1,0,640,571,7,3,53,1,0,521,468,8,3,33,1,0
3004700DAY1,893,758,19,4,109,4,1,712,629,9,1,71,2,1,948,817,37,19,85,0,0,764,672,34,8,46,0,0,970,843,38,20,86,0,0,800,707,34,4,46,0,0
3004700BEA2,234,223,8,0,5,0,0,187,179,5,0,3,0,0,237,228,8,2,0,0,0,200,191,6,2,0,0,0,243,234,6,1,0,2,2,208,198,6,0,0,0,0
30081000010,1866,1735,83,3,33,16,0,1341,1267,40,1,21,10,0,2004,1907,55,2,35,10,1,1473,1397,43,0,28,1,0,2008,1889,58,9,58,5,2,1524,1424,52,0,50,1,0
30081000020,1808,1691,67,7,44,15,0,1410,1330,39,2,30,13,0,2193,2108,37,5,44,0,0,1581,1532,29,4,7,0,0,2128,1987,47,44,51,0,0,1560,1497,38,13,7,0,0
3002301-77E,914,844,21,11,39,3,0,737,692,13,4,25,2,0,921,827,64,0,19,14,0,738,687,25,0,18,11,0,963,850,81,0,24,14,0,767,710,25,0,25,11,0
30079000002,274,259,3,0,4,3,0,223,217,2,0,2,3,0,314,310,3,0,3,0,0,236,234,0,0,0,0,0,294,285,4,0,3,1,0,219,216,0,0,0,0,0
30079000003,293,282,3,0,5,2,0,244,238,2,0,1,2,0,332,327,5,0,5,0,0,250,250,1,0,1,0,0,308,302,2,0,2,1,0,236,237,0,0,1,0,0
30079000001,331,316,4,1,6,3,0,270,264,2,0,2,2,0,378,372,4,0,4,0,0,285,284,1,0,1,0,0,352,344,6,0,4,4,0,267,264,0,0,1,0,0
30017000014,42,42,0,0,0,0,0,33,31,0,0,0,0,0,46,45,0,0,0,0,0,38,36,0,0,0,0,0,45,42,1,0,0,0,0,36,36,0,0,0,0,0
3004700ARL1,1764,991,79,4,718,25,2,1248,769,43,2,442,13,0,1995,1012,133,0,913,139,6,1486,846,59,0,563,12,0,1949,1096,123,5,782,99,3,1434,887,54,2,476,4,0
300630097TR,1690,1578,27,13,60,14,4,1302,1234,22,4,38,8,1,1840,1700,60,0,65,4,25,1416,1329,52,0,29,2,10,1974,1769,85,0,87,6,31,1515,1389,73,0,39,5,10
300630097PC,680,638,9,3,20,3,2,526,499,7,0,14,2,0,709,652,21,0,24,2,6,560,521,20,0,9,2,3,765,692,32,0,32,2,9,598,553,24,0,12,2,3
3006300096F,1496,1401,35,9,40,16,2,1116,1057,20,4,26,10,2,1690,1552,34,47,43,19,0,1293,1220,32,2,39,7,0,1560,1429,11,29,37,55,0,1248,1171,10,5,35,32,0
3006300096W,1379,1266,37,11,41,25,6,1001,933,23,5,27,15,2,1836,1554,115,61,89,35,18,1336,1215,52,2,46,14,6,1626,1407,69,34,65,65,12,1254,1147,21,3,42,40,4
300630090CC,2506,2266,88,25,98,38,3,1839,1703,50,10,54,24,2,2390,2249,99,3,20,19,0,1855,1785,43,3,19,0,0,2523,2399,81,2,19,21,0,1903,1841,37,1,21,0,0
3006300090E,2570,2285,60,22,112,109,8,2113,1906,40,15,70,89,4,2679,2121,115,46,201,201,0,2082,1753,115,19,99,73,0,2398,2096,46,14,54,161,0,1963,1732,49,15,54,120,0
3006300090W,3448,3199,73,32,98,62,8,2817,2654,51,13,66,41,5,3684,3416,47,100,59,80,0,2809,2624,47,46,47,26,0,3403,3172,28,50,80,76,0,2604,2430,28,40,70,42,0
30041000022,467,447,5,3,14,0,0,368,360,1,1,7,0,0,363,350,0,0,15,0,0,280,276,0,0,4,0,0,396,379,0,0,17,0,0,271,262,0,0,10,0,0
300630091SC,1836,1691,51,19,40,45,1,1681,1556,43,17,35,37,1,1983,1754,78,12,27,137,0,1847,1665,68,5,15,99,0,1982,1793,100,7,38,75,5,1804,1669,88,0,9,42,0
30063100SJW,3273,2989,113,35,110,51,6,2825,2624,81,19,78,33,3,3561,2934,147,34,349,110,0,2959,2614,93,5,171,74,0,3668,3049,157,31,371,79,11,3066,2763,94,0,139,65,0
30001000020,166,155,6,0,1,1,1,138,131,4,0,1,1,0,177,168,6,0,2,0,0,155,147,2,0,1,1,0,160,154,2,0,2,1,0,144,140,1,0,1,1,0
30001000023,223,206,13,0,5,2,2,183,171,10,0,3,2,1,242,228,13,0,5,1,0,205,200,8,0,5,2,0,216,204,9,0,6,2,0,198,187,5,0,5,2,0
30001000021,226,210,8,0,3,1,1,185,174,6,0,1,1,0,245,230,10,0,4,0,0,210,203,5,0,4,1,0,222,210,6,0,6,1,0,198,188,4,0,2,1,0
30001000017,138,131,4,0,3,0,0,113,102,3,0,0,0,0,145,130,4,0,6,1,0,114,104,0,0,5,0,0,146,130,6,0,5,3,0,114,103,0,0,5,1,0
30001000019,134,130,2,0,1,1,0,112,100,2,0,1,0,0,134,129,0,0,2,2,0,117,114,0,0,2,0,0,143,130,1,0,2,3,0,121,116,1,0,2,2,0
30001000008,154,145,4,0,1,1,0,118,111,3,0,1,0,0,108,99,1,0,4,0,0,91,82,0,0,4,0,0,106,102,1,0,0,1,1,96,92,0,0,0,0,0
30001000003,1115,1043,36,6,27,10,8,887,832,28,2,18,9,8,1134,1064,22,0,33,27,1,921,878,14,0,27,4,0,1185,1069,31,6,34,55,1,970,888,23,6,33,30,0
30001000005,239,225,10,0,2,2,0,182,177,7,0,2,0,0,167,158,2,0,7,0,0,144,133,1,0,7,0,0,171,165,2,0,2,2,2,150,146,1,0,1,0,0
30001000002,1152,1076,36,4,25,4,1,916,868,28,2,20,3,1,1248,1123,30,0,61,23,4,969,908,9,0,42,1,0,1271,1127,51,0,37,54,1,987,906,21,0,34,24,0
30001000001,939,876,26,4,21,10,5,765,718,17,4,15,10,4,1151,1097,24,0,25,2,0,885,845,24,0,17,1,0,1175,1092,36,8,31,6,2,900,830,33,8,26,3,0
30001000004,305,281,15,1,5,3,1,234,219,11,0,2,1,1,208,193,4,0,13,2,2,178,166,2,0,12,0,0,216,203,5,0,3,6,6,186,180,2,0,2,0,0
30049000031,1225,1159,18,2,36,11,1,1030,976,16,0,34,3,1,1072,939,53,7,89,2,0,876,816,21,0,43,0,0,998,849,56,9,104,1,0,831,764,21,1,48,0,0
30049000032,117,111,1,0,3,0,0,98,94,0,0,3,0,0,103,92,5,0,8,0,0,83,79,1,0,4,0,0,95,81,5,0,10,0,0,79,71,1,0,4,0,0
30043009-75,1494,1414,24,10,34,9,0,1120,1072,10,7,19,5,0,1542,1456,11,4,60,7,0,1152,1106,12,0,31,3,0,1677,1553,4,9,95,9,0,1244,1161,4,0,78,3,0
30043008-75,805,761,15,7,20,7,0,611,585,11,4,13,4,0,826,765,11,4,41,4,0,633,598,12,0,23,1,0,879,813,3,8,52,5,0,666,627,3,0,37,1,0
30043003-75,121,115,3,0,3,0,0,93,89,2,0,1,0,0,142,135,3,2,2,4,2,110,104,1,2,2,0,0,150,139,7,3,2,1,1,115,109,1,3,2,0,0
30043006-75,655,620,16,3,17,1,0,508,481,12,1,15,1,0,715,681,14,4,10,14,14,568,546,11,4,4,1,0,755,721,11,8,14,12,12,603,579,11,9,9,0,0
30043004-75,1906,1727,54,7,101,10,2,1493,1375,37,5,70,7,2,1649,1347,150,4,139,11,4,1327,1094,111,2,113,0,0,1584,1356,99,5,111,7,3,1277,1122,54,3,96,0,0
30043005-75,234,220,5,1,7,1,0,180,171,2,0,5,0,0,262,249,3,1,0,6,6,204,198,2,1,1,1,0,280,267,3,1,1,4,4,220,211,3,2,1,0,0
30043007-75,1301,1235,21,7,24,11,0,977,936,12,1,15,5,0,1458,1404,9,7,19,15,10,1106,1078,9,3,5,6,0,1444,1397,11,7,17,12,8,1126,1093,11,4,6,4,0
3004700PAB1,829,455,28,4,358,3,3,598,360,16,3,229,2,2,807,429,44,12,329,14,0,534,315,23,5,198,0,0,775,456,27,10,289,1,0,533,329,13,4,184,0,0
3004700POL4,2910,2120,98,12,679,40,4,2139,1669,48,10,403,23,2,3182,2146,128,78,879,26,4,2350,1698,78,21,541,13,0,3261,2014,107,100,1069,57,23,2423,1580,76,20,728,23,0
30049000011,2735,2515,62,26,132,19,6,1895,1769,27,10,75,17,4,2465,2406,10,0,45,6,0,1770,1750,0,0,14,6,0,2589,2539,12,0,29,9,0,1907,1893,0,0,6,9,0
30049000020,2764,2502,79,18,155,15,4,2068,1923,33,7,94,8,2,2744,2546,26,26,151,4,0,2144,1993,8,15,120,5,0,2432,2217,30,24,158,12,0,1894,1715,21,15,126,11,0
30061000027,291,271,7,0,12,0,0,235,221,3,0,8,0,0,276,262,9,0,1,0,0,207,196,9,0,0,0,0,259,250,0,1,0,0,0,199,198,0,0,0,0,0
30089000005,1738,1668,27,5,38,6,2,1408,1355,18,3,29,3,1,1799,1689,49,9,49,5,0,1495,1424,32,1,30,7,0,1714,1595,53,12,51,9,3,1442,1361,36,1,31,5,0
3010100Sh-1,3372,2952,101,39,265,28,2,2732,2411,73,26,214,18,0,3141,2650,150,12,211,147,0,2461,2089,100,14,193,80,0,3055,2534,161,27,350,46,4,2524,2107,159,29,213,16,0
3010100Sh-6,427,402,6,0,14,3,2,329,309,4,0,11,3,1,509,484,3,0,19,2,0,431,416,3,0,12,0,0,444,414,3,0,23,0,0,363,342,4,0,12,0,0
3010100Ke-1,271,263,3,0,4,0,0,198,193,1,0,3,0,0,231,215,1,0,7,8,0,190,180,1,0,2,5,0,234,218,2,0,7,4,0,171,161,3,0,2,2,0
30089000003,1516,1461,16,4,30,8,1,1234,1193,11,2,23,6,0,1682,1571,40,5,62,7,0,1334,1248,38,6,27,7,0,1517,1401,45,13,58,11,0,1216,1149,38,6,17,6,0
30089000004,1789,1692,28,5,53,9,2,1444,1378,19,1,37,7,1,1855,1703,93,8,51,3,0,1434,1339,54,4,40,4,0,1935,1778,97,12,45,3,0,1470,1383,54,4,34,2,0
30045000001,168,164,3,0,3,2,0,132,131,3,0,3,0,0,157,151,5,0,6,0,0,129,121,3,0,5,0,0,157,141,5,2,4,0,0,127,120,3,0,5,0,0
30045000004,801,783,5,0,7,0,0,633,614,4,0,6,0,0,779,753,6,0,11,0,0,637,617,0,0,9,0,0,722,683,7,20,13,0,0,584,563,0,0,5,0,0
30045000003,864,836,14,2,14,1,3,691,671,8,0,11,1,2,799,756,26,0,34,0,0,655,626,9,0,28,0,0,842,775,43,7,41,0,0,663,634,9,0,26,0,0
30027000004,609,598,3,0,5,0,0,485,473,2,0,4,0,0,564,510,5,3,39,0,0,445,395,0,0,37,0,0,504,477,0,0,23,0,0,391,366,0,0,18,0,0
30027000014,705,683,6,0,10,0,0,572,555,2,0,8,0,0,608,597,1,1,6,3,0,487,473,1,0,3,0,0,681,659,0,1,6,4,0,537,529,0,0,7,0,0
3004700POL7,978,705,30,11,249,5,0,778,603,16,7,160,3,0,1108,827,21,0,262,0,12,853,683,22,0,142,0,11,1081,801,14,0,268,0,12,811,663,12,0,130,0,11
3004700POL8,36,25,1,0,9,0,0,27,22,0,0,7,0,0,40,31,0,0,10,0,0,32,25,0,0,4,0,0,39,30,0,0,11,0,0,31,24,0,0,4,0,0
30027000008,908,857,22,8,24,5,0,721,690,15,2,20,2,0,893,803,57,0,2,5,28,694,617,57,0,4,5,13,762,665,19,0,3,8,73,615,552,17,0,4,9,32
30027000002,1474,1408,23,7,35,6,5,1183,1138,14,4,23,4,3,1359,1276,44,5,17,12,18,1073,1005,46,2,14,3,7,1331,1236,12,3,20,13,50,1069,1012,11,2,18,4,22
30027000006,883,831,22,5,29,6,1,701,666,11,1,19,4,0,890,837,32,0,1,3,15,687,649,33,1,1,1,4,770,704,9,0,9,9,40,623,584,10,1,9,1,22
30027000007,795,750,17,5,22,5,0,632,601,8,4,16,4,0,805,780,14,0,0,5,6,633,617,14,0,0,1,1,714,673,5,0,10,8,17,578,553,5,0,8,1,9
30027000011,887,842,14,3,22,7,1,701,672,9,1,17,6,1,926,862,20,1,15,26,5,724,675,20,0,13,19,2,971,912,18,1,31,0,20,699,653,14,0,21,0,11
30027000013,968,926,17,2,25,7,0,772,740,13,0,24,4,0,970,908,23,3,20,26,4,762,712,23,0,17,20,1,1049,989,14,3,34,3,19,764,718,17,0,24,0,13
30027000017,749,724,10,2,14,3,1,604,583,8,1,11,3,1,677,652,7,5,10,10,2,541,521,6,2,10,3,1,751,721,4,4,15,7,3,586,564,4,2,12,0,2
30027000010,877,832,8,1,19,3,1,696,665,3,1,13,3,1,912,848,18,1,9,28,1,714,669,17,1,5,13,0,944,888,12,1,30,1,19,690,647,8,1,17,0,4
30027000003,587,569,8,2,12,2,0,468,459,3,1,10,2,0,523,488,5,5,29,0,0,410,386,3,0,25,0,0,517,499,3,2,19,4,0,405,389,3,0,17,0,0
30027000009,715,663,15,5,16,7,2,569,536,11,2,16,2,2,726,721,0,1,0,2,0,568,567,2,2,0,0,0,653,629,1,2,12,11,0,529,522,2,2,11,0,0
30027000016,454,444,2,2,4,0,0,360,355,2,0,4,0,0,450,423,12,2,14,0,0,365,352,4,0,14,0,0,502,479,2,2,21,0,0,410,392,2,2,17,0,0
30027000005,505,496,2,2,7,0,0,403,394,2,0,7,0,0,507,485,13,0,10,0,0,416,397,7,0,9,0,0,582,558,3,4,18,0,0,481,465,2,2,15,0,0
30027000018,319,314,1,1,4,0,0,257,253,0,0,4,0,0,320,305,6,0,5,0,0,263,251,4,0,5,0,0,361,345,1,3,9,0,0,300,288,0,0,9,0,0
30027000012,157,154,1,1,1,0,0,127,124,1,0,1,0,0,143,131,1,1,10,0,0,113,104,1,0,10,0,0,129,121,1,0,7,0,0,103,96,1,0,5,0,0
3010100Su-1,1010,964,17,3,24,3,2,773,746,8,1,17,1,0,813,738,28,6,26,20,0,660,606,13,4,17,14,0,910,856,28,4,26,10,0,669,632,17,4,17,6,0
30081000013,1853,1683,96,6,56,20,5,1383,1287,55,2,38,9,4,2080,1946,73,5,67,0,8,1548,1452,59,0,37,0,0,1994,1861,78,5,71,3,8,1553,1447,59,0,39,3,0
30049000013,2604,2408,58,18,94,20,3,2109,1976,36,6,67,13,1,2649,2509,81,0,63,15,8,2196,2100,46,0,34,12,8,2589,2458,86,0,49,17,6,2149,2058,40,0,24,18,5
30043002-75,1962,1844,38,10,65,8,2,1527,1457,21,2,45,7,1,2036,1879,52,22,75,17,0,1625,1554,13,22,40,4,0,2122,1927,108,24,70,0,0,1677,1616,7,23,36,0,0
30043001-71,1516,1440,24,2,41,5,5,1226,1172,14,0,28,5,2,1558,1474,21,5,43,3,0,1380,1313,16,5,38,0,0,1513,1402,49,7,44,0,0,1268,1206,11,9,46,0,0
3003100069A,3239,3106,68,7,45,21,4,2466,2370,46,3,32,13,4,3389,3183,66,5,99,11,23,2598,2454,54,4,53,10,0,3426,3188,105,5,61,11,50,2682,2496,92,4,27,10,0
3003100069C,2594,2466,48,10,28,30,15,1951,1878,27,5,18,14,8,2569,2440,21,24,79,15,0,1948,1866,0,8,59,2,0,2567,2375,28,41,124,20,11,1937,1810,4,17,83,8,0
3003100069D,1761,1694,22,1,13,19,1,1381,1344,12,1,9,12,1,2146,2029,32,20,40,49,0,1623,1570,14,7,11,10,0,2051,1918,20,28,22,68,0,1578,1516,0,13,7,28,0
3003100069B,2396,2290,67,4,21,16,2,1781,1715,38,2,20,8,1,2725,2568,107,6,30,14,0,1974,1871,71,0,28,8,0,2759,2622,73,0,47,21,0,2129,2035,43,0,33,20,0
30007000013,1064,1013,13,5,13,5,5,817,794,6,3,8,1,3,1067,1031,6,0,34,1,0,875,831,6,0,35,1,0,1105,1067,6,0,33,0,0,911,870,6,0,34,1,0
300630099RN,1919,1699,71,24,110,28,0,1562,1417,41,10,74,20,0,1990,1826,90,6,29,25,0,1696,1571,77,6,31,18,0,1959,1787,103,6,27,21,0,1720,1566,99,6,26,13,0
30001000012,1004,930,20,5,28,6,7,810,758,11,4,14,6,7,940,892,21,1,14,2,0,772,738,15,0,4,2,0,971,876,42,15,29,5,1,821,727,40,13,25,3,0
30001000006,1005,918,51,3,26,6,2,776,717,31,2,23,4,2,984,819,166,0,0,0,0,795,718,75,0,0,0,0,919,800,117,2,2,2,0,758,701,55,2,2,2,0
30001000014,1150,1051,47,6,29,12,16,930,866,28,3,17,10,14,1201,1144,43,1,16,4,0,1019,984,22,0,10,0,0,1245,1192,34,3,14,1,1,1070,1045,19,5,12,0,0
3006300089P,2559,2150,96,37,163,136,5,2185,1879,72,30,103,116,5,2476,1884,112,44,159,308,0,1854,1595,112,3,96,46,0,2501,2027,129,59,138,201,0,2036,1707,126,2,124,81,0
30063100SJE,2607,2407,63,18,77,48,2,2243,2095,50,12,57,33,1,2873,2549,48,32,193,46,0,2305,2122,44,15,84,27,0,2823,2520,48,31,171,55,0,2361,2185,49,10,60,46,0
30001000007,569,523,27,2,18,1,1,455,423,20,2,14,1,1,574,468,33,1,62,6,3,416,367,10,1,38,0,0,558,460,54,1,31,10,1,395,352,17,1,28,0,0
3006300097H,2022,1860,51,15,43,61,4,1474,1368,28,8,29,42,4,1600,1457,140,0,1,1,0,1134,1040,91,0,3,0,0,1933,1795,137,0,0,2,0,1374,1275,99,0,0,0,0
30011000003,88,84,2,0,2,1,0,72,70,2,0,2,1,0,85,82,0,0,4,0,0,72,71,0,0,4,0,0,87,82,0,0,6,0,0,70,69,0,0,2,0,0
30011000014,578,566,2,1,7,0,0,478,468,1,1,5,0,0,653,631,1,0,17,0,0,529,514,2,0,12,0,0,655,635,1,0,22,0,0,516,512,0,0,9,0,0
30011000001,160,158,2,0,2,0,0,134,131,1,0,2,0,0,158,155,0,0,3,0,0,136,133,0,0,2,0,0,162,154,0,0,2,0,0,131,125,0,0,2,0,0
3003100064C,2942,2824,41,14,46,20,5,2239,2158,27,6,29,15,4,3258,3103,75,45,54,11,0,2475,2352,53,20,44,7,0,3225,3063,52,20,82,17,0,2441,2307,42,8,69,10,0
3003100064B,2151,2029,52,16,22,30,9,1802,1709,39,11,20,22,5,2779,2407,323,15,27,15,0,2061,1884,163,4,20,0,0,2778,2555,186,3,20,16,0,2142,2059,68,4,15,0,0
3003100061D,2460,2370,31,9,24,26,0,1875,1823,16,3,15,16,0,2794,2504,170,111,133,62,0,2062,1920,75,25,19,22,0,2860,2497,224,159,175,65,1,2082,1901,99,39,22,30,0
3003100064D,3062,2938,52,15,36,23,1,2256,2181,35,9,29,10,0,3778,3574,152,3,29,9,0,2694,2587,80,2,25,3,0,4196,3976,138,13,24,34,0,2996,2900,67,0,17,11,0
3003100068A,3320,3170,53,11,55,30,2,2501,2402,33,6,34,19,1,4546,4285,187,0,41,40,0,3334,3206,54,0,36,32,0,4841,4542,171,15,2,107,0,3460,3354,46,0,0,66,0
3003100066B,3303,3017,125,36,67,69,4,2787,2588,86,21,42,52,3,3801,3213,226,77,9,278,0,3107,2813,132,21,8,137,0,3471,3015,237,71,15,128,1,2881,2619,120,25,12,100,0
3003100063C,3189,2868,135,48,83,77,8,2680,2446,89,24,56,60,7,3432,3017,183,60,105,79,0,2886,2588,129,58,59,68,0,3542,3055,255,24,106,99,102,2887,2585,140,18,54,60,0
3003100066A,3423,3166,99,29,64,67,6,2812,2637,68,13,46,52,2,4330,3952,196,28,63,95,0,3708,3371,164,16,63,96,0,4570,4120,244,33,90,93,0,3880,3491,190,27,87,92,0
3003100059A,530,519,4,2,2,3,0,439,430,3,1,2,2,0,586,570,6,0,3,3,0,504,499,4,0,2,2,0,560,543,2,0,2,7,0,464,457,0,0,2,6,0
3003100061A,2207,2118,42,7,18,26,1,1773,1714,27,4,9,19,1,2636,2497,51,28,20,46,17,2127,2030,45,30,3,19,0,2749,2599,47,41,14,49,16,2116,2011,38,40,4,19,0
3003100067A,2087,2004,33,7,18,26,2,1624,1575,18,1,14,15,1,2478,2369,48,1,28,43,0,1884,1835,31,0,9,14,0,2305,2206,35,1,8,54,0,1781,1746,9,0,8,18,0
30075000011,718,672,11,0,24,0,0,569,544,3,0,12,0,0,675,616,13,0,39,0,0,561,519,10,0,30,0,0,684,634,12,0,34,0,0,566,532,6,0,22,0,0
30075000012,533,507,9,2,16,2,0,423,406,5,0,12,2,0,494,459,14,0,18,0,0,413,384,12,0,14,0,0,493,456,16,0,16,0,0,404,385,10,0,12,0,0
30075000003,65,59,0,0,3,0,0,49,48,0,0,1,0,0,56,54,3,0,2,0,0,48,46,3,0,2,0,0,58,52,4,0,2,0,0,46,42,3,0,2,0,0
30075000005,215,206,3,2,5,1,0,170,165,2,0,4,1,0,198,190,6,0,4,0,0,165,154,4,0,4,0,0,190,179,8,0,5,0,0,156,146,4,0,4,0,0
30075000009,86,83,1,0,4,0,0,69,67,1,0,4,0,0,79,76,4,0,4,0,0,67,65,4,0,4,0,0,77,72,4,0,4,0,0,66,60,4,0,4,0,0
30075000004,90,84,0,0,3,0,0,69,68,0,0,0,0,0,83,80,3,0,0,0,0,68,65,1,0,0,0,0,75,73,5,0,0,0,0,65,63,1,0,0,0,0
30075000008,36,34,0,0,1,0,0,31,28,0,0,0,0,0,34,33,1,0,0,0,0,28,27,1,0,0,0,0,29,28,2,0,0,0,0,27,27,1,0,0,0,0
30083000019,193,187,0,0,0,0,0,150,138,0,0,0,0,0,221,208,4,0,4,0,0,166,162,2,0,0,0,0,209,195,2,0,0,0,0,155,147,0,0,0,0,0
30083000005,745,684,18,2,33,6,2,565,539,9,1,12,2,0,868,775,14,0,81,9,0,643,572,7,0,64,0,0,787,723,17,0,34,15,0,570,548,9,0,17,2,0
30083000007,389,365,8,1,11,2,1,295,282,4,0,8,2,0,455,400,8,0,39,4,0,335,303,2,0,26,0,0,404,371,8,0,11,7,0,300,286,5,0,8,0,0
30083000009,466,434,15,2,17,5,2,360,338,11,2,11,3,1,546,494,15,0,32,9,0,409,372,14,0,24,3,0,509,478,14,0,12,11,0,384,365,12,0,8,5,0
30083000017,210,199,3,0,4,0,0,159,149,1,0,2,0,0,247,220,5,0,12,0,0,180,167,1,0,8,0,0,220,208,3,0,4,2,0,164,155,1,0,2,0,0
30083000023,1365,1278,42,6,31,9,2,1035,981,26,4,22,8,1,1685,1559,72,0,52,0,0,1251,1144,57,0,52,0,0,1755,1668,59,0,19,0,9,1284,1211,42,0,18,0,9
30109000001,1017,987,13,3,7,8,0,800,781,9,1,6,4,0,1175,1118,49,0,4,4,0,820,780,35,0,4,4,0,1122,1046,55,0,13,8,0,815,755,35,0,15,10,0
30083000004,658,617,20,2,12,8,0,526,496,16,1,10,6,0,695,460,187,0,1,47,0,477,427,0,0,1,47,0,629,414,189,0,1,25,0,401,379,0,0,1,26,0
30083000001,557,524,23,1,14,2,0,439,411,17,0,9,2,0,500,416,27,0,50,7,0,399,343,0,0,50,7,0,615,422,27,0,65,101,0,409,323,0,0,66,23,0
30083000022,837,775,28,2,23,2,2,654,608,16,1,14,1,1,963,861,66,0,10,17,0,731,661,40,0,10,17,0,958,871,63,0,5,15,0,744,686,40,0,6,15,0
30083000002,871,807,35,1,24,1,1,680,642,24,0,17,1,0,887,784,49,0,41,21,0,688,601,33,0,40,21,0,1008,820,45,0,49,96,0,736,628,29,0,49,28,0
30007000001,1284,1226,29,6,24,5,6,994,958,15,2,15,1,2,1243,1203,0,0,39,0,0,1036,1004,0,0,41,0,0,1339,1296,0,0,41,0,0,1106,1071,0,0,42,0,0
30007000011,1104,1043,25,7,30,4,1,871,829,18,4,20,3,1,1268,1143,52,0,61,9,0,1002,878,48,1,59,9,0,1176,1084,46,2,38,11,0,948,857,43,1,39,11,0
30007000012,954,898,24,3,27,3,1,741,702,13,2,19,1,0,1013,939,45,1,25,2,0,790,728,37,1,26,0,0,1031,956,50,1,16,5,2,800,735,40,1,13,3,0
301110055.3,1886,1764,45,8,64,11,1,1401,1332,27,2,31,8,1,2341,2123,73,130,11,1,0,1559,1476,30,38,10,1,0,2296,2101,70,89,32,0,0,1601,1520,26,26,31,0,0
301110055.4,3369,3121,110,26,92,23,3,2511,2364,68,10,55,11,3,3280,3038,126,27,123,0,0,2463,2367,34,0,62,0,0,3287,3065,78,33,101,12,3,2564,2433,26,0,101,10,0
301110054.1,8248,7676,210,48,204,108,23,6453,6094,126,26,127,76,10,8481,7551,532,147,195,106,0,7047,6515,266,39,157,60,0,8594,7482,653,287,211,86,3,7000,6386,334,64,159,52,0
301110053.1,5770,5427,157,22,70,96,10,4124,3925,80,7,47,60,4,8142,7277,649,8,353,3,0,5911,5532,215,3,159,3,0,8707,7686,746,134,356,2,3,6538,6026,300,23,187,1,0
301110053.2,2532,2356,67,12,72,26,8,1782,1697,32,4,38,20,5,3846,3553,140,17,121,16,0,2754,2570,98,13,70,17,0,3940,3565,224,55,132,4,2,2836,2617,132,19,62,3,0
300670060EL,1414,1323,39,4,43,7,0,1153,1086,24,0,37,5,0,1397,1341,23,22,3,0,0,1167,1115,21,21,5,0,0,1380,1348,15,9,4,0,0,1157,1118,16,8,5,0,0
3006700060B,1391,1333,29,6,23,10,1,1111,1070,16,4,19,8,0,1342,1288,11,6,40,7,1,1110,1061,11,6,20,1,0,1351,1300,14,6,35,10,3,1134,1088,16,7,15,3,0
30097000005,484,470,5,0,4,3,0,368,362,1,0,3,0,0,445,403,3,3,23,12,0,366,341,2,3,23,2,0,556,515,3,0,23,14,0,435,410,2,0,20,2,0
30097000003,658,631,6,1,9,7,0,516,499,3,0,6,4,0,597,569,2,2,17,7,0,502,476,1,3,17,1,0,684,662,0,0,15,7,0,569,551,1,0,15,1,0
30097000004,795,760,11,2,12,10,1,615,594,7,2,11,7,0,774,739,13,3,19,6,0,615,587,10,4,17,1,0,845,815,10,0,17,7,0,679,654,8,0,16,1,0
30095000004,366,343,11,2,6,4,3,282,267,7,2,4,3,3,352,325,13,0,17,0,0,279,260,10,0,13,0,0,392,365,9,0,16,0,0,305,290,6,0,10,0,0
30087000017,1154,411,52,7,724,8,0,746,304,24,5,429,4,0,1280,455,5,12,772,31,0,839,362,3,3,456,14,0,1354,426,5,21,865,41,0,915,349,7,7,538,19,0
30087000030,984,751,52,6,169,16,2,688,558,25,4,95,9,2,992,837,63,0,58,30,0,660,591,27,0,30,6,0,992,765,137,0,89,9,0,671,558,62,0,43,6,0
30087000007,102,77,2,0,24,0,0,71,55,0,0,15,0,0,112,80,0,0,26,8,0,86,65,0,0,17,5,0,113,76,0,0,33,6,0,86,61,0,0,19,5,0
30087000011,118,109,4,0,4,0,0,91,87,2,0,2,0,0,81,81,0,0,1,0,0,70,69,0,0,0,0,0,107,107,0,0,1,0,0,79,78,0,0,0,0,0
30087000015,2389,109,85,12,2262,3,0,1468,95,47,7,1361,3,0,2434,88,68,11,2309,4,0,1535,79,46,9,1398,0,0,2390,88,96,16,2240,5,0,1474,79,78,11,1305,0,0
3010100DG-1,241,229,2,0,9,2,0,186,178,2,0,5,2,0,282,272,1,0,10,0,0,243,234,1,0,6,0,0,249,238,2,0,11,0,0,203,198,1,0,6,0,0
30043010-75,1412,1348,24,3,22,20,0,1040,1003,16,1,15,12,0,1590,1543,11,6,33,5,0,1185,1159,11,0,1,4,0,1510,1465,10,4,26,9,0,1159,1136,11,0,1,11,0
3004700POL6,486,357,16,1,113,4,0,352,271,6,0,67,2,0,462,289,21,0,146,13,0,329,219,11,0,92,5,0,503,302,15,11,153,27,10,351,222,10,0,101,10,0
301110056.3,1493,1420,33,4,32,11,0,1140,1092,20,1,20,7,0,1498,1408,32,16,50,0,0,1154,1091,25,4,36,0,0,1660,1545,23,30,45,16,0,1178,1103,10,15,38,10,0
301110042.2,616,468,35,5,110,0,0,428,343,17,1,66,0,0,679,392,19,1,265,4,0,494,315,3,0,170,0,0,755,477,20,0,251,3,0,578,396,7,0,172,0,0
301110056.2,7872,6806,404,64,602,46,24,5710,5112,215,34,348,24,13,8521,7107,462,81,918,40,0,6179,5455,173,14,535,11,0,9091,7629,462,114,970,11,0,6704,5923,168,14,592,4,0
301110047.1,5393,4298,320,128,664,53,20,4390,3641,227,72,446,42,13,4903,3717,429,222,497,106,10,3916,3134,251,131,364,42,0,5232,3685,374,328,842,144,9,4127,3143,254,181,523,52,0
301110045.2,8188,7226,360,103,440,110,6,5886,5330,205,48,257,75,4,8522,7255,697,105,459,46,0,6036,5358,290,40,329,9,0,8246,7104,578,135,417,60,0,5920,5271,268,56,292,23,0
30049000026,2612,2465,51,15,67,19,6,2033,1934,30,6,48,11,3,2779,2612,52,4,70,44,0,2137,2017,36,4,63,18,0,2919,2752,60,4,74,31,0,2281,2148,46,4,63,15,0
30049000014,2109,1923,55,17,96,31,4,1768,1630,40,11,72,21,4,2306,2061,86,0,131,33,0,2009,1778,72,0,124,31,0,2325,2113,93,0,105,13,0,2012,1827,77,0,94,16,0
30097000002,785,753,14,2,9,8,0,614,594,6,0,3,4,0,742,689,31,0,21,0,0,596,555,21,0,21,0,0,625,582,23,0,19,0,0,556,511,23,0,19,0,0
30103000001,718,666,25,2,19,4,2,584,550,17,2,10,4,2,777,746,6,4,7,14,0,625,600,4,4,4,15,0,668,630,4,0,6,28,0,560,530,4,0,4,30,0
30087000032,1507,1295,50,8,137,21,7,1104,988,29,2,79,12,3,1705,1037,269,0,361,36,0,1091,863,83,0,121,20,0,1734,1145,228,0,328,37,0,1142,925,78,0,109,30,0
30083000012,1221,1151,35,11,32,0,0,925,878,31,6,26,0,0,1432,1332,64,0,50,0,0,1030,973,42,0,14,0,0,1323,1260,45,0,30,0,0,951,921,29,0,10,0,0
3003100067B,3980,3634,163,36,98,47,12,2879,2673,93,17,59,31,6,4980,4594,304,0,96,13,0,3413,3210,134,0,41,13,0,5311,4860,351,0,135,13,0,3584,3375,134,0,57,13,0
30083000003,919,853,33,1,26,0,0,688,652,20,0,15,0,0,1152,1048,59,0,48,0,0,840,748,45,0,47,0,0,1231,1141,58,0,29,0,6,882,807,44,0,29,0,8
30083000008,1315,1215,37,8,50,13,2,987,929,21,2,30,8,0,1709,1564,34,0,115,0,0,1311,1172,26,0,108,0,0,1551,1376,78,0,93,0,3,1225,1059,69,0,91,0,3
3009300008W,2820,2598,98,13,85,30,3,2187,2052,54,3,57,20,0,2290,2135,133,0,7,14,0,1876,1743,110,0,7,14,0,2524,2349,155,0,0,17,0,1974,1837,115,0,0,19,0
3009300019S,527,492,14,2,16,1,1,407,387,8,1,10,1,0,455,434,7,0,11,5,0,367,357,5,0,0,4,0,477,455,7,0,11,4,0,374,362,5,0,0,4,0
3009300019N,591,554,14,2,19,3,1,453,428,7,1,15,3,1,544,498,29,0,2,12,0,473,435,23,0,0,12,0,499,462,32,0,2,7,0,418,388,24,0,0,7,0
30093000017,2843,2474,154,23,185,23,6,2358,2075,114,19,139,18,5,3563,2784,255,113,373,33,0,2625,2178,126,79,239,0,0,3116,2554,113,130,374,10,0,2429,2079,88,34,223,6,0
30093000014,2381,2101,132,29,124,26,2,1996,1786,93,20,90,24,1,2676,2289,88,61,207,18,13,2212,1981,21,36,159,0,0,2718,2277,78,112,255,18,0,2331,1980,61,76,197,14,0
3009300027N,141,134,1,0,3,1,0,110,108,1,0,1,0,0,127,118,1,0,3,2,0,110,98,1,0,3,0,0,130,120,1,0,3,1,0,98,95,1,0,3,0,0
30093000011,497,460,21,1,16,1,0,393,359,13,1,9,1,0,490,464,2,0,9,0,13,391,364,0,0,9,0,0,423,392,25,0,5,0,0,329,307,9,0,5,0,0
30093000016,2275,2065,103,12,94,21,1,1798,1650,67,9,70,15,1,2198,2044,60,12,87,0,0,1841,1703,52,0,87,0,0,2124,1931,104,16,57,12,0,1603,1450,91,0,58,3,0
3009300012W,413,373,20,2,17,2,0,324,299,16,1,13,1,0,392,367,1,2,12,0,13,313,293,0,0,12,0,0,330,299,21,0,11,0,0,267,246,10,0,13,0,0
3009300012E,440,404,10,3,18,3,2,338,319,6,1,9,3,2,448,429,5,0,9,3,0,351,340,3,0,8,0,0,492,472,5,0,10,2,2,372,358,3,0,10,0,2
3003100064A,1769,1462,233,15,46,22,2,1427,1220,153,11,35,15,1,1460,1413,0,10,12,25,0,1286,1241,0,10,10,25,0,1430,1393,0,0,5,32,0,1221,1181,0,0,4,30,0
3003100062D,2576,2491,34,4,14,33,3,1960,1907,25,2,13,22,1,3115,2814,120,51,41,153,0,2336,2221,33,25,7,46,0,3534,3128,157,69,66,188,0,2640,2486,61,30,9,51,0
3003100063A,3773,3271,108,34,176,213,12,3192,2794,80,27,115,183,9,5272,4547,184,136,147,266,6,4068,3690,127,38,130,72,3,5884,5202,208,71,148,269,4,4669,4272,149,32,130,83,1
3003100062B,2466,2290,73,15,33,58,1,2178,2040,54,9,28,48,1,2762,2552,81,18,45,70,0,2428,2294,74,10,32,17,0,2831,2594,96,22,41,89,0,2490,2344,77,15,18,36,0
3003100062C,2519,2411,28,13,14,42,3,1856,1800,14,7,13,21,2,2557,2414,36,1,29,78,0,1892,1828,0,0,30,29,0,2531,2381,48,1,37,73,0,1977,1907,12,0,20,33,0
3003100065A,3493,3223,116,30,79,58,10,2923,2731,82,17,63,39,8,4052,3581,186,64,262,102,0,3349,3000,112,29,138,81,0,4088,3564,208,96,293,104,0,3342,2958,101,43,164,90,0
3003100061C,2472,2330,71,7,25,35,3,2069,1963,47,5,18,30,3,2489,2377,26,12,28,50,0,2198,2144,19,9,14,11,0,2427,2281,54,19,34,57,0,2056,1981,31,16,17,12,0
3003100061B,2700,2588,47,9,21,32,2,2128,2058,25,3,18,17,2,3213,3007,117,61,47,20,0,2322,2218,68,6,16,16,0,3385,3157,130,70,38,26,2,2484,2373,66,10,9,26,0
3003100066C,3001,2781,80,25,47,67,5,2700,2516,64,20,36,61,5,3043,2762,34,17,119,123,0,2680,2484,37,18,102,38,0,3193,2907,31,31,133,112,5,2926,2682,35,27,116,56,0
3003100062A,2343,2182,62,19,31,61,6,2093,1957,51,13,28,50,5,2634,2419,79,21,38,68,23,2303,2173,62,11,30,19,0,2734,2414,120,69,44,74,30,2389,2185,87,55,37,15,0
30089000009,480,273,18,4,198,0,0,348,218,10,2,125,0,0,469,309,8,18,151,0,1,366,248,3,7,107,0,3,502,313,18,14,166,0,1,376,248,3,7,120,0,3
30089000008,1401,1013,46,6,342,9,5,1115,834,33,4,256,2,1,1480,1142,49,8,261,21,13,1204,962,21,1,217,0,1,1495,1203,53,8,220,17,11,1229,1022,21,5,179,0,1
30089000006,1619,1511,39,4,54,13,0,1279,1214,26,0,35,7,0,1555,1461,40,2,36,15,0,1296,1222,36,1,30,15,0,1647,1511,36,2,73,20,6,1364,1250,34,1,67,15,0
30089000007,1458,1359,36,5,47,11,1,1155,1097,20,3,29,7,0,1355,1276,43,3,29,6,0,1157,1091,35,2,23,6,0,1491,1388,35,4,57,10,4,1253,1164,38,2,45,6,0
30019000003,507,482,7,3,14,4,0,409,393,5,1,6,1,0,400,370,20,0,0,7,0,303,284,16,0,0,0,0,418,385,6,0,16,10,0,301,287,7,0,9,0,0
30019000002,227,218,3,0,5,0,0,179,174,1,0,3,0,0,162,150,10,0,0,3,0,122,117,7,0,0,0,0,171,164,0,0,7,3,0,122,121,0,0,3,0,0
3003100065B,3358,3126,77,23,47,86,10,2637,2486,53,14,31,55,4,4911,4460,144,0,63,283,0,3752,3389,104,0,28,232,0,4866,4510,61,40,17,251,0,3747,3444,59,3,16,223,0
3003100065C,2964,2764,64,18,44,70,7,2369,2234,46,9,35,43,2,4655,4206,155,4,99,203,0,3721,3331,134,0,80,176,0,4950,4511,131,20,80,190,0,4008,3621,129,1,79,182,0
3003100068B,3454,3224,120,24,70,44,0,2308,2191,60,5,42,26,0,3710,3500,55,42,124,0,0,2624,2553,44,0,37,0,0,4049,3641,273,0,132,0,0,2977,2730,209,0,41,0,0
3003100068C,3184,2974,112,15,55,38,1,2145,2039,52,7,26,18,1,3574,3409,41,27,87,0,0,2588,2523,38,0,19,0,0,3936,3663,185,7,86,0,0,2860,2694,145,0,19,0,0
3004700POL1,1366,998,39,9,318,8,0,1064,830,22,2,210,6,0,1452,1119,28,32,304,1,7,1169,970,19,0,184,0,0,1577,1257,27,37,286,3,6,1253,1065,19,0,172,0,0
3009300027S,579,551,9,1,17,6,0,451,432,6,1,12,1,0,522,483,6,1,19,16,0,427,401,5,0,17,1,0,514,485,5,0,17,16,0,398,371,5,0,18,1,0
3009300026W,324,306,7,3,9,3,0,253,240,4,2,8,3,0,302,283,5,1,9,7,0,250,237,3,0,9,3,0,308,288,4,0,9,7,0,244,228,4,0,9,3,0
30093000028,194,188,3,0,3,0,0,149,145,1,0,0,0,0,180,166,0,0,10,3,0,132,126,0,0,0,3,0,186,173,0,0,11,3,0,133,129,0,0,0,3,0
3009300026E,131,123,4,0,4,0,0,102,98,2,0,3,0,0,130,120,2,1,4,1,0,101,97,1,0,1,1,0,136,130,1,1,3,2,0,104,100,1,0,1,1,0
3009300008E,2854,2688,67,16,30,57,1,2224,2124,39,4,21,40,1,2699,2493,114,0,88,54,0,2173,2036,76,0,35,24,0,2649,2510,78,0,72,31,0,2118,2029,48,0,25,10,0
30029000033,1237,1130,37,5,73,12,0,931,868,20,1,41,9,0,1192,1122,21,1,23,21,0,1030,976,18,1,19,22,0,1001,952,4,0,15,28,0,877,837,1,0,14,26,0
30029000003,1853,1720,40,15,57,20,0,1455,1365,25,6,36,13,0,2012,1817,101,20,88,16,0,1598,1508,39,5,39,5,0,2155,1944,113,19,90,16,0,1681,1575,53,0,47,8,0
30029000002,2231,2022,76,20,89,35,2,1754,1614,44,13,59,29,2,2364,2167,125,34,66,6,0,1860,1733,67,2,47,2,0,2409,2200,131,41,88,9,0,1984,1847,69,0,64,3,0
30029000043,2665,2533,48,14,54,15,1,2045,1959,29,6,39,8,0,2833,2669,54,44,52,21,1,2130,2036,32,19,19,13,0,3143,2958,58,31,43,54,2,2352,2254,34,17,24,15,0
30029000011,1733,1654,21,7,34,15,1,1345,1294,11,3,28,9,1,1778,1621,60,12,7,51,22,1384,1299,28,6,4,32,10,1894,1718,40,8,8,52,66,1500,1401,34,4,5,29,0
30029000042,2384,2266,58,12,39,14,6,1918,1839,37,5,34,4,5,2698,2561,48,25,55,10,8,2178,2078,43,5,41,3,0,2764,2559,116,20,101,8,2,2216,2093,52,5,56,4,0
30029000029,2661,2499,85,13,41,30,4,1950,1843,53,6,31,19,4,2882,2761,26,34,19,50,0,2163,2093,19,29,17,13,0,2779,2673,32,24,21,33,0,2153,2086,20,20,15,17,0
30029000004,2278,2100,48,14,67,45,7,1731,1615,34,9,43,31,2,2644,2554,48,10,41,17,1,2139,2076,30,8,27,4,0,2697,2567,71,5,63,11,2,2128,2048,46,2,28,3,0
30029000048,1361,1300,21,4,25,11,1,1052,1015,12,2,17,7,1,1510,1425,51,12,29,0,0,1186,1119,31,7,28,0,0,1498,1401,69,12,26,0,0,1178,1094,47,6,28,0,0
30029000007,1896,1801,41,6,39,18,1,1422,1364,20,3,26,8,1,2297,2122,51,9,113,4,0,1793,1634,49,6,98,0,0,2344,2159,61,7,87,36,0,1765,1609,58,4,77,13,0
30029000020,2834,2666,70,25,53,47,5,2281,2165,47,10,37,27,2,3209,3093,40,0,56,20,0,2627,2537,39,3,46,0,0,3295,3174,60,0,49,13,0,2747,2646,58,3,43,0,0
3009300009W,119,115,2,1,1,1,0,92,90,1,0,1,0,0,161,144,5,0,1,10,0,122,108,5,0,0,10,0,157,137,6,0,3,11,0,119,101,6,0,2,10,0
30093000006,2858,2727,75,3,37,22,4,2286,2203,45,0,23,16,3,3217,3033,110,0,72,45,0,2559,2475,40,0,31,7,0,3237,3017,153,0,66,74,0,2484,2395,55,0,27,2,0
30029000013,2746,2619,53,17,32,25,4,2180,2094,30,12,26,22,2,2138,2097,3,36,0,2,0,1698,1693,4,0,0,0,0,2165,2129,16,16,16,4,0,1916,1899,15,0,0,0,0
30029000038,2690,2541,61,22,53,17,4,2226,2124,38,12,43,9,3,2888,2542,114,40,134,65,15,2382,2169,62,0,81,55,0,2894,2559,148,30,141,27,3,2410,2210,70,3,96,25,0
30029000017,398,383,2,0,13,2,0,332,319,1,0,11,1,0,331,295,1,0,33,0,0,298,266,1,0,32,0,0,336,288,1,0,37,0,0,288,247,1,0,36,0,0
30029NAHD15,5,5,0,0,0,0,0,5,5,0,0,0,0,0,5,5,0,0,0,0,0,5,5,0,0,0,0,0,6,6,0,0,0,0,0,5,5,0,0,0,0,0
30029000023,1948,1832,20,9,73,23,4,1565,1481,13,2,57,12,2,1460,1348,10,0,105,1,0,1258,1147,8,0,105,3,0,1537,1370,8,0,166,0,0,1237,1071,8,0,165,0,0
30029000008,1401,1340,15,1,39,8,0,1082,1048,11,1,21,5,0,1454,1373,26,1,39,14,0,1077,1046,5,0,15,11,0,1698,1617,24,1,28,21,4,1247,1213,12,0,5,12,1
30029000014,1234,1174,23,3,25,11,2,962,923,16,2,20,6,2,1270,1253,1,0,14,1,0,956,937,1,0,14,1,0,1299,1279,1,0,20,0,0,969,949,1,0,20,0,0
30029NAHD10,0,0,0,0,0,0,0,0,0,0,0,0,0,0,0,0,0,0,0,0,0,0,0,0,0,0,0,0,0,0,0,0,0,0,0,0,0,0,0,0,0,0
30029000018,2699,2552,46,5,64,19,12,2125,2028,25,0,46,13,5,3246,3132,37,20,82,0,0,2574,2482,20,12,57,0,0,3137,2963,47,74,153,0,0,2622,2505,30,8,67,0,0
30029000031,3559,3324,88,13,78,54,8,2541,2415,45,5,49,28,4,4275,4021,201,0,31,17,0,3009,2905,57,0,32,15,0,4704,4465,43,71,131,24,0,3236,3060,2,71,84,25,0
30029000006,3536,3350,70,10,53,50,4,2632,2515,44,5,38,27,4,3619,3435,86,20,22,52,0,2726,2586,80,20,18,20,0,4016,3820,54,11,20,97,0,2985,2858,53,12,17,31,0
30029000005,2631,2461,62,14,76,26,2,1967,1861,39,7,50,19,2,3354,2846,145,38,230,110,23,2432,2191,78,25,107,5,0,3193,2654,166,77,147,185,21,2300,2046,92,43,92,7,0
30029000034,2525,2388,60,6,46,24,2,1896,1804,38,2,33,18,1,2975,2808,16,19,46,92,60,2281,2126,13,12,45,25,0,2730,2574,30,25,20,85,52,2067,1929,15,22,15,30,0
30029000015,2055,1959,30,13,43,15,4,1521,1462,18,7,27,10,3,2199,2024,39,21,47,77,8,1644,1532,34,6,26,45,3,2206,2031,40,5,75,60,10,1620,1504,29,4,38,31,5
30019000006,487,457,7,1,21,1,0,382,366,5,1,7,1,0,572,537,27,0,5,1,0,457,428,27,0,3,1,0,546,510,21,0,16,2,0,435,400,18,0,13,1,0
30019000005,530,496,10,2,21,3,0,413,400,8,0,9,2,0,619,582,27,0,9,5,0,498,466,25,0,7,3,0,595,550,19,0,16,5,0,472,432,19,0,15,3,0
30007000007,1190,1115,35,3,36,3,1,915,875,21,2,25,1,1,1243,1169,58,2,14,0,0,952,894,44,2,13,0,0,1297,1211,64,2,12,6,6,980,912,51,2,10,0,0
30093000029,121,118,2,0,2,0,0,93,90,0,0,0,0,0,113,102,0,0,5,2,0,80,78,0,0,0,2,0,117,103,0,0,6,2,0,81,79,0,0,0,2,0
3009300019W,75,70,1,0,1,0,0,58,56,0,0,1,0,0,72,68,0,0,4,0,0,55,54,0,0,0,0,0,75,70,1,0,4,0,0,56,55,0,0,0,0,0
3009300009E,890,853,18,3,20,1,2,679,665,11,2,8,1,0,953,864,16,3,34,42,2,703,647,14,0,3,41,0,976,877,17,3,40,42,2,703,637,15,0,10,43,0
3009300009N,1127,1093,8,3,17,6,0,870,845,7,1,11,3,0,1563,1414,39,0,0,110,0,1191,1037,40,0,0,112,0,1591,1383,64,0,25,119,0,1187,978,64,0,25,119,0
30009000008,719,685,14,7,11,3,1,591,568,7,4,8,3,1,831,777,31,16,1,4,0,721,668,30,17,1,6,0,789,725,43,15,3,6,0,693,625,41,14,3,6,0
30009000009,699,659,15,5,19,5,1,590,558,11,3,15,1,1,564,532,16,6,12,2,0,480,447,15,7,13,2,0,578,535,22,5,17,2,0,493,450,22,5,16,2,0
30009000010,706,679,12,7,7,4,1,582,563,5,7,6,4,0,866,782,77,4,2,1,0,677,640,31,4,1,1,0,842,730,101,4,1,5,0,693,634,52,4,1,1,0
30093000022,2844,2648,101,18,73,18,4,2154,2029,63,8,50,12,4,2976,2756,159,6,45,15,0,2162,1999,104,0,48,15,0,3002,2693,246,6,38,42,22,2240,2056,131,0,20,10,0
30009000006,612,590,8,0,10,0,0,495,483,3,0,6,0,0,689,651,3,0,22,11,1,573,548,3,0,16,1,1,640,604,3,0,20,7,0,545,519,1,0,15,3,1
30009000005,606,585,12,3,11,2,1,494,474,10,2,8,1,1,686,648,13,1,13,5,1,566,544,12,0,13,1,1,675,649,7,1,15,4,1,555,536,6,0,13,1,1
30009000011,1204,1161,17,6,20,1,1,985,960,13,3,15,1,1,1205,1141,8,6,39,17,1,1036,995,6,2,27,12,1,1138,1062,9,4,45,17,1,983,943,6,1,37,13,1
30009000015,1101,1056,30,1,12,1,0,879,852,18,0,9,1,0,1203,1159,24,2,15,5,1,965,923,21,0,15,1,1,1258,1213,20,3,19,3,1,978,941,17,0,16,1,1
30009000001,834,803,15,2,11,5,2,657,637,10,1,5,3,2,884,824,28,11,24,1,0,697,657,19,0,23,0,0,995,940,29,13,16,0,0,756,721,23,0,16,0,0
30003000021,820,127,13,6,680,3,1,533,99,7,5,425,2,1,771,82,10,0,680,1,0,525,74,6,0,445,4,0,828,86,7,0,736,0,0,554,78,6,0,470,0,0
30009000007,878,838,25,8,7,1,0,707,680,14,2,5,1,0,910,893,12,1,12,2,0,717,704,12,1,5,3,0,972,956,7,2,6,0,0,771,755,8,2,5,0,0
30009000003,920,882,16,5,17,5,0,711,688,11,3,11,3,0,945,873,10,11,31,1,0,709,665,5,9,32,1,0,909,842,7,14,26,3,0,745,703,5,13,26,0,0
30009000004,701,668,10,3,17,3,0,551,533,6,1,10,2,0,799,742,37,0,22,0,0,670,632,25,0,16,0,0,843,806,13,0,24,0,0,687,657,8,0,21,0,0
30003000005,605,64,13,1,536,4,1,400,52,5,1,337,2,0,797,85,37,0,708,0,0,491,62,29,0,398,0,0,830,79,30,0,748,0,0,510,68,23,0,419,0,0
30003000026,1709,194,89,11,1494,2,0,989,163,38,6,812,1,0,1760,165,107,0,1512,0,0,1128,134,50,0,950,0,0,1620,156,116,5,1409,0,0,1036,139,49,4,840,0,0
30003000007,1999,249,45,7,1734,4,2,1267,194,27,5,1066,4,1,2358,255,161,0,2008,0,0,1460,201,61,0,1203,0,0,2424,225,152,8,2105,0,0,1504,188,53,9,1264,0,0
3000300004N,333,264,18,3,52,7,0,259,217,13,0,34,4,0,363,290,2,0,72,0,0,294,253,1,0,40,0,0,310,283,1,0,27,0,0,263,247,1,0,15,0,0
30003000025,482,131,12,0,349,0,0,327,105,7,0,219,0,0,398,83,3,0,311,0,0,291,77,1,0,212,0,0,429,95,1,0,340,0,0,309,85,1,0,221,0,0
30003000001,385,99,8,0,280,2,0,255,78,6,0,173,2,0,406,83,41,4,283,2,0,259,73,9,1,177,0,0,404,89,33,3,285,3,0,266,74,7,2,181,1,0
30095000011,351,342,4,0,2,0,0,298,292,2,0,0,0,0,391,378,14,0,1,5,0,335,331,4,0,2,0,0,351,346,4,0,0,0,0,320,314,4,0,2,0,0
30095000010,227,222,5,0,1,0,0,195,187,2,0,1,0,0,254,243,6,0,1,5,0,220,218,5,0,2,0,0,226,218,5,0,1,0,0,206,201,5,0,2,0,0
30095000013,1732,1649,52,4,32,9,2,1372,1323,32,1,21,6,0,1511,1404,48,2,59,10,0,1262,1191,36,4,31,0,0,1655,1545,43,10,59,3,0,1365,1304,36,4,26,4,0
30095000001,3856,3648,99,16,67,39,10,2946,2814,57,10,46,27,5,4488,4036,245,18,118,71,12,3224,2953,171,20,62,8,0,4324,3880,261,4,110,69,0,3086,2855,161,3,53,12,0
30003000010,148,19,3,0,127,0,0,93,16,0,0,75,0,0,144,12,4,0,125,0,0,98,7,1,0,80,0,0,140,19,4,0,114,0,0,92,8,1,0,81,0,0
30003000006,115,95,1,0,11,1,0,91,78,1,0,5,1,0,122,107,0,0,17,0,0,100,93,0,0,10,0,0,103,103,0,0,0,0,0,91,91,0,0,0,0,0
30093000003,945,878,39,6,32,3,3,734,691,23,3,20,1,2,886,773,104,7,4,0,0,656,598,53,1,1,0,0,738,684,36,9,6,0,0,575,548,26,3,3,0,0
30029000041,2962,2781,58,23,66,45,3,2408,2295,37,11,40,27,3,3123,2981,35,5,43,63,0,2284,2220,27,4,25,25,0,3101,2956,42,24,50,59,0,2456,2393,23,4,25,22,0
301110047.2,4433,4101,120,57,114,40,8,3711,3481,78,36,78,31,5,4412,4048,88,60,95,109,20,3526,3299,85,41,61,25,20,4544,4092,147,57,134,140,9,3627,3362,119,38,66,35,10
301110048.1,5522,4874,239,82,306,68,22,4488,4069,149,45,200,49,14,5782,5414,244,32,88,17,0,4675,4370,220,16,71,4,0,5811,5269,252,25,259,30,0,4575,4197,176,7,196,2,0
300670060DL,1526,1434,46,6,45,9,2,1184,1128,23,4,26,6,1,1403,1337,63,8,5,0,0,1199,1147,44,0,4,0,0,1362,1325,37,0,4,0,0,1060,1039,14,0,4,0,0
300670060CL,1549,1480,29,5,24,11,8,1190,1155,13,4,12,7,2,1528,1426,79,0,18,10,1,1172,1133,20,0,16,1,0,1481,1408,55,0,12,12,3,1123,1110,0,0,12,3,0
3006700060A,1269,1191,32,6,31,5,1,979,932,20,2,22,4,1,1278,1213,37,9,24,7,1,1052,1013,23,0,21,1,0,1262,1208,27,0,15,8,3,1040,1008,18,0,13,3,0
3006700059A,1375,1331,26,0,14,0,0,1110,1080,14,0,7,0,0,1465,1388,63,6,11,0,0,1170,1112,52,0,0,0,0,1530,1450,63,2,11,9,0,1196,1147,45,0,0,0,0
3006700059B,1844,1774,20,7,24,13,5,1502,1454,14,5,20,9,2,1829,1707,37,9,76,9,0,1528,1427,27,3,76,3,0,1944,1821,32,5,64,19,1,1591,1490,22,3,62,14,0
301110044.1,2243,2023,96,19,84,35,4,1689,1553,51,10,58,24,3,2233,2077,43,11,98,21,0,1727,1629,39,0,62,1,0,2316,2185,39,12,77,27,0,1815,1716,36,0,66,1,0
30111040-45,1752,1635,31,6,62,12,10,1272,1209,15,5,37,8,6,1800,1654,33,0,95,5,15,1437,1337,11,0,73,0,0,1933,1806,38,0,82,7,0,1511,1446,8,0,62,0,0
301110043.3,7282,6456,308,92,411,76,15,5336,4881,169,36,224,51,7,7779,6518,594,120,563,253,0,5537,4951,257,26,165,132,0,7570,6247,631,206,732,145,0,5488,4813,324,51,169,127,0
301110053.3,1645,1566,23,6,34,13,3,1187,1138,13,3,22,8,3,2043,1956,27,20,46,2,0,1599,1556,10,17,19,3,0,2224,1993,32,10,54,42,121,1646,1598,14,6,17,10,0
301110054.2,1656,1529,42,21,65,7,4,1273,1192,26,14,44,7,2,2154,2023,81,15,36,13,0,1657,1560,54,4,32,4,0,2198,1974,162,22,41,12,3,1615,1477,91,9,36,4,0
301110039.2,3616,3317,148,24,126,20,5,2724,2552,92,10,72,9,1,3852,3620,124,2,105,8,0,2919,2767,83,0,66,0,0,4123,3750,176,10,189,4,5,3037,2824,125,0,88,0,0
301110039.1,359,329,11,0,12,0,0,267,253,2,0,5,0,0,304,284,13,0,1,0,0,225,215,11,0,0,0,0,449,367,37,3,41,0,0,291,265,17,0,6,0,0
301110042.1,156,142,7,1,7,2,0,120,109,5,0,3,1,0,152,134,5,0,13,0,0,114,100,5,0,8,0,0,145,126,2,0,16,0,0,115,103,2,0,9,0,0
301110040.1,3786,3538,73,25,148,17,6,2776,2641,42,7,86,11,3,3650,3426,54,39,129,2,0,2698,2598,26,4,71,2,0,4255,3882,122,68,187,7,6,3006,2883,35,16,71,1,0
301110046.1,424,389,13,2,17,5,0,293,270,7,1,8,2,0,493,441,29,2,17,0,0,322,293,16,0,16,0,0,474,440,16,5,17,0,0,327,305,7,0,13,0,0
301110049.2,4386,3835,230,64,198,86,7,3516,3173,139,39,124,52,3,4109,3656,185,85,184,33,0,3290,3007,136,70,65,10,0,4144,3700,129,103,223,25,0,3207,2939,89,85,90,0,0
30013000023,9872,8220,407,235,979,181,20,7969,6865,250,148,638,125,16,9772,7634,685,357,1241,184,89,7772,6337,362,223,695,113,20,10332,7825,836,462,1407,209,85,8200,6508,483,284,717,137,25
30013000025,9834,8536,344,225,671,140,39,7669,6798,219,132,437,102,21,9824,8538,405,221,551,167,117,7621,6707,324,153,335,61,2,10074,8837,286,218,618,190,139,7616,6774,232,142,382,63,2
3001300022A,7260,6245,236,95,618,114,24,5536,4906,134,50,399,70,12,7417,6051,135,159,951,146,6,5692,4935,106,54,522,60,4,7137,5739,243,160,891,169,0,5574,4761,158,59,501,94,0
3001300020B,2223,2023,45,32,98,42,2,1696,1575,30,16,59,24,1,2503,2265,48,3,177,12,0,1920,1758,38,2,109,10,0,2273,2054,35,6,169,22,0,1789,1658,24,3,97,15,0
300130019B2,1983,1888,33,2,52,7,0,1605,1532,22,1,40,5,0,1872,1774,25,9,39,29,0,1535,1468,22,6,32,4,0,1906,1790,25,11,39,42,0,1540,1471,21,8,31,4,0
300130019A2,2102,1961,23,26,85,22,1,1596,1502,13,12,58,14,1,1937,1830,11,17,65,17,2,1458,1399,12,17,35,2,0,1955,1782,70,16,73,14,3,1453,1384,17,16,33,2,0
3001300022B,2532,2295,52,10,139,44,8,1950,1790,30,5,99,26,6,2184,2019,0,13,140,10,0,1585,1461,0,0,125,3,0,2386,2208,2,19,148,7,0,1777,1651,0,0,125,0,0
300130019A4,1007,897,21,14,73,9,0,794,712,18,7,57,7,0,1179,1050,20,12,80,15,2,927,810,18,12,77,10,2,1123,984,32,21,76,15,2,886,764,27,22,69,5,2
300130019A3,713,617,17,10,64,5,2,570,488,15,9,55,5,2,744,619,17,15,92,2,0,626,500,17,16,89,2,0,658,529,12,29,88,2,0,602,474,12,30,84,2,0
300130019A1,1013,922,15,11,59,8,2,795,728,10,5,46,6,2,988,876,8,23,68,10,2,785,698,9,23,45,4,0,986,862,10,26,74,8,3,797,711,6,27,41,4,0
30013000024,9791,8224,403,221,896,171,40,7465,6476,256,117,537,132,24,9008,7583,452,200,820,104,25,6875,6053,329,68,373,24,4,8682,7492,329,141,717,60,31,6727,6009,208,101,400,14,4
30003000003,225,173,11,1,38,2,0,169,142,6,0,21,2,0,236,192,2,0,39,1,0,190,164,1,0,21,0,0,216,186,7,0,21,6,6,170,159,4,0,8,0,0
30003000019,1492,767,112,13,606,24,2,1100,647,62,4,377,19,2,1495,752,330,18,403,36,0,1014,660,133,0,224,2,0,1438,698,254,8,459,92,69,996,608,109,1,267,0,0
30003000004,157,84,9,1,61,4,0,111,67,4,0,34,1,0,157,99,6,0,52,3,0,105,78,3,0,21,0,0,170,87,15,0,60,12,12,108,69,7,0,26,0,0
30003000014,430,120,9,0,306,3,0,291,94,6,0,195,1,0,342,77,3,0,265,0,0,257,71,2,0,185,0,0,377,78,2,0,288,0,0,267,79,2,0,192,0,0
30003000008,370,166,7,0,199,0,0,260,141,4,0,115,0,0,354,132,0,13,209,0,0,225,106,0,2,114,0,0,376,184,0,12,175,3,0,252,143,0,2,99,2,0
30003000015,733,150,16,0,574,1,0,503,122,11,0,375,1,0,626,153,9,0,467,0,3,414,130,4,0,282,0,4,645,173,33,0,463,0,6,445,144,19,0,282,0,4
30003000002,251,112,3,0,133,0,0,177,94,3,0,75,0,0,245,91,0,13,139,0,0,153,71,0,1,76,0,0,257,129,0,11,114,2,0,169,95,0,1,69,1,0
30003000017,1202,591,77,10,538,19,0,834,499,44,6,290,14,0,1349,462,61,49,811,14,0,844,392,33,9,413,5,0,1273,460,76,44,688,65,65,777,380,39,5,347,0,0
3001300020A,7741,7215,173,64,174,134,4,5898,5596,87,27,116,83,2,8182,7190,523,17,181,256,14,6090,5572,192,0,154,161,13,8549,7506,516,19,197,306,12,6296,5744,198,0,172,164,13
3001300019C,1294,1244,11,7,31,5,2,1005,968,7,3,20,4,0,1458,1372,4,16,67,0,0,1068,1023,4,14,30,0,0,1409,1351,3,5,56,0,0,1042,1019,4,0,22,0,0
30013000030,896,866,6,1,12,7,5,691,668,4,1,10,4,4,854,815,8,1,23,4,1,642,620,6,0,11,1,0,825,796,9,1,14,4,1,619,607,6,0,6,1,0
3001300019D,1094,1050,10,5,20,11,1,820,797,6,1,13,5,1,1006,930,17,5,44,17,5,770,724,13,0,28,3,0,995,945,22,4,11,19,4,763,730,13,0,9,3,0
3001300019E,574,540,8,6,23,3,2,454,435,4,2,15,2,2,632,600,9,1,21,0,0,502,476,4,1,17,0,0,588,566,3,0,21,0,0,472,453,0,0,13,0,0
3001300026B,3557,2595,385,412,72,160,28,2412,1790,241,269,40,95,16,4221,2929,660,525,44,108,19,2849,1997,468,300,17,55,0,4282,2978,640,536,47,130,26,2906,2029,447,316,27,63,0
30013000027,1240,1145,20,6,59,9,1,912,854,15,5,35,6,1,1212,1079,2,0,71,20,5,964,888,1,0,63,12,0,1133,987,5,19,76,11,0,886,815,5,0,64,0,0
300130019B1,121,117,0,0,3,0,0,95,93,0,0,2,0,0,143,142,0,0,2,0,0,95,95,0,0,2,0,0,146,142,0,0,4,0,0,98,97,0,0,2,0,0
3001300026A,6519,5559,220,128,585,84,14,5156,4488,131,75,422,58,12,6377,5311,317,191,457,111,74,5182,4408,229,113,338,52,13,6344,5178,339,224,490,144,106,5120,4306,282,100,298,60,13
3001300021A,8960,8088,245,140,451,105,17,6812,6240,144,72,303,71,14,9112,8294,223,93,319,171,15,6983,6490,129,34,281,58,0,8850,8153,265,76,294,33,17,6837,6345,176,17,255,33,0
3001300021B,934,792,37,11,96,12,0,748,655,21,6,62,8,0,1063,938,0,0,124,1,0,795,730,0,0,65,0,0,941,814,0,0,126,0,0,724,663,0,0,60,0,0
30099000001,2653,2512,33,4,93,10,1,2074,1972,18,2,81,6,1,2594,2382,56,19,122,13,18,2031,1879,46,18,78,0,0,2619,2414,56,35,111,0,3,2036,1894,36,33,77,0,0
30099000011,441,430,1,0,10,0,0,327,313,1,0,7,0,0,328,312,3,3,7,0,0,247,235,3,2,5,0,0,335,324,5,4,5,0,0,250,239,3,2,5,0,0
30029000037,3809,3549,118,21,83,47,7,2707,2544,70,9,56,26,5,4382,4144,13,17,59,161,20,3078,2961,12,16,57,24,0,4290,4108,16,0,76,89,21,3060,2929,17,0,75,22,0
3001300022C,67,61,0,0,4,0,0,49,46,0,0,1,0,0,58,52,0,0,3,0,0,49,46,0,0,1,0,0,54,46,0,0,4,0,0,46,42,0,0,3,0,0
30095000009,324,310,10,0,5,2,3,243,230,7,0,5,1,3,297,281,2,0,11,0,0,243,227,0,0,11,0,0,337,328,0,0,10,0,0,272,262,0,0,10,0,0
30095000007,97,91,3,1,1,1,1,72,70,1,1,1,1,1,86,83,1,0,4,0,0,73,68,1,0,4,0,0,102,100,0,0,4,0,0,82,80,0,0,3,0,0
30095000002,2164,2083,30,16,34,11,0,1615,1565,20,6,21,8,0,2031,1984,41,0,13,0,0,1659,1627,27,0,5,0,0,2079,2001,52,28,8,0,0,1679,1639,13,22,1,0,0
301110055.1,990,894,35,6,51,13,6,758,700,22,4,28,8,5,1142,978,126,23,15,0,0,816,719,66,17,17,0,0,1044,912,112,12,8,0,0,705,662,38,0,6,0,0
301110055.2,148,134,5,1,8,2,1,114,105,3,0,5,1,1,172,147,18,4,2,0,0,123,109,10,2,2,0,0,157,138,16,1,1,0,0,105,100,5,0,1,0,0
301110040.3,808,758,20,5,23,5,4,586,555,10,3,9,2,1,811,728,30,0,42,5,0,632,579,20,0,27,1,0,840,786,23,0,25,5,0,645,611,18,0,13,1,0
301110043.1,948,878,24,11,26,12,2,689,657,12,3,16,6,2,1116,1045,41,6,17,4,0,776,753,13,6,12,6,0,1143,1024,85,8,18,2,0,794,757,14,8,12,3,0
30003000018,974,475,59,7,442,11,0,663,389,34,3,244,7,0,998,491,56,13,442,20,0,622,393,33,1,197,3,0,1063,439,119,13,483,98,97,628,340,57,2,213,0,0
3003100067C,3883,3636,127,28,59,35,16,2804,2655,78,10,50,25,7,3828,3531,260,5,29,25,0,2868,2806,27,0,26,17,0,3613,3515,44,4,57,24,0,2904,2829,36,0,38,11,0
30029000035,2898,2699,78,19,88,29,9,2124,2003,43,9,65,20,4,3000,2762,95,18,91,58,0,2425,2227,87,1,75,30,0,3280,3104,67,13,69,50,0,2570,2428,60,1,50,18,0
30029000019,1953,1821,47,11,77,17,2,1424,1348,24,5,42,9,1,1964,1770,66,23,95,20,6,1541,1391,56,0,71,7,4,2182,1954,65,25,77,65,8,1654,1472,59,4,56,38,9
30029000039,1203,1132,27,4,31,8,0,981,933,18,2,23,8,0,1390,1290,11,15,63,12,0,1144,1107,2,4,27,9,0,1401,1326,6,11,35,17,0,1181,1122,3,4,32,18,0
30029000045,1936,1817,54,6,33,21,3,1585,1498,42,5,26,15,2,2663,2456,49,6,141,7,0,2168,2046,35,1,72,5,0,2470,2307,45,3,102,11,0,2035,1917,35,1,77,6,0
30029000049,1568,1484,34,10,20,23,0,1269,1218,22,5,11,15,0,1033,1033,0,0,0,0,0,920,920,0,0,0,0,0,1083,1083,0,0,0,0,0,952,952,0,0,0,0,0
30029000024,1315,1241,24,3,37,3,3,974,927,11,3,24,3,2,1214,1114,21,15,16,45,0,969,895,20,2,10,36,0,1208,1131,29,2,21,25,0,957,899,24,2,6,21,0
30029000036,2785,2680,38,6,41,19,9,2095,2020,26,3,28,11,5,2886,2702,40,25,70,45,5,2109,2012,36,7,19,27,4,3010,2866,39,17,38,37,6,2234,2149,30,5,14,22,7
30029000026,1283,1221,21,6,29,7,0,969,939,8,1,21,3,0,1205,1161,8,0,10,23,0,931,894,7,0,10,21,0,1236,1182,13,0,25,15,0,936,898,11,0,13,13,0
30029000050,2846,2658,84,9,93,17,7,2095,1967,44,6,70,14,4,2746,2339,324,3,127,27,19,2041,1795,186,0,34,18,10,2792,2339,340,9,139,39,23,2012,1736,197,0,39,24,15
3006700059C,1408,1344,23,12,22,13,2,1145,1102,14,7,20,10,2,1535,1455,16,13,36,13,1,1258,1199,11,7,36,5,0,1472,1397,15,8,20,36,3,1259,1190,10,7,18,30,0
3006700059D,1346,1284,31,2,16,18,3,1128,1084,19,1,13,11,3,1309,1230,47,0,15,10,9,1079,1038,17,0,13,11,0,1278,1154,61,0,16,27,19,1108,1038,27,0,15,26,0
301110048.2,4229,3796,174,65,182,51,5,3294,3061,87,23,98,34,3,4429,3980,210,91,143,22,0,3371,3138,103,45,89,0,0,4187,3617,305,115,190,30,0,3263,2969,164,39,97,0,0
30029000001,1283,1182,49,6,37,23,1,992,929,34,4,24,11,1,1370,1193,87,0,69,7,0,1081,978,55,0,43,8,0,1482,1260,117,21,74,16,0,1133,1005,69,0,43,10,0
301110046.2,9431,8847,226,69,178,123,13,7599,7252,127,29,112,79,8,9386,8714,199,71,144,350,46,7577,7130,146,30,103,115,0,9408,8758,158,78,112,372,53,7306,6910,120,24,97,130,0
301110052.1,5177,3923,531,152,669,35,24,3848,3138,312,65,372,19,13,4805,3417,644,114,523,69,0,3569,2792,433,14,316,18,0,4766,3450,573,135,508,69,0,3510,2751,383,21,336,19,0
301110050.1,5308,4280,510,108,435,58,9,4126,3467,318,65,271,42,6,5663,4469,436,176,533,62,18,4363,3557,301,80,375,57,5,5241,4239,332,162,487,68,15,3864,3260,185,37,347,46,5
301110044.3,2979,2715,115,44,84,31,4,2243,2097,62,13,52,14,4,3141,2994,71,4,29,32,0,2317,2235,37,3,22,23,0,2932,2672,147,6,48,61,0,2243,2064,106,7,33,34,0
301110043.2,1562,1392,59,11,85,10,2,1138,1051,35,3,45,6,1,1833,1598,119,3,80,48,0,1262,1177,42,2,15,5,0,1787,1517,175,3,111,34,0,1270,1135,79,2,15,28,0
301110052.2,4642,4137,204,81,226,60,11,3656,3357,119,38,135,32,5,4694,4269,255,46,121,34,0,3635,3461,81,21,52,14,0,4637,4144,267,72,136,76,0,3572,3365,102,35,47,19,0
30029000044,2394,2285,45,10,41,18,6,1885,1809,29,8,30,13,5,2717,2455,68,8,167,9,0,1964,1837,38,2,76,4,0,2677,2476,72,5,96,16,0,2013,1900,44,1,56,7,0
30029000047,2170,1997,70,27,50,25,9,1729,1621,45,15,30,22,7,2647,2569,56,0,37,19,0,2249,2195,57,0,2,0,0,2751,2662,74,0,55,10,0,2270,2188,72,0,4,0,0
30029000016,2038,1886,45,15,79,19,1,1561,1455,25,7,56,18,1,2458,2350,43,0,49,17,0,1848,1775,18,0,48,7,0,2484,2439,2,0,28,14,0,1931,1893,2,0,28,5,0
30011000013,334,324,2,2,4,0,0,273,268,2,0,2,0,0,422,414,2,0,9,0,0,328,317,2,0,5,0,0,428,419,0,0,11,0,0,328,319,0,0,5,0,0
3003100063B,2930,2594,83,37,92,130,11,2757,2467,71,30,71,118,10,3227,2828,112,65,108,137,11,2832,2564,90,26,80,54,7,3401,3006,118,62,97,142,8,3060,2786,100,20,77,71,3
300670060GL,1377,1324,24,1,16,8,1,1095,1061,17,0,13,4,1,1852,1619,8,88,130,0,0,1301,1202,8,57,38,0,0,1859,1574,63,99,166,0,0,1422,1197,63,89,75,0,0
301110049.1,5348,3825,682,141,743,68,15,4292,3225,462,93,515,51,6,5427,4066,534,91,654,54,124,4087,3183,335,69,392,45,45,4620,3803,334,87,388,47,87,3873,3228,234,64,288,38,25
301110055.5,3482,3265,82,16,93,28,3,2616,2500,41,7,50,16,3,3586,3428,130,6,20,0,0,2726,2693,8,3,20,0,0,3637,3425,185,5,22,0,0,2860,2746,84,3,20,0,0
30017000007,328,316,7,2,6,2,0,249,241,4,1,5,1,0,365,354,7,2,6,2,0,284,273,2,2,7,2,0,357,328,22,1,7,2,0,277,263,6,2,7,2,0
301110050.2,4538,4021,223,61,212,62,17,3481,3179,112,27,136,41,9,4968,4465,29,187,233,17,75,3711,3371,10,61,195,14,60,4326,3857,69,105,238,41,62,3262,2951,39,25,182,24,35
300670060FL,1137,1075,26,8,20,11,0,953,907,20,3,17,9,0,1308,1183,100,23,4,0,0,1029,928,90,11,4,0,0,1433,1278,123,18,19,0,0,1190,1065,105,11,19,0,0
30009000016,507,492,6,0,4,0,0,412,404,1,0,1,0,0,487,464,0,0,10,0,0,415,398,1,0,5,0,0,478,458,0,0,14,1,0,414,393,0,0,9,2,0
30049000008,2098,1983,30,10,50,17,0,1732,1657,19,6,34,10,0,2246,2088,63,0,56,15,23,1865,1769,38,0,56,8,0,2216,2069,75,7,32,22,13,1821,1729,45,7,32,13,0
30093000018,1714,1469,105,20,128,16,7,1408,1229,78,13,96,11,4,1299,1206,35,20,43,0,0,1170,1094,35,0,43,0,0,1653,1480,67,0,104,1,0,1504,1335,63,0,102,1,0
3004700SWA2,201,193,5,0,2,0,0,170,165,3,0,0,0,0,192,170,6,0,13,0,0,169,152,4,0,9,0,0,194,170,9,0,10,3,0,167,148,7,0,6,0,0
3004700FER1,1138,1078,38,8,18,6,1,950,911,26,3,11,6,1,1080,953,45,0,81,0,0,952,868,34,0,57,0,0,1090,949,68,0,68,22,0,942,838,52,0,48,10,0
3004700BEA1,869,817,28,2,17,4,1,703,664,23,1,12,3,1,897,889,4,0,5,4,0,794,785,4,0,4,0,0,928,918,0,0,0,9,9,807,799,0,0,0,0,0
3004700SWA1,144,135,3,0,1,0,0,123,115,2,0,1,0,0,135,122,6,0,11,0,0,122,108,2,0,9,0,0,138,121,8,0,8,1,0,120,107,6,0,6,0,0
30049000024,2041,1924,46,7,48,24,7,1515,1443,25,3,34,16,1,2522,2337,22,3,128,47,0,1913,1815,16,1,58,18,0,2824,2622,25,0,110,77,5,2157,2065,20,0,49,18,0
30049000018,1914,1759,58,12,60,25,4,1455,1360,35,5,43,15,2,2287,2100,49,12,92,38,0,1771,1638,44,3,65,16,0,2193,2019,54,0,87,51,3,1709,1586,49,0,50,16,0
30049000004,1806,1706,37,7,47,10,2,1364,1298,23,5,34,6,2,1931,1810,10,51,57,1,0,1351,1301,1,0,51,1,0,1867,1699,12,60,89,4,1,1375,1294,1,0,79,1,0
30049000023,1956,1849,25,17,46,25,6,1446,1371,16,7,38,15,3,2023,1907,12,0,65,47,0,1562,1482,7,0,37,45,0,1976,1837,15,0,65,65,5,1473,1401,8,0,27,35,0
30049000003,1884,1790,34,9,38,16,1,1410,1356,20,4,26,10,1,2170,2075,8,11,68,13,0,1741,1701,5,0,37,5,0,2204,2067,10,30,101,44,5,1821,1753,5,0,37,6,0
30107000002,784,746,18,9,20,5,0,594,574,10,1,11,2,0,775,723,25,0,25,18,1,573,548,7,0,13,4,0,771,721,26,0,28,14,3,559,537,6,0,15,0,0
30107000001,382,363,6,5,6,5,3,292,278,6,3,3,5,1,334,301,6,0,11,17,5,234,217,5,0,11,5,0,350,317,6,0,12,14,5,241,223,3,0,12,3,0
30107000004,281,271,1,0,1,0,0,207,202,0,0,1,0,0,277,255,2,0,2,4,0,204,195,0,0,1,0,0,273,256,5,0,5,3,0,198,192,0,0,3,0,0
30107000009,593,560,6,4,12,2,0,462,446,4,1,6,2,0,623,599,21,0,18,6,1,467,463,2,0,4,1,0,616,574,28,0,28,5,1,455,442,5,0,4,1,0
30015000005,1267,19,57,12,1246,6,0,683,14,26,4,667,3,0,1163,16,90,9,1119,0,0,803,13,50,8,739,0,0,1137,13,102,4,1091,0,0,803,13,40,4,745,0,0
30081000021,1028,964,26,3,22,11,0,799,757,15,2,14,4,0,958,943,6,6,0,7,0,824,816,0,3,0,1,0,1068,1033,9,6,0,25,0,853,826,0,3,0,22,0
30049000016,2327,2166,49,14,82,21,2,1905,1805,29,7,54,15,2,2629,2361,61,84,71,71,0,2209,2038,56,25,38,59,0,2566,2298,56,78,78,69,0,2236,2047,56,28,51,60,0
30049000009,2098,1951,50,9,68,21,2,1664,1572,29,6,43,15,1,2034,1953,16,28,6,33,0,1618,1589,16,6,4,2,0,2279,2149,21,30,21,62,0,1703,1639,16,7,14,29,0
301110051.2,1105,973,46,8,71,11,1,853,776,26,2,40,3,1,1386,1239,45,18,56,25,1,1081,984,40,8,42,2,0,1564,1390,75,14,99,8,1,1201,1088,47,3,58,0,0
300630096SM,412,376,8,3,15,14,1,296,278,4,0,9,6,0,418,384,1,1,24,7,0,312,287,1,0,25,0,0,478,419,5,1,45,9,0,332,297,0,0,33,1,0
3006300094F,2388,2244,49,12,61,22,6,1825,1748,27,7,35,10,2,2406,2303,18,47,23,15,0,1758,1710,19,0,19,6,0,2171,2056,4,52,17,31,0,1687,1642,4,2,17,17,0
300630094SM,1261,1147,24,8,49,43,5,904,844,12,3,27,20,3,1271,1171,2,2,76,22,0,948,874,2,0,78,0,0,1458,1289,14,2,141,27,0,1016,906,0,0,101,2,0
30041000010,1240,809,51,19,387,13,8,844,595,22,6,222,8,4,1591,1034,71,18,557,0,0,968,629,33,0,305,0,0,1503,1047,80,25,457,0,0,901,624,29,0,242,0,0
30041000013,749,637,17,9,78,14,2,603,519,12,6,54,11,2,907,809,33,3,51,9,0,618,538,27,2,40,4,0,825,705,38,9,64,6,0,615,519,26,10,57,5,0
30049000007,2034,1852,47,19,92,29,5,1630,1517,25,8,57,19,4,2487,2202,81,88,55,82,9,1871,1679,72,31,46,33,3,2494,2209,101,89,41,71,10,1832,1625,91,39,41,30,4
30001000009,727,667,33,5,22,1,3,582,537,24,3,16,1,2,735,600,42,3,78,12,6,529,468,16,3,47,0,0,711,588,68,3,38,16,3,507,449,22,3,36,0,0
300630099RS,2297,2123,53,21,69,36,4,1828,1725,33,8,44,23,3,2954,2670,78,46,13,118,7,2203,2034,55,43,6,61,0,2780,2613,87,40,27,0,0,2075,1948,65,42,21,0,0
300630089UC,2224,1988,59,21,63,93,10,2152,1917,58,20,63,92,9,1908,1612,84,32,73,125,0,1789,1577,68,16,58,56,0,1779,1512,101,23,73,86,0,1655,1459,91,12,67,22,0
30085000015,569,78,5,0,488,1,0,368,64,3,0,301,1,0,536,67,43,0,459,0,0,349,54,4,0,294,0,0,577,59,48,0,505,0,0,377,45,4,0,329,0,0
30085000017,234,64,0,0,168,0,0,160,51,0,0,105,0,0,224,73,6,0,154,0,0,146,56,0,0,87,0,0,221,70,8,0,150,0,0,145,56,0,0,82,0,0
30085000016,990,139,10,0,848,1,0,628,120,6,0,509,0,0,969,163,0,0,808,0,0,612,139,0,0,480,0,0,905,148,1,0,757,0,0,569,136,0,0,435,0,0
30085000028,223,129,2,0,88,0,0,171,106,0,0,68,0,0,218,73,8,3,131,0,0,135,67,2,3,65,0,0,205,73,8,0,123,0,0,125,66,2,0,62,0,0
30009000002,591,570,8,3,6,2,0,438,427,4,2,6,2,0,477,473,0,0,0,4,1,364,364,0,0,0,4,0,480,469,0,0,3,6,3,382,373,0,0,4,4,0
30029000021,1698,1603,37,9,38,9,8,1303,1233,27,5,29,8,3,1599,1457,9,73,7,0,0,1313,1223,10,75,4,0,0,1620,1291,3,71,188,3,0,1237,1127,4,70,35,0,0
30029000025,2951,2760,76,13,82,29,3,2171,2050,40,5,53,20,2,3515,3016,313,34,195,46,0,2620,2270,194,0,140,12,0,3607,3103,438,67,36,22,0,2524,2264,268,0,0,0,0
301110051.3,4540,4008,179,69,254,45,8,3572,3256,111,24,154,30,5,4902,3647,209,21,887,157,8,3791,2973,208,22,424,155,0,5313,4307,256,59,605,149,4,4099,3485,199,8,251,150,0
30089000001,736,697,14,5,14,6,0,550,527,8,2,8,4,0,706,651,4,8,33,11,0,564,543,3,0,17,3,0,710,690,8,0,10,0,0,587,582,3,0,3,0,0
30089000002,676,646,9,3,13,3,0,526,507,5,1,9,2,0,620,591,1,9,15,5,0,510,493,1,4,9,1,0,670,647,7,4,7,4,0,558,546,1,4,2,0,0
301110044.2,4637,3989,238,75,330,61,13,3468,3094,130,36,178,43,6,5036,4199,208,68,343,253,0,3502,3169,90,38,154,73,0,4811,4019,171,60,417,171,0,3429,3112,99,22,163,34,0
30029000089,972,927,10,5,20,6,3,731,702,8,2,15,3,1,1096,1034,10,3,27,27,3,786,746,9,0,11,12,3,1141,1051,14,0,55,24,4,793,743,6,0,26,13,3
301110051.1,4212,3150,492,126,498,35,19,3177,2519,303,59,314,18,11,4787,3294,598,173,738,41,0,3549,2669,411,30,419,13,0,4822,3513,539,107,667,79,5,3599,2789,346,33,421,15,0
30003000009,435,28,5,1,406,0,0,275,20,1,0,251,0,0,455,19,5,0,431,0,0,290,16,0,0,275,0,0,484,15,2,0,465,0,0,308,15,0,0,293,0,0
301110040.4,448,417,11,4,13,6,0,325,305,8,1,9,4,0,679,586,55,0,36,2,0,469,420,34,0,11,2,0,756,650,59,0,47,3,0,529,469,42,0,18,2,0
301110040.5,276,257,6,2,7,3,1,201,189,4,1,4,2,1,418,362,35,0,21,1,0,288,258,20,0,6,1,0,466,402,36,0,27,1,0,326,288,25,0,11,1,0
30049000019,1908,1712,65,16,106,18,5,1383,1260,35,9,66,12,3,1942,1854,32,3,52,0,0,1351,1301,14,2,32,0,0,1876,1780,31,2,63,7,0,1278,1202,26,2,45,0,0
30049000027,2617,2443,77,12,60,24,0,1857,1751,48,6,43,14,0,3186,3023,80,0,63,19,0,2172,2086,37,0,36,7,0,3436,3229,122,0,70,17,2,2355,2252,56,0,36,9,0
30077000008,341,324,3,0,10,1,0,272,258,2,0,9,1,0,329,319,1,0,13,0,0,293,283,3,0,8,0,0,283,281,1,0,3,0,0,239,237,3,0,3,0,0
3006300100S,1592,1416,55,24,87,23,3,1319,1190,42,18,66,17,3,1692,1535,59,7,97,8,0,1418,1281,48,7,85,0,0,1745,1366,63,251,78,8,0,1364,1180,52,71,58,0,0
3006300100N,2325,2102,66,29,108,25,12,1977,1816,52,19,77,15,5,2810,2539,49,21,111,98,0,2350,2186,43,8,103,8,0,2969,2434,75,61,297,107,0,2253,2026,72,20,132,8,0
300630092Sw,551,530,3,2,12,3,2,470,456,3,1,7,3,2,570,539,31,0,28,0,0,491,491,0,0,0,0,0,571,484,32,0,75,4,0,473,440,0,0,29,0,0
30041000002,1094,819,29,7,235,15,1,848,668,18,3,149,11,0,965,678,61,0,204,18,0,718,555,24,0,129,10,0,1107,695,86,3,287,37,0,779,544,35,0,176,20,0
3004700POL2,1214,1012,30,3,161,8,5,961,830,16,1,106,6,3,1118,980,7,5,98,0,6,992,926,1,0,67,0,0,1191,968,5,6,188,0,4,965,864,1,0,97,0,0
3006300090R,1318,1147,61,21,71,36,0,1026,914,41,12,48,22,0,1600,1398,71,0,103,29,0,1301,1136,71,0,78,18,0,1549,1339,67,0,115,23,0,1213,1047,67,0,85,18,0
30005000008,821,346,33,1,466,0,1,589,287,21,1,296,0,1,873,315,63,0,538,5,0,660,280,45,0,325,4,0,832,312,59,12,495,7,0,635,270,40,4,319,4,0
30081000014,903,859,32,3,9,1,1,546,528,11,1,5,1,1,977,947,21,0,5,3,0,659,634,14,0,3,2,0,989,954,20,0,14,3,0,670,637,14,0,14,2,0
300630099MH,3109,2844,75,30,111,68,4,2431,2258,54,15,70,42,1,2964,2801,62,33,29,42,16,2439,2327,58,31,14,9,0,2890,2699,69,23,70,30,0,2307,2159,66,24,61,0,0
3009300010N,246,226,8,0,11,2,2,187,174,5,0,7,0,1,266,258,5,0,4,0,0,204,202,2,0,2,0,0,308,296,5,0,4,0,2,227,224,2,0,2,0,2
3009300010S,350,321,13,0,18,1,0,267,248,7,0,11,0,0,382,371,7,0,5,0,0,291,287,0,0,2,0,0,434,425,7,0,3,0,1,323,320,0,0,2,0,0
30093000004,1908,1824,48,9,32,7,0,1513,1459,33,4,17,6,0,1786,1706,55,9,16,1,0,1382,1346,24,1,15,0,0,1988,1874,88,13,14,1,0,1456,1432,12,2,14,0,0
30093000021,1141,1051,49,6,34,5,3,894,841,35,4,21,3,1,1075,954,96,19,16,0,0,791,741,47,0,0,0,0,927,830,70,21,19,0,0,761,707,42,3,3,0,0
3009300002W,1108,1015,48,8,33,5,4,869,815,35,2,24,3,0,1174,1015,136,20,27,0,0,868,784,76,0,7,0,0,1099,971,99,25,23,0,0,867,786,70,6,8,0,0
3009300002E,1189,1094,53,5,34,4,5,933,873,28,1,20,3,3,1246,1147,67,14,15,0,0,945,859,67,2,15,0,0,1278,1193,54,23,8,0,0,976,910,53,6,6,0,0
30029000032,2304,2097,80,21,95,37,5,1753,1619,50,13,65,24,3,2441,2225,100,56,93,52,22,1806,1648,61,36,51,8,0,2184,1967,114,49,116,41,23,1638,1483,78,28,55,0,0
301110056.1,537,508,11,1,14,4,0,419,399,8,0,9,4,0,459,406,0,0,20,33,0,376,355,0,0,10,8,0,557,527,0,0,30,0,0,474,454,0,0,20,0,0
300630092EM,1838,1676,44,10,91,12,7,1453,1346,29,5,62,10,6,1837,1708,48,8,51,23,0,1445,1346,33,10,55,6,0,1835,1730,25,0,76,5,0,1473,1378,13,0,75,3,0
30097000001,929,877,15,1,22,10,2,698,663,10,1,17,7,2,1095,996,62,0,35,0,0,786,701,45,0,37,0,0,960,880,47,0,34,0,0,721,639,45,0,35,0,0
3006300014S,400,381,8,1,7,1,0,318,306,5,0,5,0,0,321,298,8,0,7,12,0,272,257,8,0,1,7,0,350,342,0,0,0,8,0,302,297,0,0,0,5,0
3006300014N,397,377,9,3,6,3,1,316,304,5,1,6,1,1,318,297,9,0,6,12,0,271,256,9,0,1,8,0,348,338,0,0,0,9,0,299,293,0,0,0,5,0
30049000012,1828,1657,52,15,91,14,5,1350,1251,27,8,55,7,3,1758,1669,9,32,48,0,0,1254,1197,3,31,25,0,0,1833,1750,6,28,52,0,0,1237,1177,3,26,32,0,0
30093000001,555,502,26,3,18,4,3,436,406,17,1,10,3,2,629,567,55,3,9,0,0,484,442,42,0,5,0,0,564,516,43,4,8,0,0,464,423,34,0,3,0,0
